{"class": "malware", "name": "022bb8d4-a6ac-11e6-b1f6-80e65024849a.file", "apistats": {"SetUnhandledExceptionFilter": 1, "NtProtectVirtualMemory": 1, "NtAllocateVirtualMemory": 9, "NtFreeVirtualMemory": 4, "NtQueryValueKey": 1, "SetErrorMode": 1, "CreateActCtxW": 4, "LdrLoadDll": 15, "LdrGetProcedureAddress": 204, "NtClose": 2, "GetSystemInfo": 1, "LdrGetDllHandle": 3, "LoadStringW": 2, "RegOpenKeyExW": 3, "NtOpenDirectoryObject": 1, "RegCloseKey": 2, "RegQueryValueExW": 2, "GetFileAttributesW": 1, "NtOpenKeyEx": 5, "GetSystemTimeAsFileTime": 2}}