{"name": "03e5fe9e-8afb-11e7-8197-80e65024849a.file", "apistats": {"NtWriteFile": 12, "GetTempPathW": 1, "GetSystemDirectoryA": 3, "NtClose": 15, "NtQueryValueKey": 1, "RegQueryValueExA": 2, "CreateProcessInternalW": 1, "SetStdHandle": 4, "NtOpenKey": 3, "NtAllocateVirtualMemory": 1, "LoadResource": 11, "GetFileSize": 16, "SetWindowsHookExA": 2, "CreateDirectoryW": 1, "LdrGetDllHandle": 95, "GetFileType": 3, "GetSystemMetrics": 50, "GetCursorPos": 1, "FindResourceExW": 7, "FindFirstFileExW": 6, "SHGetFolderPathW": 4, "NtSetInformationFile": 2, "RemoveDirectoryA": 1, "FindResourceExA": 1, "NtReadFile": 10, "RegOpenKeyExA": 1, "LdrLoadDll": 4, "NtMapViewOfSection": 1, "NtOpenFile": 9, "GetSystemTimeAsFileTime": 1, "LdrGetProcedureAddress": 5, "NtCreateFile": 4, "NtFreeVirtualMemory": 1, "NtOpenThread": 1, "GetFileAttributesW": 6, "SetErrorMode": 2, "NtCreateSection": 1, "RegOpenKeyExW": 1, "GetDiskFreeSpaceW": 2, "LdrUnloadDll": 2, "NtQueryInformationFile": 2, "LoadStringA": 6, "SetUnhandledExceptionFilter": 1, "SizeofResource": 14, "NtTerminateProcess": 3, "NtProtectVirtualMemory": 4, "RegSetValueExA": 1, "GetSystemWindowsDirectoryW": 1, "RegCreateKeyExA": 1, "RegCloseKey": 3, "DrawTextExW": 7, "FindResourceA": 28, "SetFileTime": 2, "RegQueryValueExW": 1}, "class": "malware"}