{"apistats": {"NtQueryKey": 2, "NtQuerySystemInformation": 1, "GetComputerNameW": 2, "GetSystemWindowsDirectoryW": 1, "NtClose": 19, "NtOpenProcess": 2, "FindWindowA": 1, "GetFileAttributesW": 2, "NtFreeVirtualMemory": 1, "SetErrorMode": 4, "NtAllocateVirtualMemory": 2, "ReadProcessMemory": 1, "RegOpenKeyExA": 2, "NtMapViewOfSection": 1, "NtWriteVirtualMemory": 1, "NtEnumerateValueKey": 1, "NtResumeThread": 3, "NtOpenFile": 1, "GetUserNameW": 2, "GetSystemDirectoryW": 2, "NtUnmapViewOfSection": 1, "NtQueryDirectoryFile": 35, "NtCreateFile": 1, "GetSystemTimeAsFileTime": 7, "FindFirstFileExW": 11, "NtCreateMutant": 2, "NtProtectVirtualMemory": 8, "LdrGetDllHandle": 4, "NtCreateSection": 1, "NtOpenKey": 16, "LdrGetProcedureAddress": 90, "NtOpenDirectoryObject": 1, "NtOpenKeyEx": 3, "LdrLoadDll": 7, "NtSuspendThread": 2, "NtQueryInformationFile": 3, "CreateProcessInternalW": 1, "NtQueryValueKey": 6}, "name": "06f72c35-a6ac-11e6-b9e8-80e65024849a.file", "class": "malware"}