{"class": "malware", "name": "150a2af5-c041-11e6-bedf-80e65024849a.file", "apistats": {"FindResourceW": 1, "FindResourceExW": 1, "NtOpenKey": 11, "GetSystemInfo": 1, "NtProtectVirtualMemory": 48, "GetAddrInfoW": 2, "NtDeviceIoControlFile": 46, "closesocket": 6, "NtQueryKey": 6, "InternetConnectW": 1, "GetBestInterfaceEx": 4, "CreateActCtxW": 4, "RegSetValueExW": 28, "setsockopt": 6, "RegOpenKeyExW": 48, "NtCreateSection": 1, "SetWindowsHookExW": 1, "CoInitializeEx": 9, "InternetOpenW": 1, "OleInitialize": 1, "LdrGetDllHandle": 19, "NtDuplicateObject": 3, "HttpOpenRequestW": 1, "RegCloseKey": 47, "SetUnhandledExceptionFilter": 1, "socket": 6, "GetSystemTimeAsFileTime": 9, "RegEnumKeyExW": 4, "RegQueryValueExW": 66, "CreateThread": 1, "WSAStartup": 8, "InternetCrackUrlW": 1, "NtFreeVirtualMemory": 2, "SetErrorMode": 2, "GetSystemDirectoryW": 1, "NtMapViewOfSection": 1, "LdrLoadDll": 13, "NtCreateFile": 1, "LdrGetProcedureAddress": 66, "NtAllocateVirtualMemory": 27, "GetAdaptersInfo": 2, "RegDeleteValueW": 6, "GetSystemMetrics": 7, "GetCursorPos": 1, "NtQueryValueKey": 7, "CoUninitialize": 8, "GetAdaptersAddresses": 2, "NtClose": 64, "CoCreateInstance": 10, "GetSystemWindowsDirectoryW": 1, "RegCreateKeyExW": 14}}