{"apistats": {"NtDeviceIoControlFile": 15, "CoInitializeEx": 1, "FindFirstFileExW": 1, "NtClose": 40, "NtQueryValueKey": 2, "NtFreeVirtualMemory": 10, "LdrLoadDll": 16, "NtCreateSection": 2, "GetSystemWindowsDirectoryW": 2, "NtAllocateVirtualMemory": 17, "NtUnmapViewOfSection": 1, "WSAStartup": 3, "GetAdaptersAddresses": 4, "NtMapViewOfSection": 2, "RegCloseKey": 20, "CoUninitialize": 1, "LdrUnloadDll": 5, "RegQueryValueExW": 13, "NtCreateFile": 1, "RegEnumKeyExW": 1, "RegOpenKeyExA": 11, "CoCreateInstance": 1, "NtCreateMutant": 1, "LdrGetProcedureAddress": 86, "NtOpenKey": 1, "RegQueryValueExA": 18, "SetUnhandledExceptionFilter": 1, "FindResourceExW": 1, "LdrGetDllHandle": 15, "GetBestInterfaceEx": 2, "RegOpenKeyExW": 10, "GetSystemInfo": 1, "RegEnumValueW": 2, "GetSystemTimeAsFileTime": 1, "GetTempPathW": 1, "LoadResource": 1, "NtTerminateProcess": 3}, "class": "malware", "name": "19084994-c448-11e6-b28c-80e65024849a.file"}