{"class": "malware", "apistats": {"GetSystemWindowsDirectoryW": 1, "NtCreateFile": 18, "NtReadVirtualMemory": 1, "NtOpenProcess": 1, "NtOpenKey": 6, "CreateProcessInternalW": 1, "NtOpenMutant": 1, "FindResourceExA": 1, "FindResourceExW": 4, "RegOpenKeyExA": 5, "LdrUnloadDll": 1, "CopyFileW": 1, "GetFileSize": 4, "FindFirstFileExW": 8, "NtAllocateVirtualMemory": 6, "NtResumeThread": 1, "GetCursorPos": 1, "GetSystemDirectoryA": 2, "SetWindowsHookExA": 1, "GetSystemTimeAsFileTime": 1, "LdrLoadDll": 124, "FindWindowW": 1, "NtFreeVirtualMemory": 2, "RegCloseKey": 20, "CreateToolhelp32Snapshot": 1, "WriteProcessMemory": 13, "LdrGetProcedureAddress": 349, "Process32NextW": 32, "NtMapViewOfSection": 1, "GlobalMemoryStatusEx": 1, "NtDuplicateObject": 1, "NtClose": 13, "RegQueryValueExW": 1, "LoadResource": 1, "Process32FirstW": 1, "SHGetFolderPathW": 5, "NtQueryValueKey": 7, "SetFileAttributesW": 2, "NtTerminateProcess": 1, "RegOpenKeyExW": 2, "NtReadFile": 2, "RegQueryValueExA": 5, "LdrGetDllHandle": 225, "NtQuerySystemInformation": 1, "NtGetContextThread": 1, "SetErrorMode": 2, "NtCreateMutant": 5, "GetFileAttributesW": 2, "FindResourceA": 8, "RegCreateKeyExA": 15, "NtSetContextThread": 1, "NtCreateSection": 1, "NtUnmapViewOfSection": 5, "GetSystemDirectoryW": 1}, "name": "19770063-a71c-11e6-b617-80e65024849a.file"}