{"name": "1a74058f-c5d3-11e6-9b3f-80e65024849a.file", "apistats": {"RtlAddVectoredContinueHandler": 1, "SetErrorMode": 18, "RegEnumKeyExW": 14, "CertControlStore": 1, "CreateThread": 4, "NtOpenFile": 2, "NtFreeVirtualMemory": 15, "GetSystemDirectoryW": 4, "NtQueryKey": 73, "CryptAcquireContextA": 2, "GetSystemInfo": 46, "LoadResource": 1, "GetFileSize": 8, "NtOpenProcess": 3, "NtCreateKey": 1, "CoInitializeEx": 2, "NtCreateMutant": 6, "FindFirstFileExW": 11, "NtDuplicateObject": 3, "SHGetFolderPathW": 1, "GetAdaptersAddresses": 8, "NtQuerySystemInformation": 1, "GetBestInterfaceEx": 4, "CryptCreateHash": 2, "NtEnumerateValueKey": 145, "LdrLoadDll": 74, "NtMapViewOfSection": 16, "NtEnumerateKey": 103, "CertOpenStore": 11, "NtCreateFile": 37, "GetFileAttributesW": 13, "NtUnmapViewOfSection": 13, "CryptDecodeObjectEx": 10, "GetFileVersionInfoW": 1, "RegOpenKeyExW": 48, "NtQueryAttributesFile": 2, "GetFileAttributesExW": 1, "SetUnhandledExceptionFilter": 1, "RegEnumValueW": 3, "NtProtectVirtualMemory": 24, "SetFilePointer": 4, "GetSystemTimeAsFileTime": 13, "NtOpenKeyEx": 209, "GetFileInformationByHandle": 2, "RegCloseKey": 30, "NtClose": 301, "NtQueryValueKey": 181, "NtSetValueKey": 7, "NtOpenKey": 36, "NtQueryDirectoryFile": 2, "NtAllocateVirtualMemory": 108, "NtResumeThread": 4, "LdrGetDllHandle": 148, "NtOpenMutant": 1, "GetSystemMetrics": 18, "FindResourceExW": 1, "NtCreateThreadEx": 1, "NtDelayExecution": 10, "DeviceIoControl": 1, "WSAStartup": 3, "GlobalMemoryStatus": 1, "LoadStringW": 169, "NtReadFile": 8, "RegOpenKeyExA": 1, "RegQueryInfoKeyW": 3, "NtOpenDirectoryObject": 1, "LdrGetProcedureAddress": 441, "IsDebuggerPresent": 1, "NtCreateSection": 13, "GetFileVersionInfoSizeW": 1, "LdrUnloadDll": 6, "CreateActCtxW": 2, "NtDeviceIoControlFile": 35, "NtOpenSection": 2, "GetSystemWindowsDirectoryW": 5, "CoUninitialize": 2, "RegQueryValueExW": 40, "GetShortPathNameW": 1}, "class": "malware"}