{"apistats": {"NtOpenSection": 4, "RegCloseKey": 55, "NtDuplicateObject": 4, "NtCreateKey": 5, "ioctlsocket": 2, "WSAStartup": 1, "GetFileVersionInfoSizeW": 8, "GetFileAttributesW": 28, "CryptCreateHash": 4, "NtReadVirtualMemory": 10, "GetFileSize": 10, "RegOpenKeyExW": 93, "NtDelayExecution": 75, "SetErrorMode": 96, "NtAllocateVirtualMemory": 3684, "GetFileInformationByHandle": 12, "RegOpenKeyExA": 2, "SHGetFolderPathW": 6, "WSASocketW": 4, "GetComputerNameW": 1, "NtResumeThread": 3, "RtlAddVectoredExceptionHandler": 1, "CoInitializeEx": 2, "RegEnumKeyExW": 15, "CryptAcquireContextW": 1, "NtCreateFile": 114, "GetSystemTimeAsFileTime": 31, "GlobalMemoryStatusEx": 1, "closesocket": 2, "RegEnumValueW": 5, "LdrGetDllHandle": 60, "NtCreateSection": 19, "GetTimeZoneInformation": 2, "NtOpenMutant": 2, "LoadResource": 2, "GetFileType": 6, "LookupPrivilegeValueW": 1, "NtClose": 73, "LdrUnloadDll": 5, "NtQueryKey": 10, "GetShortPathNameW": 1, "GetSystemInfo": 80, "setsockopt": 2, "IsDebuggerPresent": 1, "GetSystemWindowsDirectoryW": 2, "NtQueryValueKey": 42, "NtOpenProcess": 3, "CryptHashData": 2, "RegQueryValueExW": 138, "NtMapViewOfSection": 25, "RtlAddVectoredContinueHandler": 1, "CreateActCtxW": 2, "NtDeviceIoControlFile": 6, "NtReadFile": 28, "NtOpenDirectoryObject": 1, "NtQuerySystemInformation": 5, "NtSetValueKey": 12, "NtOpenFile": 17, "CreateThread": 3, "NtUnmapViewOfSection": 9, "RegQueryInfoKeyW": 3, "GetSystemDirectoryW": 4, "NtQueryDirectoryFile": 19, "SetUnhandledExceptionFilter": 1, "NtFreeVirtualMemory": 2624, "NtCreateThreadEx": 1, "NtCreateMutant": 16, "NtProtectVirtualMemory": 80, "GetFileAttributesExW": 23, "NtOpenKey": 5, "LdrGetProcedureAddress": 457, "NtOpenThread": 2, "GetFileVersionInfoW": 8, "NtOpenKeyEx": 6, "LdrLoadDll": 48, "UuidCreate": 16}, "name": "1b574663-310e-11e8-9d00-80e65024849a.file", "class": "malware"}