{"apistats": {"RegCloseKey": 44, "NtDuplicateObject": 2, "NtCreateKey": 3, "GetFileVersionInfoSizeW": 6, "GetFileAttributesW": 25, "CryptCreateHash": 16218, "GetSystemMetrics": 63, "GetFileSize": 759, "RegOpenKeyExW": 67, "NtDelayExecution": 84, "DrawTextExW": 5, "SetErrorMode": 76, "NtAllocateVirtualMemory": 1017, "GetFileInformationByHandle": 12, "RegOpenKeyExA": 1, "NtResumeThread": 4, "GetFileAttributesExW": 5, "RegEnumKeyExW": 14, "CryptAcquireContextW": 1, "FindResourceExW": 3, "NtCreateFile": 864, "GetSystemTimeAsFileTime": 5, "GlobalMemoryStatusEx": 6, "FindFirstFileExW": 17, "RegEnumValueW": 3, "LdrGetDllHandle": 97, "NtCreateSection": 522, "CoInitializeEx": 4, "LoadResource": 2, "IsDebuggerPresent": 1, "NtQueryInformationFile": 754, "NtQueryValueKey": 9, "LdrUnloadDll": 3, "NtOpenMutant": 1, "NtQueryKey": 2, "GetShortPathNameW": 1, "GetSystemInfo": 73, "NtSetValueKey": 1, "GetSystemWindowsDirectoryW": 2, "NtClose": 1317, "NtOpenProcess": 2, "CryptHashData": 48651, "RegQueryValueExW": 111, "NtMapViewOfSection": 528, "RtlAddVectoredContinueHandler": 1, "CreateActCtxW": 3, "NtDeviceIoControlFile": 1, "NtReadFile": 10, "NtFreeVirtualMemory": 255, "NtQuerySystemInformation": 1, "NtEnumerateValueKey": 246, "NtOpenFile": 1, "CreateThread": 5, "NtUnmapViewOfSection": 518, "RegQueryInfoKeyW": 3, "GetSystemDirectoryW": 6, "NtQueryDirectoryFile": 2, "SetUnhandledExceptionFilter": 1, "NtCreateMutant": 4, "NtProtectVirtualMemory": 34, "SHGetFolderPathW": 4, "GlobalMemoryStatus": 1, "SearchPathW": 247, "NtOpenKey": 7, "LdrGetProcedureAddress": 382, "GetFileVersionInfoW": 6, "NtOpenDirectoryObject": 1, "NtOpenKeyEx": 4, "LdrLoadDll": 44}, "name": "228f8940-b178-11e7-a659-80e65024849a.file", "class": "malware"}