{"class": "malware", "name": "22f80fa3-b178-11e7-8f6f-80e65024849a.file", "apistats": {"NtOpenKey": 2, "SetUnhandledExceptionFilter": 1, "NtProtectVirtualMemory": 30, "NtAllocateVirtualMemory": 473, "GetFileSize": 5, "GetFileInformationByHandle": 8, "CreateActCtxW": 3, "GlobalMemoryStatusEx": 6, "NtQueryDirectoryFile": 2, "NtMapViewOfSection": 15, "NtCreateSection": 11, "SHGetFolderPathW": 2, "LdrUnloadDll": 2, "NtOpenMutant": 1, "GetSystemInfo": 64, "LdrGetDllHandle": 86, "RegOpenKeyExW": 60, "IsDebuggerPresent": 1, "NtOpenDirectoryObject": 1, "RegCloseKey": 39, "RegQueryValueExW": 87, "NtDuplicateObject": 2, "GetSystemTimeAsFileTime": 5, "GetFileAttributesExW": 5, "GetSystemWindowsDirectoryW": 2, "NtUnmapViewOfSection": 7, "NtReadFile": 10, "RegEnumKeyExW": 14, "RtlAddVectoredContinueHandler": 1, "CreateThread": 4, "GlobalMemoryStatus": 1, "NtFreeVirtualMemory": 165, "NtClose": 38, "GetFileVersionInfoSizeW": 4, "SetErrorMode": 52, "GetSystemDirectoryW": 4, "FindFirstFileExW": 15, "NtDelayExecution": 50, "LdrLoadDll": 30, "NtCreateFile": 82, "LdrGetProcedureAddress": 242, "GetShortPathNameW": 1, "NtResumeThread": 4, "RegQueryInfoKeyW": 3, "RegEnumValueW": 3, "NtQuerySystemInformation": 1, "GetSystemMetrics": 1, "NtOpenProcess": 2, "NtQueryValueKey": 2, "GetFileVersionInfoW": 4, "RegOpenKeyExA": 1, "GetFileAttributesW": 18, "NtOpenKeyEx": 2, "NtCreateMutant": 4, "CoInitializeEx": 4}}