{"class": "malware", "apistats": {"GetSystemWindowsDirectoryW": 7, "DrawTextExW": 1, "CreateActCtxW": 2, "NtCreateFile": 34, "OleInitialize": 1, "NtOpenProcess": 110, "NtOpenKey": 32, "NtQueryDirectoryFile": 7, "GetForegroundWindow": 1, "NtOpenMutant": 1, "NtWriteFile": 255, "NtOpenFile": 1, "FindResourceExA": 1, "FindResourceExW": 4, "GetFileSizeEx": 12, "RegEnumKeyW": 109, "RegOpenKeyExA": 7, "LdrUnloadDll": 7, "GetFileSize": 1, "CoUninitialize": 15, "GetTempPathW": 1, "LdrGetProcedureAddress": 71, "GlobalMemoryStatusEx": 1, "NtAllocateVirtualMemory": 24, "GetFileInformationByHandleEx": 12, "GetSystemTimeAsFileTime": 41, "GetVolumeNameForVolumeMountPointW": 3, "RegOpenKeyExW": 476, "RegSetValueExA": 1, "NtFreeVirtualMemory": 14, "RegCloseKey": 329, "NtProtectVirtualMemory": 1, "GetVolumePathNamesForVolumeNameW": 6, "CoInitializeEx": 16, "RegEnumKeyExW": 21, "FindFirstFileExW": 1, "GetNativeSystemInfo": 1, "NtMapViewOfSection": 7, "CreateDirectoryW": 8, "ReadProcessMemory": 129, "WSAStartup": 1, "NtDuplicateObject": 3, "NtClose": 207, "RegQueryValueExW": 2202, "SetFilePointer": 15, "socket": 1, "LoadStringW": 6, "SHGetFolderPathW": 1, "LoadResource": 3, "NtQueryValueKey": 11, "NtOpenSection": 7, "CoCreateInstance": 2, "NtReadFile": 318, "ioctlsocket": 1, "RegQueryValueExA": 3, "LdrGetDllHandle": 23, "NtQuerySystemInformation": 7, "GetSystemInfo": 1, "NtDelayExecution": 526, "SetErrorMode": 1, "NtCreateMutant": 2, "GetFileAttributesW": 16, "DeleteFileW": 2, "RegCreateKeyExA": 1, "GetSystemMetrics": 5, "NtCreateSection": 3, "NtUnmapViewOfSection": 3, "CreateThread": 2, "GetSystemDirectoryW": 3, "LdrLoadDll": 30}, "name": "237f072b-9757-11e6-91cf-80e65024849a.file"}