{"class": "malware", "name": "23ccfae6-f246-11e7-b63e-80e65024849a.file", "apistats": {"GetNativeSystemInfo": 1, "NtOpenKey": 4, "NtProtectVirtualMemory": 13, "GetForegroundWindow": 1, "NtAllocateVirtualMemory": 42, "NtQueryValueKey": 5, "OutputDebugStringA": 1, "CreateToolhelp32Snapshot": 1, "WriteConsoleA": 6, "NtCreateSection": 2, "LdrUnloadDll": 1, "SetFilePointer": 1, "GetSystemInfo": 3, "LdrGetDllHandle": 23, "RegCloseKey": 2, "LdrGetProcedureAddress": 24, "GetSystemTimeAsFileTime": 2, "FindWindowA": 14, "NtUnmapViewOfSection": 1, "NtReadFile": 1, "GetTimeZoneInformation": 1, "CreateThread": 25, "GetSystemDirectoryA": 2, "NtFreeVirtualMemory": 24, "GetSystemDirectoryW": 2, "NtMapViewOfSection": 2, "NtDelayExecution": 101, "LdrLoadDll": 11, "NtCreateFile": 6, "NtCreateMutant": 2, "NtQuerySystemInformation": 12, "RegQueryValueExA": 3, "Process32NextW": 1, "__exception__": 113, "IsDebuggerPresent": 2, "NtClose": 17, "NtOpenKeyEx": 6, "GetSystemWindowsDirectoryW": 1, "Process32FirstW": 1, "timeGetTime": 18609}}