{"name": "23fc4e91-9757-11e6-9435-80e65024849a.file", "apistats": {"CryptHashData": 1, "NtOpenKey": 6, "InternetConnectW": 1, "socket": 6, "InternetSetOptionA": 3, "NtClose": 68, "NtDuplicateObject": 4, "HttpOpenRequestW": 1, "RegQueryValueExA": 41, "InternetOpenA": 1, "NtQueryKey": 6, "NtAllocateVirtualMemory": 23, "closesocket": 6, "GetNativeSystemInfo": 1, "RegEnumKeyExW": 4, "LdrGetDllHandle": 1, "setsockopt": 6, "CoInitializeEx": 9, "RegCreateKeyExW": 14, "InternetQueryOptionA": 1, "NtFreeVirtualMemory": 1, "NtDelayExecution": 14, "RegDeleteValueW": 6, "CryptAcquireContextW": 1, "CoCreateInstance": 10, "GetAdaptersAddresses": 2, "WSAStartup": 8, "GetBestInterfaceEx": 4, "CryptCreateHash": 1, "RegOpenKeyExA": 25, "LdrLoadDll": 15, "RegCloseKey": 69, "LdrGetProcedureAddress": 102, "RtlDecompressBuffer": 1, "RegEnumKeyExA": 19, "RegOpenKeyExW": 45, "NtDeviceIoControlFile": 46, "RegSetValueExW": 28, "NtProtectVirtualMemory": 71, "CoUninitialize": 8, "GetSystemTimeAsFileTime": 9, "GetAddrInfoW": 2, "RegQueryValueExW": 60}, "class": "malware"}