{"name": "25912a3d-c5d3-11e6-9f61-80e65024849a.file", "apistats": {"NtUnmapViewOfSection": 2, "RegEnumKeyExW": 21, "NtClose": 21, "NtQueryValueKey": 1, "NtFreeVirtualMemory": 9, "NtOpenKey": 2, "NtAllocateVirtualMemory": 17, "LoadResource": 29, "LoadStringW": 7, "LdrGetDllHandle": 11, "NtOpenMutant": 1, "GetSystemMetrics": 55, "GetCursorPos": 14, "FindResourceExW": 30, "FindFirstFileExW": 1, "DrawTextExA": 5, "RegOpenKeyExA": 5, "LdrLoadDll": 6, "NtMapViewOfSection": 3, "RegCloseKey": 8, "LdrGetProcedureAddress": 62, "NtCreateFile": 1, "SetErrorMode": 2, "NtCreateSection": 1, "GetSystemDirectoryW": 1, "RegOpenKeyExW": 19, "NtQueryAttributesFile": 4, "LoadStringA": 55, "SizeofResource": 1, "RegQueryValueExW": 5, "NtOpenSection": 2, "GetSystemWindowsDirectoryW": 1, "EnumWindows": 1, "DrawTextExW": 4, "FindResourceA": 2, "CoInitializeEx": 1}, "class": "malware"}