{"class": "malware", "name": "26079870-77be-11e7-b47e-80e65024849a.file", "apistats": {"FindResourceExW": 34, "NtOpenKey": 4, "GetFileAttributesW": 1, "FindWindowW": 4, "NtAllocateVirtualMemory": 16, "NtQueryValueKey": 3, "LoadResource": 34, "FindResourceA": 4, "CreateActCtxW": 2, "NtQueryAttributesFile": 4, "NtOpenProcess": 1, "FindFirstFileExW": 4, "NtCreateSection": 1, "GetCursorPos": 29, "DrawTextExW": 51, "CoInitializeEx": 1, "NtOpenMutant": 1, "LdrGetDllHandle": 30, "RegOpenKeyExW": 31, "RegCloseKey": 16, "LdrGetProcedureAddress": 537, "GetSystemMetrics": 467, "DrawTextExA": 10, "EnumWindows": 1, "RegEnumKeyExW": 21, "RegQueryValueExW": 66, "NtUnmapViewOfSection": 2, "NtOpenSection": 3, "NtFreeVirtualMemory": 7, "SetErrorMode": 4, "GetSystemDirectoryW": 1, "NtMapViewOfSection": 4, "LdrLoadDll": 11, "NtCreateFile": 1, "SizeofResource": 2, "LoadStringW": 7, "GetFileVersionInfoSizeW": 1, "LoadStringA": 182, "GetFileVersionInfoW": 1, "RegOpenKeyExA": 5, "NtClose": 28, "GetSystemWindowsDirectoryW": 3}}