{"class": "malware", "apistats": {"NtQueryKey": 192, "GetSystemWindowsDirectoryW": 2, "CryptAcquireContextW": 2, "GetComputerNameW": 1, "RtlAddVectoredContinueHandler": 1, "NtCreateFile": 89, "NtOpenProcess": 2, "GetFileVersionInfoSizeW": 4, "NtOpenKey": 37, "NtQueryDirectoryFile": 2, "CreateProcessInternalW": 1, "NtOpenMutant": 1, "NtOpenFile": 1, "RegEnumKeyW": 8, "NtOpenKeyEx": 169, "LdrUnloadDll": 2, "CopyFileW": 1, "GetFileSize": 7, "GetFileAttributesExW": 6, "CreateActCtxW": 2, "FindFirstFileExW": 15, "NtAllocateVirtualMemory": 448, "SetErrorMode": 60, "NtEnumerateKey": 2, "GetSystemTimeAsFileTime": 5, "RegOpenKeyExA": 1, "LdrLoadDll": 41, "CryptHashData": 24, "CoCreateInstance": 6, "RegQueryInfoKeyW": 3, "NtFreeVirtualMemory": 136, "RegCloseKey": 41, "NtProtectVirtualMemory": 30, "UuidCreate": 2, "RegSetValueExW": 1, "CoGetClassObject": 5, "NtReadFile": 30, "NtDeviceIoControlFile": 1, "CoInitializeSecurity": 1, "NtOpenDirectoryObject": 1, "IsDebuggerPresent": 1, "CoInitializeEx": 2, "RegEnumKeyExW": 14, "WriteProcessMemory": 5, "RegEnumValueW": 3, "LdrGetProcedureAddress": 287, "NtMapViewOfSection": 18, "CreateDirectoryW": 1, "RegQueryValueExW": 93, "NtDuplicateObject": 3, "NtClose": 217, "ReadProcessMemory": 19460, "SetFilePointer": 18, "NtEnumerateValueKey": 7, "GlobalMemoryStatus": 1, "LoadStringW": 4, "SHGetFolderPathW": 3, "NtQueryValueKey": 48, "CryptCreateHash": 16, "NtOpenSection": 4, "LookupPrivilegeValueW": 1, "NtTerminateProcess": 3, "CoCreateInstanceEx": 1, "RegOpenKeyExW": 67, "GetFileVersionInfoW": 4, "LdrGetDllHandle": 99, "NtQuerySystemInformation": 1, "GetSystemInfo": 66, "NtDelayExecution": 52, "GetFileInformationByHandle": 8, "NtGetContextThread": 1, "NtQueryAttributesFile": 3, "NtResumeThread": 2, "NtCreateMutant": 4, "GetFileAttributesW": 20, "DeleteFileW": 3, "GetShortPathNameW": 1, "NtSetContextThread": 1, "NtCreateSection": 14, "NtUnmapViewOfSection": 7, "SetUnhandledExceptionFilter": 1, "GetSystemDirectoryW": 4, "CreateThread": 3}, "name": "26ab62ab-310e-11e8-9f4a-80e65024849a.file"}