{"class": "malware", "name": "2ab08a94-310e-11e8-93a3-80e65024849a.file", "apistats": {"NtOpenKey": 22, "SetUnhandledExceptionFilter": 1, "NtProtectVirtualMemory": 26, "NtAllocateVirtualMemory": 614, "GetFileSize": 7, "GetFileInformationByHandle": 4, "CreateActCtxW": 3, "NtQueryAttributesFile": 3, "GetFileVersionInfoSizeW": 2, "NtQueryDirectoryFile": 2, "NtMapViewOfSection": 17, "NtCreateSection": 15, "SHGetFolderPathW": 2, "LdrUnloadDll": 3, "NtOpenMutant": 1, "GetSystemInfo": 63, "LdrGetDllHandle": 73, "RegOpenKeyExW": 69, "NtEnumerateKey": 2, "NtOpenDirectoryObject": 1, "RegCloseKey": 41, "RtlAddVectoredContinueHandler": 1, "NtDuplicateObject": 1, "GetSystemTimeAsFileTime": 5, "GetFileAttributesExW": 6, "GetSystemWindowsDirectoryW": 2, "NtUnmapViewOfSection": 5, "NtReadFile": 10, "RegEnumKeyExW": 14, "RegQueryValueExW": 104, "CreateThread": 2, "NtOpenSection": 4, "GlobalMemoryStatus": 1, "NtFreeVirtualMemory": 240, "IsDebuggerPresent": 1, "NtEnumerateValueKey": 7, "NtClose": 54, "SetErrorMode": 44, "GetSystemDirectoryW": 4, "FindFirstFileExW": 13, "NtDelayExecution": 64, "LdrLoadDll": 28, "NtCreateFile": 96, "LdrGetProcedureAddress": 224, "GetShortPathNameW": 1, "NtResumeThread": 2, "RegQueryInfoKeyW": 3, "RegEnumValueW": 3, "NtQuerySystemInformation": 1, "LoadStringW": 4, "NtOpenProcess": 2, "NtQueryValueKey": 12, "GetFileVersionInfoW": 2, "RegOpenKeyExA": 1, "GetFileAttributesW": 29, "NtOpenKeyEx": 2, "NtCreateMutant": 4, "CoInitializeEx": 2}}