{"class": "malware", "name": "2ab3f82e-d846-11e7-b50c-80e65024849a.file", "apistats": {"GetNativeSystemInfo": 1, "FindResourceExW": 2, "NtOpenKey": 27, "GetTempPathW": 1, "GetSystemInfo": 1, "NtProtectVirtualMemory": 1, "NtAllocateVirtualMemory": 35, "GetFileSize": 1, "LoadResource": 2, "CreateActCtxW": 1, "GetFileInformationByHandleEx": 12, "NtQueryAttributesFile": 1, "GlobalMemoryStatusEx": 1, "NtQueryDirectoryFile": 7, "NtMapViewOfSection": 7, "NtCreateSection": 5, "LdrUnloadDll": 5, "SetFilePointer": 12, "NtDuplicateObject": 3, "LdrGetDllHandle": 51, "RegOpenKeyExW": 456, "GetFileSizeEx": 12, "CreateDirectoryW": 13, "RegCloseKey": 318, "SetFileTime": 1, "LdrGetProcedureAddress": 99, "GetSystemTimeAsFileTime": 38, "RegOpenKeyExA": 5, "OleInitialize": 1, "NtUnmapViewOfSection": 1, "NtReadFile": 134, "NtOpenFile": 2, "NtWriteFile": 14, "RegQueryValueExW": 2196, "GetVolumeNameForVolumeMountPointW": 3, "GetSystemDirectoryA": 11, "NtOpenSection": 5, "NtFreeVirtualMemory": 61, "NtClose": 96, "SetErrorMode": 1, "GetSystemDirectoryW": 2, "DeleteFileW": 2, "GetVolumePathNamesForVolumeNameW": 6, "LdrLoadDll": 28, "NtCreateFile": 57, "FindFirstFileExW": 1, "NtQuerySystemInformation": 1, "RegQueryValueExA": 1, "RegEnumKeyW": 109, "LoadStringW": 1, "NtOpenProcess": 14, "NtQueryValueKey": 9, "CoUninitialize": 15, "GetFileAttributesW": 44, "CoCreateInstance": 2, "NtCreateMutant": 2, "GetSystemWindowsDirectoryW": 7, "CoInitializeEx": 15}}