{"apistats": {"RegCreateKeyExW": 1, "NtDuplicateObject": 2, "NtOpenSection": 2, "RegCloseKey": 49, "GetComputerNameW": 1, "GetShortPathNameW": 1, "GetSystemInfo": 3, "RegQueryValueExA": 1, "CreateToolhelp32Snapshot": 5, "WSAStartup": 1, "GetSystemWindowsDirectoryW": 1, "NtQueryValueKey": 6, "GetFileVersionInfoSizeW": 1, "NtClose": 37, "GetFileAttributesW": 1, "RegQueryValueExW": 9, "NtMapViewOfSection": 3, "Process32NextW": 160, "GetSystemMetrics": 23, "NtCreateThreadEx": 1, "RegOpenKeyExW": 71, "NtDelayExecution": 8, "DrawTextExW": 5, "NtAllocateVirtualMemory": 16, "RegOpenKeyExA": 3, "LdrGetDllHandle": 6, "Process32FirstW": 5, "NtQuerySystemInformation": 1, "NtResumeThread": 2, "NtOpenFile": 1, "CreateThread": 2, "NtUnmapViewOfSection": 2, "RegQueryInfoKeyW": 10, "GetSystemDirectoryW": 3, "RegEnumKeyExW": 31, "LoadStringW": 7, "FindResourceExW": 7, "NtFreeVirtualMemory": 1, "GetSystemTimeAsFileTime": 1, "GlobalMemoryStatusEx": 1, "NtCreateMutant": 8, "CoInitializeEx": 2, "NtCreateSection": 1, "SetUnhandledExceptionFilter": 1, "NtOpenKey": 7, "NtOpenMutant": 1, "LoadResource": 4, "LdrGetProcedureAddress": 17, "NtOpenThread": 1, "GetFileVersionInfoW": 1, "LdrLoadDll": 7, "NtCreateFile": 1, "UuidCreate": 1, "NtQueryInformationFile": 1, "RegSetValueExW": 3}, "name": "2ab91cd1-afb8-11e6-956e-80e65024849a.file", "class": "malware"}