{"class": "malware", "apistats": {"LdrGetProcedureAddress": 18, "NtAllocateVirtualMemory": 13, "NtWriteFile": 1, "GetComputerNameW": 1, "NtCreateFile": 1, "WSAStartup": 4, "NtDuplicateObject": 4, "GetSystemTimeAsFileTime": 2, "NtClose": 23, "LdrLoadDll": 9, "GetBestInterfaceEx": 6, "closesocket": 4, "socket": 4, "GetFileType": 1, "NtProtectVirtualMemory": 3, "InternetOpenW": 1, "NtDeviceIoControlFile": 23, "GetTimeZoneInformation": 1, "GetAdaptersInfo": 2, "SetUnhandledExceptionFilter": 1, "setsockopt": 4}, "name": "2b749602-c448-11e6-8f32-80e65024849a.file"}