{"apistats": {"NtOpenSection": 5, "CoUninitialize": 3, "RegCloseKey": 82, "NtDuplicateObject": 3, "WSAStartup": 1, "GetFileVersionInfoSizeW": 1, "GetFileAttributesW": 1, "GetVolumePathNamesForVolumeNameW": 6, "GetSystemMetrics": 322, "RegOpenKeyExW": 111, "SetErrorMode": 11, "NtAllocateVirtualMemory": 141, "RegOpenKeyExA": 9, "DeleteFileW": 1, "GetCursorPos": 1, "SetFilePointerEx": 1, "GetFileSizeEx": 1, "CoCreateInstance": 3, "GetDiskFreeSpaceW": 1, "CreateDirectoryW": 1, "FindResourceExW": 23, "NtCreateFile": 175, "GetSystemTimeAsFileTime": 7, "GlobalMemoryStatusEx": 1, "FindFirstFileExW": 4, "GetFileInformationByHandleEx": 1, "NtCreateSection": 36, "LoadResource": 50, "NtQueryInformationFile": 4, "NtQueryValueKey": 14, "GetNativeSystemInfo": 1, "DeviceIoControl": 12, "DrawTextExW": 10, "GetSystemInfo": 2, "RegQueryValueExA": 1, "FindResourceW": 26, "GetSystemWindowsDirectoryW": 7, "NtClose": 132, "NtOpenProcess": 3, "RegQueryValueExW": 160, "DrawTextExA": 53, "NtMapViewOfSection": 38, "SizeofResource": 14, "CreateActCtxW": 3, "RegEnumKeyW": 5, "NtReadFile": 2, "LdrGetDllHandle": 34, "LdrUnloadDll": 1, "NtQuerySystemInformation": 1, "NtOpenFile": 5, "LoadStringA": 127, "GetSystemDirectoryW": 1, "SetFilePointer": 1, "NtUnmapViewOfSection": 34, "NtQueryDirectoryFile": 67, "LoadStringW": 1, "__exception__": 34, "NtFreeVirtualMemory": 60, "GetVolumeNameForVolumeMountPointW": 3, "NtQueryAttributesFile": 19, "NtCreateMutant": 2, "CoInitializeEx": 3, "SearchPathW": 26, "NtOpenKey": 27, "LdrGetProcedureAddress": 671, "GetFileVersionInfoW": 1, "LdrLoadDll": 381, "FindResourceA": 2}, "name": "2f57bd66-d846-11e7-b41f-80e65024849a.file", "class": "malware"}