{"class": "malware", "name": "2fb2b328-df56-11e7-ac62-80e65024849a.file", "apistats": {"FindResourceW": 2, "GetNativeSystemInfo": 1, "NtOpenKey": 1, "SetUnhandledExceptionFilter": 1, "NtUnmapViewOfSection": 1, "NtProtectVirtualMemory": 7, "NtAllocateVirtualMemory": 10, "NtFreeVirtualMemory": 1, "NtQueryValueKey": 1, "LoadResource": 2, "NtDelayExecution": 1, "LdrLoadDll": 7, "SizeofResource": 2, "SHGetFolderPathW": 1, "LdrUnloadDll": 1, "CreateProcessInternalW": 1, "LdrGetDllHandle": 24, "CopyFileW": 1, "CreateDirectoryW": 1, "RegCloseKey": 1, "NtClose": 17, "LdrGetProcedureAddress": 42, "GetSystemTimeAsFileTime": 1, "NtTerminateProcess": 3}}