{"class": "malware", "name": "2fe6c6dc-9c08-11e6-8003-80e65024849a.file", "apistats": {"FindResourceW": 4, "GetNativeSystemInfo": 1, "FindResourceExW": 36, "NtOpenKey": 109, "GetSystemWindowsDirectoryA": 1, "NtDuplicateObject": 3, "NtProtectVirtualMemory": 6, "GetForegroundWindow": 1, "NtAllocateVirtualMemory": 25, "NtQueryInformationFile": 4, "CreateActCtxW": 2, "GetFileInformationByHandleEx": 14, "NtQueryDirectoryFile": 78, "NtMapViewOfSection": 21, "DrawTextExW": 87, "LdrGetDllHandle": 27, "SetFilePointerEx": 1, "RegOpenKeyExW": 569, "LdrGetProcedureAddress": 159, "GetSystemTimeAsFileTime": 49, "DrawTextExA": 47, "EnumWindows": 1, "NtOpenFile": 3, "NtWriteFile": 3, "NtUnmapViewOfSection": 14, "GetSystemDirectoryA": 1, "NtFreeVirtualMemory": 13, "NtEnumerateValueKey": 52, "SetErrorMode": 21, "FindFirstFileExW": 10, "GetVolumePathNamesForVolumeNameW": 6, "LdrLoadDll": 29, "NtCreateFile": 60, "CreateProcessInternalW": 1, "LoadStringW": 7, "NtOpenProcess": 53, "LoadStringA": 57, "NtQueryValueKey": 117, "NtOpenMutant": 1, "CoUninitialize": 15, "RegOpenKeyExA": 10, "SendNotifyMessageA": 1, "RegQueryValueExA": 13, "GetFileSize": 2, "LoadResource": 43, "FindResourceA": 11, "NtQueryAttributesFile": 12, "GlobalMemoryStatusEx": 1, "NtCreateSection": 17, "LdrUnloadDll": 1, "SetFilePointer": 9, "GetSystemInfo": 1, "GetFileSizeEx": 14, "CreateDirectoryW": 3, "RegCloseKey": 404, "GetVolumeNameForVolumeMountPointW": 3, "SearchPathW": 4, "GetSystemMetrics": 711, "SetEndOfFile": 1, "NtReadFile": 52, "RegEnumKeyExW": 21, "RegEnumKeyW": 212, "RegQueryValueExW": 2171, "NtOpenSection": 7, "GetSystemDirectoryW": 1, "SizeofResource": 7, "SHGetFolderPathW": 1, "NtQuerySystemInformation": 1, "GetFileVersionInfoSizeW": 2, "GetCursorPos": 13, "IsDebuggerPresent": 1, "GetFileVersionInfoW": 2, "NtClose": 278, "CoCreateInstance": 2, "NtOpenKeyEx": 2, "GetSystemWindowsDirectoryW": 1, "CoInitializeEx": 18}}