{"class": "malware", "name": "33da384c-9757-11e6-a719-80e65024849a.file", "apistats": {"WriteProcessMemory": 5, "FindResourceW": 34, "FindResourceExW": 2, "NtOpenKey": 5, "NtSetContextThread": 1, "SetUnhandledExceptionFilter": 1, "NtProtectVirtualMemory": 2, "NtDeviceIoControlFile": 1, "GetFileInformationByHandle": 2, "CreateActCtxW": 3, "NtQueryDirectoryFile": 10, "NtMapViewOfSection": 14, "ReadProcessMemory": 1, "SHGetFolderPathW": 1, "LdrGetDllHandle": 73, "RegOpenKeyExW": 2, "NtOpenDirectoryObject": 1, "GetFileAttributesExW": 7, "NtDuplicateObject": 2, "GetSystemTimeAsFileTime": 5, "OpenSCManagerW": 1, "NtOpenFile": 19, "RtlAddVectoredContinueHandler": 1, "NtUnmapViewOfSection": 5, "NtFreeVirtualMemory": 164, "SetErrorMode": 1, "FindFirstFileExW": 5, "NtDelayExecution": 50, "LdrLoadDll": 22, "NtCreateFile": 79, "LdrGetProcedureAddress": 274, "NtAllocateVirtualMemory": 7, "RegEnumValueW": 3, "CreateProcessInternalW": 1, "CryptCreateHash": 5, "LoadStringW": 14, "NtOpenProcess": 2, "NtQueryValueKey": 5, "RegOpenKeyExA": 1, "GetFileAttributesW": 1, "StartServiceA": 1, "NtCreateMutant": 4, "CryptHashData": 5, "RegQueryValueExA": 1, "GetFileSize": 7, "LoadResource": 36, "CryptAcquireContextA": 1, "NtQueryAttributesFile": 3, "GlobalMemoryStatusEx": 1, "NtCreateSection": 13, "OpenServiceW": 2, "LdrUnloadDll": 2, "NtOpenMutant": 1, "GetSystemInfo": 59, "RegCloseKey": 1, "CreateThread": 2, "NtReadFile": 10, "NtCreateThreadEx": 1, "RegEnumKeyExW": 14, "RegQueryValueExW": 87, "NtOpenSection": 2, "GlobalMemoryStatus": 1, "GetSystemDirectoryW": 4, "SizeofResource": 34, "GetShortPathNameW": 1, "NtResumeThread": 1, "RegQueryInfoKeyW": 3, "NtQuerySystemInformation": 1, "GetFileVersionInfoSizeW": 1, "IsDebuggerPresent": 1, "GetFileVersionInfoW": 1, "NtGetContextThread": 1, "NtClose": 30, "NtOpenKeyEx": 2, "GetSystemWindowsDirectoryW": 2, "CoInitializeEx": 2}}