{"class": "malware", "name": "3599b6a6-df56-11e7-8a80-80e65024849a.file", "apistats": {"FindResourceExW": 5, "NtOpenKey": 2, "GetTempPathW": 3, "NtAllocateVirtualMemory": 13, "NtQueryValueKey": 1, "LoadResource": 1, "NtCreateSection": 1, "DrawTextExW": 4, "CoInitializeEx": 1, "NtOpenMutant": 1, "GetSystemInfo": 1, "LdrGetDllHandle": 4, "RegOpenKeyExW": 22, "NtOpenDirectoryObject": 1, "RegCloseKey": 10, "LdrGetProcedureAddress": 13, "GetSystemMetrics": 16, "RegEnumKeyExW": 21, "RegQueryValueExW": 7, "NtUnmapViewOfSection": 2, "NtOpenSection": 2, "NtFreeVirtualMemory": 2, "GetSystemDirectoryW": 2, "GetFileType": 3, "NtMapViewOfSection": 4, "NtDelayExecution": 1, "LdrLoadDll": 6, "NtCreateFile": 1, "LoadStringW": 9, "IsDebuggerPresent": 1, "RegOpenKeyExA": 2, "NtClose": 21, "GetSystemWindowsDirectoryW": 1}}