{"class": "malware", "apistats": {"GetSystemWindowsDirectoryW": 6, "GetNativeSystemInfo": 1, "NtMapViewOfSection": 16, "RegQueryValueExW": 4, "NtCreateFile": 17, "WSAStartup": 1, "NtDuplicateObject": 1, "NtClose": 49, "NtOpenKey": 1, "socket": 2, "LoadStringW": 1, "WriteConsoleA": 124, "NtQueryValueKey": 2, "RegOpenKeyExA": 2, "LdrUnloadDll": 4, "NtTerminateProcess": 3, "closesocket": 2, "RegOpenKeyExW": 5, "LdrGetProcedureAddress": 23, "LdrGetDllHandle": 7, "NtAllocateVirtualMemory": 4, "GetSystemInfo": 2, "RtlRemoveVectoredExceptionHandler": 1, "GetSystemTimeAsFileTime": 1, "SetErrorMode": 1, "NtCreateMutant": 2, "LdrLoadDll": 3, "RegCloseKey": 4, "NtCreateSection": 16, "NtUnmapViewOfSection": 14, "NtQueryAttributesFile": 10, "NtOpenDirectoryObject": 1, "SetUnhandledExceptionFilter": 1, "GetSystemDirectoryW": 2}, "name": "37ff3735-df56-11e7-b5b5-80e65024849a.file"}