{"class": "malware", "name": "39d78cfd-c05f-11e7-a395-80e65024849a.file", "apistats": {"GetNativeSystemInfo": 1, "NtOpenKey": 1, "SetUnhandledExceptionFilter": 1, "closesocket": 2, "NtQueryValueKey": 1, "LdrGetDllHandle": 6, "NtQueryAttributesFile": 10, "WriteConsoleA": 2, "NtCreateSection": 15, "LdrUnloadDll": 4, "GetSystemInfo": 2, "socket": 2, "RegOpenKeyExW": 5, "NtOpenDirectoryObject": 1, "RegCloseKey": 4, "LdrGetProcedureAddress": 69, "GetSystemTimeAsFileTime": 1, "RegQueryValueExW": 4, "NtUnmapViewOfSection": 14, "WSAStartup": 1, "SetErrorMode": 1, "GetSystemDirectoryW": 2, "GetFileType": 3, "NtMapViewOfSection": 15, "LdrLoadDll": 11, "NtCreateFile": 16, "LoadStringW": 1, "RegOpenKeyExA": 2, "NtClose": 43, "NtCreateMutant": 2, "GetSystemWindowsDirectoryW": 5, "NtTerminateProcess": 3}}