{"class": "malware", "apistats": {"GetSystemWindowsDirectoryW": 7, "RegQueryValueExA": 1, "RegEnumKeyW": 109, "GetNativeSystemInfo": 1, "NtMapViewOfSection": 5, "CreateActCtxW": 1, "CreateDirectoryW": 13, "GlobalMemoryStatusEx": 1, "NtCreateFile": 29, "OleInitialize": 1, "NtOpenProcess": 14, "NtClose": 91, "RegQueryValueExW": 2197, "NtQueryDirectoryFile": 7, "SetFilePointer": 6, "LoadResource": 2, "NtWriteFile": 8, "NtOpenFile": 2, "LoadStringW": 1, "GetFileSizeEx": 12, "NtQueryValueKey": 9, "RegOpenKeyExA": 5, "LdrUnloadDll": 1, "NtOpenSection": 5, "GetFileSize": 2, "CoUninitialize": 15, "RegOpenKeyExW": 456, "SetFileTime": 2, "NtReadFile": 131, "GetTempPathW": 1, "FindFirstFileExW": 1, "LdrGetDllHandle": 11, "NtAllocateVirtualMemory": 34, "NtQuerySystemInformation": 1, "GetFileInformationByHandleEx": 12, "GetSystemTimeAsFileTime": 38, "SetErrorMode": 1, "NtCreateMutant": 2, "GetVolumeNameForVolumeMountPointW": 3, "GetFileAttributesW": 19, "NtOpenKey": 27, "DeleteFileW": 2, "FindResourceExW": 2, "LdrGetProcedureAddress": 49, "NtDuplicateObject": 3, "CoCreateInstance": 2, "NtFreeVirtualMemory": 2, "RegCloseKey": 318, "NtProtectVirtualMemory": 1, "NtCreateSection": 3, "GetVolumePathNamesForVolumeNameW": 6, "NtUnmapViewOfSection": 1, "CoInitializeEx": 15, "GetSystemDirectoryW": 2, "LdrLoadDll": 18}, "name": "39da3bb3-aef1-11e6-ad65-80e65024849a.file"}