{"apistats": {"NtReadFile": 12, "CoInitializeEx": 2, "NtProtectVirtualMemory": 29, "GetComputerNameW": 1, "NtClose": 30, "SetWindowsHookExW": 2, "NtQueryValueKey": 18, "GetFileVersionInfoW": 1, "NtFreeVirtualMemory": 15, "SetFilePointerEx": 6, "LdrLoadDll": 53, "Process32FirstW": 1, "NtAllocateVirtualMemory": 29, "LdrUnloadDll": 3, "NtUnmapViewOfSection": 1, "WSAStartup": 5, "CreateToolhelp32Snapshot": 1, "NtMapViewOfSection": 6, "RegCloseKey": 34, "GetSystemDirectoryW": 1, "GetFileVersionInfoSizeW": 1, "GetFileSizeEx": 1, "NtCreateThreadEx": 1, "RegQueryValueExW": 35, "NtCreateFile": 3, "FindResourceA": 1, "GetTimeZoneInformation": 1, "SetFilePointer": 10, "SetUnhandledExceptionFilter": 2, "RegEnumKeyExW": 4, "NtCreateSection": 4, "RegOpenKeyExA": 8, "OpenServiceW": 1, "CoCreateInstance": 1, "GetAdaptersInfo": 1, "NtCreateMutant": 1, "LdrGetProcedureAddress": 618, "GetFileType": 1, "NtOpenKey": 20, "RegQueryValueExA": 55, "NtOpenSection": 1, "FindResourceExW": 10, "RegCreateKeyExA": 3, "CreateThread": 4, "ReadProcessMemory": 5, "Process32NextW": 32, "NtResumeThread": 4, "RegSetValueExA": 7, "SizeofResource": 1, "RegOpenKeyExW": 27, "GetSystemInfo": 4, "OpenSCManagerW": 1, "GetSystemMetrics": 8, "RegEnumValueW": 39, "GetSystemTimeAsFileTime": 3, "RegQueryInfoKeyW": 2, "LoadResource": 8, "LdrGetDllHandle": 16, "GetNativeSystemInfo": 1, "NtDuplicateObject": 4}, "class": "malware", "name": "3df46b97-4ffa-11e7-abba-80e65024849a.file"}