{"class": "malware", "name": "458b05f0-34a7-11e8-a4a2-80e65024849a.file", "apistats": {"NtOpenKey": 2, "SetUnhandledExceptionFilter": 1, "NtProtectVirtualMemory": 30, "NtAllocateVirtualMemory": 480, "GetFileSize": 7, "GetFileInformationByHandle": 8, "CreateActCtxW": 3, "NtQueryAttributesFile": 3, "GetFileVersionInfoSizeW": 4, "NtQueryDirectoryFile": 2, "NtMapViewOfSection": 19, "ReadProcessMemory": 5622, "NtCreateSection": 15, "SHGetFolderPathW": 3, "LdrUnloadDll": 3, "NtOpenMutant": 1, "GetSystemInfo": 69, "LdrGetDllHandle": 73, "RegOpenKeyExW": 70, "IsDebuggerPresent": 1, "NtOpenDirectoryObject": 1, "RegCloseKey": 41, "RtlAddVectoredContinueHandler": 1, "NtDuplicateObject": 1, "GetSystemTimeAsFileTime": 6, "GetFileAttributesExW": 7, "GetSystemWindowsDirectoryW": 2, "NtUnmapViewOfSection": 7, "NtReadFile": 10, "RegEnumKeyExW": 14, "RegQueryValueExW": 106, "CreateThread": 2, "NtOpenSection": 2, "GlobalMemoryStatus": 1, "NtFreeVirtualMemory": 179, "NtClose": 44, "LookupPrivilegeValueW": 1, "SetErrorMode": 64, "GetSystemDirectoryW": 4, "FindFirstFileExW": 15, "NtDelayExecution": 66, "LdrLoadDll": 33, "NtCreateFile": 102, "LdrGetProcedureAddress": 249, "GetShortPathNameW": 1, "NtResumeThread": 2, "RegQueryInfoKeyW": 3, "RegEnumValueW": 3, "NtQuerySystemInformation": 1, "LoadStringW": 4, "NtOpenProcess": 5, "NtQueryValueKey": 2, "GetFileVersionInfoW": 4, "RegOpenKeyExA": 1, "GetFileAttributesW": 26, "NtOpenKeyEx": 2, "NtCreateMutant": 4, "CoInitializeEx": 2}}