{"name": "463ec0fa-b08b-11e6-8534-80e65024849a.file", "apistats": {"NtWriteFile": 481, "GetSystemMetrics": 400, "OleInitialize": 1, "RegEnumKeyExW": 22, "NtOpenFile": 1, "GetVolumeNameForVolumeMountPointW": 3, "NtQueryValueKey": 11, "RegQueryValueExA": 2, "NtReadFile": 502, "NtFreeVirtualMemory": 3, "NtOpenKey": 34, "GetSystemDirectoryW": 3, "NtAllocateVirtualMemory": 19, "LoadResource": 9, "GetFileSize": 1, "GetForegroundWindow": 2, "GetNativeSystemInfo": 1, "NtMapViewOfSection": 9, "LdrGetDllHandle": 24, "GetVolumePathNamesForVolumeNameW": 6, "NtOpenMutant": 1, "GetTempPathW": 1, "NtCreateMutant": 2, "FindResourceExW": 9, "NtQueryDirectoryFile": 7, "NtDuplicateObject": 3, "SHGetFolderPathW": 1, "RegEnumKeyW": 109, "DeleteFileW": 2, "CoCreateInstance": 2, "GetFileSizeEx": 12, "NtQuerySystemInformation": 1, "FindResourceExA": 2, "GlobalMemoryStatusEx": 1, "RegOpenKeyExA": 11, "LdrLoadDll": 31, "CreateDirectoryW": 8, "NtClose": 138, "RegCloseKey": 334, "LdrGetProcedureAddress": 108, "NtCreateFile": 36, "GetFileAttributesW": 19, "NtOpenProcess": 14, "NtUnmapViewOfSection": 6, "NtCreateSection": 3, "FindFirstFileExW": 1, "NtOpenSection": 9, "RegOpenKeyExW": 483, "LoadStringW": 8, "LdrUnloadDll": 3, "CreateActCtxW": 2, "GetFileInformationByHandleEx": 12, "NtProtectVirtualMemory": 2, "SetFilePointer": 14, "GetSystemWindowsDirectoryW": 7, "CoUninitialize": 16, "GetSystemTimeAsFileTime": 38, "DrawTextExW": 21, "RegQueryValueExW": 2208, "SetErrorMode": 1, "CoInitializeEx": 17}, "class": "malware"}