{"apistats": {"NtOpenSection": 5, "CoUninitialize": 4, "RegCloseKey": 34, "GetBestInterfaceEx": 2, "NtDuplicateObject": 3, "WSAStartup": 4, "NtTerminateProcess": 1, "SetFileTime": 6, "GetAdaptersAddresses": 1, "GetFileAttributesW": 31, "CryptCreateHash": 2, "GetVolumePathNamesForVolumeNameW": 6, "setsockopt": 3, "RegEnumKeyExA": 37, "GetFileSize": 15, "RegOpenKeyExW": 34, "SetErrorMode": 1, "NtAllocateVirtualMemory": 16, "ReadProcessMemory": 3, "RegOpenKeyExA": 40, "DeleteFileW": 2, "RtlRemoveVectoredExceptionHandler": 1, "NtResumeThread": 1, "RtlAddVectoredExceptionHandler": 1, "GetFileSizeEx": 12, "CoCreateInstance": 5, "RegEnumKeyExW": 2, "ObtainUserAgentString": 1, "CryptAcquireContextW": 2, "CreateDirectoryW": 13, "FindResourceExW": 2, "NtCreateFile": 51, "GetSystemTimeAsFileTime": 5, "GlobalMemoryStatusEx": 1, "FindFirstFileExW": 1, "closesocket": 3, "socket": 3, "GetFileInformationByHandleEx": 12, "NtCreateSection": 2, "InternetSetOptionA": 3, "LoadResource": 2, "InternetOpenA": 1, "RegEnumValueA": 58, "CreateProcessInternalW": 1, "NtClose": 37, "RegCreateKeyExW": 7, "GetNativeSystemInfo": 1, "NtQueryKey": 4, "HttpOpenRequestA": 1, "NtSetContextThread": 1, "GetSystemInfo": 1, "RegQueryValueExA": 4, "GetSystemWindowsDirectoryW": 7, "NtQueryValueKey": 10, "NtOpenProcess": 14, "CryptHashData": 2, "RegQueryValueExW": 36, "NtMapViewOfSection": 4, "CreateActCtxW": 1, "RegEnumKeyW": 109, "InternetConnectA": 1, "NtDeviceIoControlFile": 22, "NtReadFile": 153, "NtWriteFile": 11, "LdrGetDllHandle": 2, "RtlDecompressBuffer": 1, "LdrUnloadDll": 1, "NtQuerySystemInformation": 1, "OleInitialize": 1, "NtOpenFile": 2, "NtUnmapViewOfSection": 1, "SetFilePointer": 9, "GetSystemDirectoryW": 2, "NtQueryDirectoryFile": 7, "LoadStringW": 1, "NtFreeVirtualMemory": 1, "GetVolumeNameForVolumeMountPointW": 3, "CryptDecrypt": 1, "NtCreateMutant": 2, "NtProtectVirtualMemory": 55, "GetAddrInfoW": 1, "CoInitializeEx": 5, "RegDeleteValueW": 3, "GetTempPathW": 1, "NtGetContextThread": 1, "RegSetValueExW": 14, "NtOpenKey": 6, "LdrGetProcedureAddress": 109, "LdrLoadDll": 20, "InternetCrackUrlA": 1}, "name": "473ee9f3-afb8-11e6-bfff-80e65024849a.file", "class": "malware"}