{"class": "malware", "apistats": {"GetSystemWindowsDirectoryW": 1, "DrawTextExW": 152, "SHGetSpecialFolderLocation": 11, "CreateActCtxW": 1, "GetDiskFreeSpaceW": 1, "NtCreateFile": 22, "NtOpenProcess": 5, "GetDiskFreeSpaceExW": 3, "NtOpenKey": 11, "NtQueryDirectoryFile": 5, "CreateProcessInternalW": 1, "NtOpenMutant": 1, "SetEndOfFile": 1, "NtOpenFile": 17, "FindResourceExW": 12, "GetFileSizeEx": 2, "RegEnumKeyW": 2, "RegOpenKeyExA": 10, "LdrUnloadDll": 20, "GetFileSize": 1, "CoUninitialize": 12, "OpenSCManagerW": 1, "GetTempPathW": 1, "LdrGetProcedureAddress": 189, "NtAllocateVirtualMemory": 71, "GetCursorPos": 1, "GetSystemDirectoryA": 1, "SetWindowsHookExA": 2, "GetFileInformationByHandleEx": 2, "GetTimeZoneInformation": 2, "OpenServiceW": 1, "LdrLoadDll": 51, "NtCreateThreadEx": 1, "GetFileType": 3, "DrawTextExA": 1, "NtFreeVirtualMemory": 14, "LoadStringA": 1, "NtProtectVirtualMemory": 6, "GetVolumePathNamesForVolumeNameW": 6, "NtQueryAttributesFile": 35, "IsDebuggerPresent": 1, "CoInitializeEx": 14, "RegEnumKeyExW": 36, "NtSetInformationFile": 2, "FindFirstFileExW": 97, "NtWriteFile": 209, "NtMapViewOfSection": 4, "GlobalMemoryStatusEx": 1, "RegCloseKey": 84, "NtDuplicateObject": 4, "NtClose": 177, "RegQueryValueExW": 146, "SetFilePointer": 9, "SearchPathW": 6, "LoadResource": 19, "GlobalMemoryStatus": 1, "LoadStringW": 44, "GetForegroundWindow": 2, "NtQueryValueKey": 8, "NtOpenSection": 3, "NtTerminateProcess": 3, "RegOpenKeyExW": 109, "NtReadFile": 27, "RegQueryValueExA": 9, "LdrGetDllHandle": 32, "NtQuerySystemInformation": 1, "NtQueryInformationFile": 18, "SetErrorMode": 80, "NtCreateMutant": 6, "FindResourceA": 16, "GetSystemTimeAsFileTime": 9, "GetSystemMetrics": 945, "NtResumeThread": 1, "NtCreateSection": 1, "NtUnmapViewOfSection": 3, "SetUnhandledExceptionFilter": 1, "GetSystemDirectoryW": 1, "GetVolumeNameForVolumeMountPointW": 2}, "name": "49517773-b08b-11e6-a404-80e65024849a.file"}