{"apistats": {"SendNotifyMessageA": 1, "NtOpenSection": 7, "CoUninitialize": 15, "RegCloseKey": 406, "GetNativeSystemInfo": 2, "GetFileVersionInfoSizeW": 2, "GetForegroundWindow": 6, "GetFileAttributesW": 3, "NtQueryAttributesFile": 2, "GetVolumePathNamesForVolumeNameW": 6, "GetSystemMetrics": 6, "GetFileSize": 4, "RegOpenKeyExW": 582, "SetErrorMode": 2, "NtAllocateVirtualMemory": 19, "RegOpenKeyExA": 11, "SHGetFolderPathW": 1, "GetCursorPos": 176, "GetFileSizeEx": 14, "CoCreateInstance": 2, "RegEnumKeyExW": 21, "CreateDirectoryW": 1, "FindResourceExW": 37, "NtCreateFile": 10, "GetSystemTimeAsFileTime": 49, "GlobalMemoryStatusEx": 1, "FindFirstFileExW": 1, "GetFileInformationByHandleEx": 14, "NtCreateSection": 5, "NtOpenMutant": 1, "LoadResource": 1, "NtQueryInformationFile": 1, "CreateProcessInternalW": 1, "NtQueryValueKey": 2, "NtDuplicateObject": 3, "GetSystemWindowsDirectoryA": 1, "DrawTextExW": 180, "GetSystemInfo": 1, "RegQueryValueExA": 13, "EnumWindows": 4, "LdrGetProcedureAddress": 10, "IsDebuggerPresent": 1, "GetSystemWindowsDirectoryW": 1, "NtClose": 14, "NtOpenProcess": 53, "RegQueryValueExW": 2173, "DrawTextExA": 56, "NtMapViewOfSection": 6, "SizeofResource": 1, "CreateActCtxW": 2, "RegEnumKeyW": 212, "NtReadFile": 137, "NtWriteFile": 1, "LdrGetDllHandle": 4, "GetKeyState": 21, "LdrUnloadDll": 1, "NtQuerySystemInformation": 1, "NtEnumerateValueKey": 52, "NtOpenFile": 2, "LoadStringA": 39, "GetSystemDirectoryW": 2, "SetFilePointer": 10, "NtUnmapViewOfSection": 8, "NtQueryDirectoryFile": 11, "LoadStringW": 8, "NtFreeVirtualMemory": 6, "GetVolumeNameForVolumeMountPointW": 3, "GetSystemDirectoryA": 1, "NtCreateMutant": 2, "NtProtectVirtualMemory": 6, "CoInitializeEx": 18, "SearchPathW": 4, "NtOpenKey": 1, "FindResourceW": 4, "GetFileVersionInfoW": 2, "SetEndOfFile": 1, "LdrLoadDll": 6, "FindResourceA": 1}, "name": "4bdf013a-b08b-11e6-8191-80e65024849a.file", "class": "malware"}