{"class": "malware", "name": "4d6a2687-9c08-11e6-9865-80e65024849a.file", "apistats": {"GetNativeSystemInfo": 2, "FindResourceExW": 5, "NtOpenKey": 40, "GlobalMemoryStatusEx": 1, "NtProtectVirtualMemory": 49, "GetAddrInfoW": 2, "GetForegroundWindow": 2, "NtDeviceIoControlFile": 46, "LdrGetDllHandle": 20, "InternetConnectA": 1, "GetBestInterfaceEx": 4, "CreateActCtxW": 1, "GetFileInformationByHandleEx": 12, "RegSetValueExW": 28, "RegCreateKeyExA": 1, "DeleteFileW": 2, "DrawTextExW": 3, "OleInitialize": 1, "socket": 6, "GetVolumePathNamesForVolumeNameW": 6, "RegOpenKeyExW": 517, "InternetQueryOptionA": 1, "LdrGetProcedureAddress": 98, "GetSystemTimeAsFileTime": 48, "NtOpenFile": 1, "NtWriteFile": 13, "NtUnmapViewOfSection": 6, "NtFreeVirtualMemory": 3, "NtOpenMutant": 1, "SetErrorMode": 1, "GetFileSizeEx": 12, "NtMapViewOfSection": 10, "GetFileSize": 2, "NtDelayExecution": 1, "LdrLoadDll": 33, "NtCreateFile": 33, "FindFirstFileExW": 1, "NtAllocateVirtualMemory": 21, "RegQueryValueExA": 2, "LoadStringW": 11, "NtOpenProcess": 14, "NtQueryValueKey": 11, "CoUninitialize": 22, "GetFileAttributesW": 14, "NtCreateMutant": 2, "RegCreateKeyExW": 14, "GetTempPathW": 1, "closesocket": 6, "NtQueryKey": 4, "LoadResource": 5, "WSAStartup": 8, "setsockopt": 6, "NtCreateSection": 4, "LdrUnloadDll": 1, "SetFilePointer": 14, "NtDuplicateObject": 5, "InternetCrackUrlA": 1, "HttpOpenRequestA": 1, "RegEnumKeyW": 109, "CreateDirectoryW": 8, "RegCloseKey": 376, "GetVolumeNameForVolumeMountPointW": 3, "GetSystemMetrics": 21, "RegOpenKeyExA": 6, "CreateThread": 2, "NtReadFile": 230, "InternetOpenA": 1, "FindResourceExA": 2, "RegQueryValueExW": 2260, "NtOpenSection": 9, "RegSetValueExA": 1, "GetSystemDirectoryW": 3, "NtQueryDirectoryFile": 7, "NtQuerySystemInformation": 1, "RegDeleteValueW": 6, "GetAdaptersAddresses": 2, "NtClose": 187, "CoCreateInstance": 11, "GetSystemWindowsDirectoryW": 7, "CoInitializeEx": 25, "RegEnumKeyExW": 26}}