{"name": "5172d72e-c5d3-11e6-a612-80e65024849a.file", "apistats": {"NtWriteFile": 1, "SendNotifyMessageW": 1, "SetErrorMode": 6, "RegEnumKeyExW": 25, "NtCreateMutant": 1, "socket": 6, "NtOpenFile": 15, "GetSystemDirectoryW": 1, "NtQueryKey": 1290, "GetForegroundWindow": 22, "closesocket": 6, "LoadResource": 219, "LoadStringW": 7, "NtOpenProcess": 4, "NtCreateKey": 20, "setsockopt": 6, "CoInitializeEx": 7, "GetTempPathW": 1, "CreateThread": 2, "GetCursorPos": 5, "NtQueryDirectoryFile": 30, "NtDuplicateObject": 13, "SHGetFolderPathW": 7, "CoCreateInstance": 23, "GetAdaptersAddresses": 2, "NtQuerySystemInformation": 1, "RegDeleteValueW": 6, "GetVolumePathNameW": 1, "LdrLoadDll": 36, "NtMapViewOfSection": 2, "GetComputerNameW": 1, "NtCreateFile": 33, "GetFileAttributesW": 13, "InternetCrackUrlW": 1, "NtUnmapViewOfSection": 1, "FindFirstFileExW": 14, "RegOpenKeyExW": 1, "GetBestInterfaceEx": 4, "NtQueryAttributesFile": 1, "LookupAccountSidW": 4, "DeviceIoControl": 1, "RegSetValueExW": 29, "NetShareEnum": 1, "NtProtectVirtualMemory": 35, "SetFilePointer": 4, "NtSetValueKey": 20, "RegCloseKey": 179, "DrawTextExW": 120, "GetAddrInfoW": 2, "NtOpenKeyEx": 804, "UuidCreate": 3, "GetFileInformationByHandle": 1, "HttpOpenRequestW": 1, "InternetConnectW": 1, "EnumWindows": 4, "NtClose": 258, "GetVolumeNameForVolumeMountPointW": 3, "NtQueryValueKey": 173, "RegQueryValueExA": 1, "GlobalMemoryStatusEx": 1, "NtOpenKey": 773, "NtAllocateVirtualMemory": 9, "NtQueryInformationFile": 4, "CreateDirectoryW": 1, "LdrGetDllHandle": 4, "GetVolumePathNamesForVolumeNameW": 6, "NtOpenMutant": 1, "GetSystemMetrics": 936, "RegCreateKeyExW": 15, "FindResourceExW": 218, "GetSystemInfo": 2, "NtDelayExecution": 5, "FindWindowW": 4, "GetFileSizeEx": 6, "WSAStartup": 8, "GetFileSize": 1, "NtReadFile": 8, "RegOpenKeyExA": 3, "GetSystemTimeAsFileTime": 63, "LdrGetProcedureAddress": 5, "InternetOpenW": 2, "FindResourceW": 9, "NtCreateSection": 2, "DeleteUrlCacheEntryW": 2, "LdrUnloadDll": 3, "RegEnumKeyW": 88, "SizeofResource": 3, "NtDeviceIoControlFile": 46, "GetFileInformationByHandleEx": 6, "NtReadVirtualMemory": 3, "RegQueryValueExW": 1, "NtOpenSection": 6, "GetSystemWindowsDirectoryW": 2, "CoUninitialize": 5, "GetKeyState": 86, "CreateActCtxW": 1}, "class": "malware"}