{"apistats": {"NtOpenSection": 6, "CoUninitialize": 74, "GetForegroundWindow": 41, "LookupAccountSidW": 6, "GetBestInterfaceEx": 2, "LdrUnloadDll": 3, "NtCreateKey": 99, "WSAStartup": 9, "GetVolumePathNameW": 2, "SendNotifyMessageW": 4, "GetAdaptersAddresses": 2, "RegCloseKey": 1120, "GetFileAttributesW": 21, "GetVolumePathNamesForVolumeNameW": 6, "GetSystemMetrics": 1233, "NtReadVirtualMemory": 3, "GetFileSize": 38, "RegOpenKeyExW": 311, "NtDelayExecution": 29, "SetErrorMode": 12, "NtAllocateVirtualMemory": 1, "GetFileInformationByHandle": 1, "RegOpenKeyExA": 3, "GetCursorPos": 8, "GetComputerNameW": 1, "setsockopt": 7, "CoCreateInstance": 42, "RegEnumKeyExW": 25, "EnumWindows": 8, "CreateDirectoryW": 5, "FindResourceExW": 218, "NtCreateFile": 72, "GetFileAttributesExW": 6, "GetSystemTimeAsFileTime": 180, "GlobalMemoryStatusEx": 1, "FindFirstFileExW": 24, "closesocket": 7, "socket": 7, "GetFileInformationByHandleEx": 25, "NtCreateSection": 14, "NtOpenMutant": 1, "LoadResource": 219, "LdrGetProcedureAddress": 42, "GetFileType": 3, "InternetOpenW": 2, "NtQueryInformationFile": 5, "NtQueryValueKey": 919, "RegCreateKeyExW": 15, "NtDuplicateObject": 14, "DeviceIoControl": 2, "NtQueryKey": 5510, "DrawTextExW": 120, "GetSystemInfo": 2, "RegQueryValueExA": 1, "NetShareEnum": 1, "FindWindowW": 5, "GetSystemWindowsDirectoryW": 2, "NtClose": 869, "RegDeleteKeyW": 1, "NtOpenProcess": 31, "CryptHashData": 1, "RegQueryValueExW": 298, "HttpOpenRequestW": 1, "NtMapViewOfSection": 14, "CoInitializeEx": 76, "SizeofResource": 3, "CreateActCtxW": 1, "GetFileSizeEx": 17, "RegEnumKeyW": 440, "NtDeviceIoControlFile": 47, "NtReadFile": 21, "NtWriteFile": 4, "LdrGetDllHandle": 6, "GetKeyState": 223, "NtQuerySystemInformation": 1, "NtSetValueKey": 108, "NtOpenFile": 17, "CreateThread": 2, "GetSystemDirectoryW": 1, "SetFilePointer": 6, "NtUnmapViewOfSection": 1, "NtQueryDirectoryFile": 41, "LoadStringW": 15, "NtFreeVirtualMemory": 12, "GetVolumeNameForVolumeMountPointW": 3, "NtQueryAttributesFile": 1, "NtCreateMutant": 20, "NtProtectVirtualMemory": 34, "GetAddrInfoW": 2, "SHGetFolderPathW": 9, "RegDeleteValueW": 6, "GetTempPathW": 2, "InternetConnectW": 1, "RegSetValueExW": 29, "NtOpenKey": 27, "InternetCrackUrlW": 1, "FindResourceW": 9, "NtOpenThread": 1, "GetDiskFreeSpaceExW": 1, "NtOpenKeyEx": 3456, "LdrLoadDll": 1, "UuidCreate": 3, "DeleteUrlCacheEntryW": 2}, "name": "52606673-c5d3-11e6-9e81-80e65024849a.file", "class": "malware"}