{"class": "malware", "name": "532d9747-c5d3-11e6-82aa-80e65024849a.file", "apistats": {"FindResourceExW": 15, "NtOpenKey": 20, "SetUnhandledExceptionFilter": 2, "NtProtectVirtualMemory": 10, "NtAllocateVirtualMemory": 26, "NtQueryValueKey": 17, "LdrGetDllHandle": 8, "LoadResource": 12, "Process32NextW": 256, "CreateToolhelp32Snapshot": 8, "WSAStartup": 1, "NtCreateSection": 5, "SetWindowsHookExW": 2, "CoInitializeEx": 3, "NtOpenMutant": 1, "NtDuplicateObject": 2, "GetSystemInfo": 3, "SetFilePointerEx": 6, "RegOpenKeyExW": 28, "RegCloseKey": 17, "GetComputerNameW": 1, "LdrGetProcedureAddress": 412, "GetSystemTimeAsFileTime": 2, "NtUnmapViewOfSection": 3, "NtReadFile": 3, "RegEnumKeyExW": 25, "GetFileSizeEx": 1, "RegQueryValueExW": 8, "CreateThread": 4, "NtOpenSection": 3, "NtFreeVirtualMemory": 9, "GetSystemDirectoryW": 2, "GetFileType": 1, "NtMapViewOfSection": 9, "LdrLoadDll": 28, "NtCreateFile": 3, "NtResumeThread": 3, "RegQueryInfoKeyW": 2, "RegEnumValueW": 37, "RegQueryValueExA": 32, "LoadStringW": 7, "GetSystemMetrics": 18, "NtClose": 54, "CoCreateInstance": 1, "NtCreateMutant": 1, "GetSystemWindowsDirectoryW": 1, "Process32FirstW": 8}}