{"name": "5513a5b5-4ffa-11e7-bb27-80e65024849a.file", "apistats": {"NtWriteFile": 165, "SetErrorMode": 17, "RegEnumKeyExW": 12, "CreateThread": 3, "NtFreeVirtualMemory": 49, "GetSystemDirectoryW": 3, "GetForegroundWindow": 1, "GetSystemInfo": 2, "LoadResource": 11, "LoadStringW": 22, "NtOpenProcess": 3, "GetNativeSystemInfo": 1, "CoInitializeEx": 5, "GetTempPathW": 1, "NtCreateMutant": 4, "NtQueryDirectoryFile": 12, "NtDuplicateObject": 5, "SHGetFolderPathW": 2, "CoCreateInstance": 4, "LdrLoadDll": 39, "CreateDirectoryW": 2, "NtCreateFile": 64, "GetFileAttributesW": 21, "NtUnmapViewOfSection": 6, "FindFirstFileExW": 12, "RegOpenKeyExW": 280, "GetFileAttributesExW": 4, "SetUnhandledExceptionFilter": 1, "RegSetValueExW": 8, "NtProtectVirtualMemory": 14, "SetFilePointer": 12, "GetSystemTimeAsFileTime": 14, "FindResourceA": 9, "SetFileTime": 2, "OleInitialize": 2, "NtClose": 133, "GetVolumeNameForVolumeMountPointW": 3, "NtQueryValueKey": 5, "LookupPrivilegeValueW": 1, "CreateProcessInternalW": 1, "GetUserNameExW": 1, "NtOpenKey": 7, "NtAllocateVirtualMemory": 108, "NtMapViewOfSection": 10, "LdrGetDllHandle": 9, "GetVolumePathNamesForVolumeNameW": 6, "FindResourceExW": 2, "GetFileSizeEx": 2, "NtReadFile": 19, "RegOpenKeyExA": 2, "RegCloseKey": 168, "LdrGetProcedureAddress": 445, "NtCreateSection": 4, "ShellExecuteExW": 1, "LdrUnloadDll": 19, "RegEnumKeyW": 2, "SizeofResource": 9, "SetFileAttributesW": 2, "GetFileInformationByHandleEx": 2, "NtTerminateProcess": 3, "RegQueryValueExW": 251, "NtOpenSection": 13, "GetSystemWindowsDirectoryW": 10, "CoUninitialize": 7, "CreateActCtxW": 2}, "class": "malware"}