{"apistats": {"NtOpenSection": 4, "RegCloseKey": 45, "NtDuplicateObject": 1, "GetFileVersionInfoSizeW": 4, "GetFileAttributesW": 35, "GetSystemMetrics": 3, "GetFileSize": 7, "RegOpenKeyExW": 72, "NtDelayExecution": 80, "SetErrorMode": 68, "NtAllocateVirtualMemory": 799, "GetFileInformationByHandle": 8, "RegOpenKeyExA": 1, "NtResumeThread": 2, "GetFileAttributesExW": 6, "ReadProcessMemory": 6279, "RegEnumKeyExW": 14, "FindResourceExW": 1, "NtCreateFile": 115, "GetSystemTimeAsFileTime": 6, "FindFirstFileExW": 15, "RegEnumValueW": 3, "NtCreateSection": 18, "CoInitializeEx": 2, "LookupPrivilegeValueW": 1, "NtQueryValueKey": 12, "LdrUnloadDll": 3, "NtOpenMutant": 1, "NtQueryKey": 4, "GetShortPathNameW": 1, "GetSystemInfo": 80, "IsDebuggerPresent": 1, "GetSystemWindowsDirectoryW": 2, "NtClose": 64, "NtOpenProcess": 5, "RegQueryValueExW": 120, "NtMapViewOfSection": 24, "RtlAddVectoredContinueHandler": 1, "CreateActCtxW": 3, "NtReadFile": 10, "LdrGetDllHandle": 82, "NtQuerySystemInformation": 3, "NtEnumerateValueKey": 7, "CreateThread": 3, "NtUnmapViewOfSection": 7, "RegQueryInfoKeyW": 3, "GetSystemDirectoryW": 5, "NtQueryDirectoryFile": 2, "SetUnhandledExceptionFilter": 1, "NtFreeVirtualMemory": 294, "NtQueryAttributesFile": 3, "NtCreateMutant": 4, "NtProtectVirtualMemory": 30, "SHGetFolderPathW": 2, "GlobalMemoryStatus": 1, "LoadStringW": 4, "NtOpenKey": 23, "LdrGetProcedureAddress": 284, "GetFileVersionInfoW": 4, "NtEnumerateKey": 2, "NtOpenDirectoryObject": 1, "NtOpenKeyEx": 6, "LdrLoadDll": 39, "UuidCreate": 6}, "name": "55bf17dc-274f-11e8-bc57-80e65024849a.file", "class": "malware"}