{"name": "5938cb73-aef1-11e6-9d90-80e65024849a.file", "apistats": {"NtWriteFile": 7, "GetTempPathW": 2, "NtUnmapViewOfSection": 13, "NtOpenFile": 1, "NtQueryValueKey": 2, "RegQueryValueExA": 3, "NtOpenKey": 1, "GetFileVersionInfoW": 3, "GetSystemInfo": 1, "GetFileSize": 5, "NtOpenProcess": 11, "NtMapViewOfSection": 13, "LdrGetDllHandle": 7, "SetFilePointer": 5, "CreateActCtxW": 2, "SendNotifyMessageW": 2, "NtCreateMutant": 1, "FindFirstFileExW": 1, "NtDuplicateObject": 8, "__exception__": 2, "CoUninitialize": 2, "CoInitializeEx": 2, "DeviceIoControl": 1, "RegOpenKeyExA": 3, "LdrLoadDll": 7, "CreateDirectoryW": 10, "SetUnhandledExceptionFilter": 1, "NtClose": 45, "NtOpenDirectoryObject": 1, "LdrGetProcedureAddress": 51, "NtCreateFile": 3, "GetFileAttributesW": 1, "GetUserNameA": 1, "GetComputerNameA": 1, "NtCreateSection": 4, "GetSystemDirectoryW": 1, "RegOpenKeyExW": 24, "LdrUnloadDll": 1, "RegEnumKeyW": 2, "SetEndOfFile": 1, "GetFileVersionInfoSizeW": 3, "GetSystemTimeAsFileTime": 6, "NtTerminateProcess": 3, "NtOpenSection": 1, "GetSystemWindowsDirectoryW": 2, "RegCreateKeyExA": 3, "RegCloseKey": 21, "SetErrorMode": 2, "RegQueryValueExW": 34}, "class": "malware"}