{"class": "malware", "apistats": {"GetSystemWindowsDirectoryW": 3, "RegEnumValueW": 21, "NtMapViewOfSection": 3, "GlobalMemoryStatusEx": 1, "NtCreateFile": 41, "RegCloseKey": 33, "NtDuplicateObject": 3, "NtClose": 50, "ReadProcessMemory": 5, "SetFilePointer": 2, "SearchPathW": 10, "GetComputerNameA": 8, "NtOpenMutant": 1, "CreateThread": 1, "NtOpenFile": 6, "CoInitializeEx": 1, "RegQueryValueExW": 30, "NtQueryValueKey": 14, "RegOpenKeyExA": 11, "LdrUnloadDll": 10, "SetUnhandledExceptionFilter": 1, "CoUninitialize": 1, "OpenSCManagerW": 1, "CoCreateInstance": 2, "NtReadFile": 8, "GetTempPathW": 7, "RegQueryValueExA": 23, "LdrGetDllHandle": 11, "NtAllocateVirtualMemory": 3896, "NtQuerySystemInformation": 1, "GetSystemInfo": 2, "NtDelayExecution": 11, "GetCursorPos": 1, "NtQueryInformationFile": 6, "GetSystemTimeAsFileTime": 10, "NtResumeThread": 1, "NtCreateMutant": 7, "LdrLoadDll": 45, "FindResourceA": 1916, "NtOpenKey": 17, "RegOpenKeyExW": 45, "LdrGetProcedureAddress": 175, "NtCreateThreadEx": 1, "GetFileType": 1, "FindWindowA": 1, "GetSystemMetrics": 5, "NtFreeVirtualMemory": 90, "SetErrorMode": 20, "NtProtectVirtualMemory": 24, "NtCreateSection": 2, "OpenServiceW": 1, "NtDeviceIoControlFile": 2, "IsDebuggerPresent": 2, "RegSetValueExA": 7, "GetSystemDirectoryW": 1, "RegCreateKeyExA": 3}, "name": "5b2968d9-274f-11e8-bb66-80e65024849a.file"}