{"apistats": {"NtOpenSection": 7, "CoUninitialize": 18, "RegCloseKey": 373, "LdrUnloadDll": 9, "NtSetInformationFile": 14, "WSAStartup": 3, "NtTerminateProcess": 3, "CoInitializeEx": 16, "GetForegroundWindow": 1, "GetVolumePathNamesForVolumeNameW": 6, "GetSystemMetrics": 31, "GetFileSize": 1, "InternetCloseHandle": 1, "RegOpenKeyExW": 473, "IWbemServices_ExecQuery": 2, "SetErrorMode": 75, "NtAllocateVirtualMemory": 25, "RegOpenKeyExA": 6, "GetComputerNameW": 2, "FindResourceExA": 1, "SetFilePointerEx": 1, "GetFileSizeEx": 12, "CoCreateInstance": 6, "RegEnumKeyExW": 21, "CreateDirectoryW": 8, "FindResourceExW": 5, "NtCreateFile": 43, "GetSystemTimeAsFileTime": 38, "GlobalMemoryStatusEx": 1, "FindFirstFileExW": 182, "closesocket": 1, "GetFileInformationByHandleEx": 12, "GetTempPathW": 1, "NtOpenMutant": 1, "LoadResource": 4, "InternetOpenA": 1, "NtQueryInformationFile": 12, "NtClose": 402, "NtDuplicateObject": 5, "DrawTextExW": 2, "RegQueryValueExA": 4, "GetSystemWindowsDirectoryW": 2, "NtQueryValueKey": 21, "NtOpenProcess": 14, "NtCreateSection": 9, "RemoveDirectoryA": 1, "RegQueryValueExW": 2202, "NtMapViewOfSection": 13, "CreateActCtxW": 3, "RegEnumKeyW": 109, "InternetQueryOptionA": 1, "NtDeviceIoControlFile": 2, "NtReadFile": 96, "NtWriteFile": 8, "LdrGetDllHandle": 91, "CoGetClassObject": 2, "NtQuerySystemInformation": 1, "OleInitialize": 2, "NtOpenFile": 16, "CreateThread": 3, "GetSystemDirectoryW": 1, "SetFilePointer": 8, "NtUnmapViewOfSection": 14, "NtQueryDirectoryFile": 76, "LoadStringW": 5, "NtFreeVirtualMemory": 22, "GetVolumeNameForVolumeMountPointW": 3, "CoCreateInstanceEx": 2, "NtQueryAttributesFile": 58, "NtProtectVirtualMemory": 33, "setsockopt": 1, "socket": 1, "NtOpenKey": 52, "LdrGetProcedureAddress": 153, "NtOpenKeyEx": 4, "LdrLoadDll": 26, "InternetCrackUrlA": 1, "UuidCreate": 2}, "name": "5b8a7685-aef1-11e6-ab47-80e65024849a.file", "class": "malware"}