{"name": "5bb41354-c5d3-11e6-ab7f-80e65024849a.file", "apistats": {"NtEnumerateValueKey": 1, "LdrLoadDll": 14, "NtMapViewOfSection": 1, "LdrGetProcedureAddress": 4, "FindResourceW": 2, "NtOpenDirectoryObject": 1, "NtClose": 15, "NtCreateFile": 1, "NtQueryValueKey": 1, "NtQueryKey": 8, "NtTerminateProcess": 3, "CreateProcessInternalW": 1, "NtOpenKey": 1, "NtCreateSection": 1, "GetSystemDirectoryW": 3, "NtAllocateVirtualMemory": 8, "GetSystemInfo": 3, "LoadResource": 2, "LdrUnloadDll": 1, "GetNativeSystemInfo": 2, "LdrGetDllHandle": 3, "SizeofResource": 2, "SetUnhandledExceptionFilter": 1, "NtCreateMutant": 2, "NtFreeVirtualMemory": 7, "NtProtectVirtualMemory": 5, "GetSystemTimeAsFileTime": 1, "__exception__": 108, "NtOpenKeyEx": 9, "NtQuerySystemInformation": 1}, "class": "malware"}