{"class": "malware", "name": "65231fc5-9eb2-11e6-bd0a-80e65024849a.file", "apistats": {"GetNativeSystemInfo": 4, "FindResourceExW": 15, "NtQueryInformationFile": 1, "SetUnhandledExceptionFilter": 1, "GetAsyncKeyState": 4, "GetForegroundWindow": 36, "NtAllocateVirtualMemory": 51, "NtOpenKey": 12, "CreateActCtxW": 2, "GetFileInformationByHandleEx": 1, "NtQueryDirectoryFile": 7, "NtMapViewOfSection": 8, "DrawTextExW": 24, "LdrGetDllHandle": 32, "GetVolumePathNamesForVolumeNameW": 6, "RegOpenKeyExW": 100, "SetFilePointer": 319, "LdrGetProcedureAddress": 577, "GetSystemTimeAsFileTime": 170, "CryptAcquireContextW": 1, "NtWriteFile": 61, "NtProtectVirtualMemory": 2, "GetVolumeNameForVolumeMountPointW": 3, "NtFreeVirtualMemory": 10, "DeleteFileW": 8, "NtDelayExecution": 196, "LdrLoadDll": 47, "NtCreateFile": 55, "FindFirstFileExW": 10, "RegQueryValueExA": 1, "LoadStringW": 6, "CopyFileW": 3, "GetFileSize": 2, "CoUninitialize": 1, "GetFileAttributesW": 20, "NtCreateMutant": 3, "RegOpenKeyExA": 2, "GetTempPathW": 20, "RegQueryValueExW": 95, "NtQueryValueKey": 10, "LoadResource": 13, "GlobalMemoryStatusEx": 1, "NtCreateSection": 3, "LdrUnloadDll": 10, "NtOpenMutant": 1, "NtDuplicateObject": 3, "GetFileSizeEx": 1, "CreateDirectoryW": 1, "RegCloseKey": 66, "SetFileTime": 8, "GetSystemMetrics": 181, "SetEndOfFile": 1, "NtUnmapViewOfSection": 3, "NtReadFile": 249, "RegEnumKeyExW": 21, "RegEnumKeyW": 2, "GetTimeZoneInformation": 1, "NtOpenSection": 4, "GlobalMemoryStatus": 1, "GetSystemDirectoryW": 2, "GetFileType": 30, "NtQuerySystemInformation": 1, "GetCursorPos": 3, "IsDebuggerPresent": 2, "NtClose": 99, "CoCreateInstance": 1, "GetSystemWindowsDirectoryW": 7, "CoInitializeEx": 2}}