{"apistats": {"NtOpenSection": 7, "CoUninitialize": 27, "RegCloseKey": 400, "GetBestInterfaceEx": 6, "NtDuplicateObject": 5, "WSAStartup": 13, "GetAdaptersAddresses": 3, "GetForegroundWindow": 2, "GetFileAttributesW": 19, "GetSystemDirectoryA": 11, "GetVolumePathNamesForVolumeNameW": 6, "setsockopt": 10, "GetSystemMetrics": 5, "GetFileSize": 1, "RegOpenKeyExW": 533, "HttpOpenRequestA": 1, "SetErrorMode": 3, "NtAllocateVirtualMemory": 55, "RegOpenKeyExA": 28, "DeleteFileW": 2, "SHGetFolderPathW": 1, "FindResourceExA": 2, "GetFileSizeEx": 12, "CoCreateInstance": 17, "RegEnumKeyExW": 27, "CreateDirectoryW": 8, "FindResourceExW": 5, "NtCreateFile": 37, "GetSystemTimeAsFileTime": 51, "GlobalMemoryStatusEx": 1, "FindFirstFileExW": 1, "closesocket": 10, "GetFileInformationByHandleEx": 12, "GetTempPathW": 1, "InternetSetOptionA": 2, "GetAdaptersInfo": 2, "LoadResource": 6, "InternetOpenA": 1, "NtQueryValueKey": 11, "RegCreateKeyExW": 21, "GetNativeSystemInfo": 3, "DeviceIoControl": 1, "NtOpenMutant": 1, "NtQueryKey": 8, "DrawTextExW": 2, "RegQueryValueExA": 17, "GetSystemWindowsDirectoryW": 7, "NtClose": 207, "NtOpenProcess": 14, "NtCreateSection": 4, "RegQueryValueExW": 2285, "NtMapViewOfSection": 8, "CreateActCtxW": 1, "RegEnumKeyW": 109, "InternetConnectA": 1, "InternetQueryOptionA": 1, "NtDeviceIoControlFile": 74, "NtReadFile": 159, "NtWriteFile": 8, "LdrGetDllHandle": 26, "LdrUnloadDll": 2, "NtQuerySystemInformation": 1, "OleInitialize": 1, "NtOpenFile": 1, "CreateThread": 2, "NtUnmapViewOfSection": 3, "SetFilePointer": 7, "GetSystemDirectoryW": 3, "NtQueryDirectoryFile": 7, "LoadStringW": 6, "NtFreeVirtualMemory": 14, "GetVolumeNameForVolumeMountPointW": 3, "NtQueryAttributesFile": 1, "NtCreateMutant": 2, "NtProtectVirtualMemory": 59, "GetAddrInfoW": 3, "CoInitializeEx": 29, "RegDeleteValueW": 9, "socket": 10, "RegSetValueExW": 42, "NtOpenKey": 38, "LdrGetProcedureAddress": 112, "LdrLoadDll": 44, "InternetCrackUrlA": 1, "FindResourceA": 1}, "name": "6a059fc2-aef1-11e6-8863-80e65024849a.file", "class": "malware"}