{"name": "6f89fb78-a4bf-11e6-912a-80e65024849a.file", "apistats": {"RegEnumKeyExW": 25, "CreateThread": 1, "NtClose": 31, "CreateToolhelp32Snapshot": 2, "NtQueryValueKey": 6, "RegQueryValueExA": 1, "FindResourceExW": 7, "NtOpenKey": 7, "NtAllocateVirtualMemory": 12, "GetSystemInfo": 3, "LoadResource": 4, "LoadStringW": 7, "NtResumeThread": 2, "LdrGetDllHandle": 5, "NtOpenMutant": 1, "GetSystemMetrics": 23, "NtCreateMutant": 5, "NtFreeVirtualMemory": 1, "NtCreateThreadEx": 1, "NtDuplicateObject": 1, "RegCreateKeyExW": 1, "NtQuerySystemInformation": 1, "GlobalMemoryStatusEx": 1, "RegOpenKeyExA": 3, "LdrLoadDll": 6, "NtMapViewOfSection": 3, "Process32FirstW": 2, "RegQueryInfoKeyW": 4, "GetSystemTimeAsFileTime": 1, "LdrGetProcedureAddress": 16, "NtCreateFile": 1, "NtOpenThread": 1, "Process32NextW": 64, "NtUnmapViewOfSection": 2, "NtCreateSection": 1, "GetSystemDirectoryW": 2, "RegOpenKeyExW": 39, "CoInitializeEx": 2, "SetUnhandledExceptionFilter": 1, "RegSetValueExW": 3, "RegQueryValueExW": 5, "NtOpenSection": 2, "GetSystemWindowsDirectoryW": 1, "RegCloseKey": 23, "DrawTextExW": 5, "UuidCreate": 1, "GetShortPathNameW": 1}, "class": "malware"}