{"class": "malware", "name": "70439551-9901-11e6-8055-80e65024849a.file", "apistats": {"FindResourceExW": 4, "NtOpenKey": 11, "GetFileAttributesW": 3, "GetSystemInfo": 1, "NtProtectVirtualMemory": 3, "NtAllocateVirtualMemory": 29, "NtFreeVirtualMemory": 1, "SetWindowsHookExA": 1, "SetErrorMode": 7, "LoadResource": 4, "LdrLoadDll": 8, "LdrGetProcedureAddress": 106, "OleInitialize": 1, "LdrGetDllHandle": 4, "LoadStringA": 10, "NtQueryValueKey": 5, "RegOpenKeyExA": 3, "NtClose": 12, "SearchPathW": 2, "GetSystemMetrics": 8}}