{"class": "malware", "name": "7070fa6b-9c08-11e6-84f4-80e65024849a.file", "apistats": {"NtOpenKey": 6, "SetUnhandledExceptionFilter": 1, "NtProtectVirtualMemory": 50, "GetAddrInfoW": 2, "NtDeviceIoControlFile": 46, "closesocket": 6, "NtQueryKey": 6, "LdrGetDllHandle": 12, "GetBestInterfaceEx": 4, "RegSetValueExW": 28, "setsockopt": 6, "NtCreateSection": 1, "CoInitializeEx": 9, "NtOpenFile": 1, "NtDuplicateObject": 3, "socket": 6, "RegOpenKeyExW": 45, "RegCloseKey": 46, "LdrGetProcedureAddress": 239, "GetSystemTimeAsFileTime": 9, "OutputDebugStringA": 2, "InternetOpenA": 1, "RegQueryValueExW": 60, "NtUnmapViewOfSection": 1, "WSAStartup": 8, "NtFreeVirtualMemory": 3, "NtMapViewOfSection": 1, "LdrLoadDll": 14, "NtAllocateVirtualMemory": 20, "InternetSetOptionA": 3, "RegDeleteValueW": 6, "CoUninitialize": 8, "GetAdaptersAddresses": 2, "NtClose": 57, "CoCreateInstance": 10, "RegEnumKeyExW": 4, "RegCreateKeyExW": 14}}