{"apistats": {"GetNativeSystemInfo": 2, "RegCloseKey": 38, "RegQueryValueExA": 39, "WSAStartup": 1, "LookupPrivilegeValueW": 8, "NtQueryValueKey": 3, "RegCreateKeyExA": 1, "GetFileAttributesW": 1, "NtMapViewOfSection": 1, "FindFirstFileExW": 28, "CreateActCtxW": 4, "RegOpenKeyExW": 1, "SetErrorMode": 1, "NtAllocateVirtualMemory": 2, "RegOpenKeyExA": 291, "LdrGetDllHandle": 4, "OleInitialize": 1, "NtQueryDirectoryFile": 6, "GetUserNameA": 1, "GetTempPathW": 1, "NtCreateFile": 50, "GetSystemTimeAsFileTime": 2, "RegEnumKeyExA": 13, "NtProtectVirtualMemory": 16, "SHGetFolderPathW": 26, "NtCreateSection": 1, "SetUnhandledExceptionFilter": 2, "OpenServiceW": 2, "OpenSCManagerW": 1, "LdrGetProcedureAddress": 55, "RegSetValueExA": 1, "StartServiceA": 1, "NtOpenKeyEx": 2, "LdrLoadDll": 13, "GetSystemWindowsDirectoryW": 1, "UuidCreate": 1, "NtClose": 24}, "name": "708c56eb-a4bf-11e6-8240-80e65024849a.file", "class": "malware"}