{"name": "7205760f-531b-11e7-91af-80e65024849a.file", "apistats": {"NtWriteFile": 127, "SendNotifyMessageW": 19, "NtUnmapViewOfSection": 96, "NtReadFile": 2, "CreateThread": 1, "NtOpenFile": 2, "FindResourceExW": 2, "NtQueryKey": 1441, "GetForegroundWindow": 1, "LoadResource": 2, "LoadStringW": 1, "NtOpenProcess": 79, "GetNativeSystemInfo": 1, "NtCreateKey": 30, "CoInitializeEx": 31, "GetTempPathW": 1, "NtCreateMutant": 2, "GetCursorPos": 1, "NtQueryDirectoryFile": 7, "NtDuplicateObject": 59, "SHGetFolderPathW": 2, "CoCreateInstance": 2, "NtQuerySystemInformation": 4, "FindFirstFileExW": 1, "LdrLoadDll": 21, "CreateDirectoryW": 13, "GetComputerNameW": 1, "NtCreateFile": 3, "GetFileAttributesW": 1, "SetErrorMode": 2, "GetSystemDirectoryW": 1, "RegOpenKeyExW": 12, "NtQueryAttributesFile": 1, "SetUnhandledExceptionFilter": 1, "EnumWindows": 2, "FindWindowW": 2, "SetFilePointer": 2, "CreateProcessInternalW": 1, "GetSystemTimeAsFileTime": 1, "DrawTextExW": 30, "NtOpenKeyEx": 892, "RegSetValueExW": 1, "OleInitialize": 2, "NtClose": 317, "GetVolumeNameForVolumeMountPointW": 3, "NtQueryValueKey": 1, "RegQueryValueExA": 1, "NtSetValueKey": 30, "NtOpenKey": 27, "NtAllocateVirtualMemory": 92, "NtMapViewOfSection": 97, "LdrGetDllHandle": 1, "GetVolumePathNamesForVolumeNameW": 6, "GetFileType": 1, "GetSystemMetrics": 49, "RegCreateKeyExW": 1, "NtFreeVirtualMemory": 1, "CreateActCtxW": 2, "NtDelayExecution": 6, "DeleteFileW": 2, "GetFileSizeEx": 12, "GetFileSize": 1, "GlobalMemoryStatusEx": 1, "RegOpenKeyExA": 2, "RegCloseKey": 6, "LdrGetProcedureAddress": 37, "GetComputerNameA": 1, "NtCreateSection": 21, "LdrUnloadDll": 2, "RegEnumKeyW": 109, "SetFileTime": 1, "GetFileInformationByHandleEx": 12, "NtOpenSection": 5, "GetSystemWindowsDirectoryW": 1, "CoUninitialize": 31, "GetKeyState": 6, "RegQueryValueExW": 2}, "class": "malware"}