{"apistats": {"NtDuplicateObject": 1, "RegCloseKey": 5, "GetSystemInfo": 5758, "RegQueryValueExA": 15, "FindWindowW": 55, "IsDebuggerPresent": 1, "GetSystemWindowsDirectoryW": 1, "NtQueryValueKey": 6, "RegCreateKeyExA": 3, "RegQueryValueExW": 1, "NtMapViewOfSection": 3, "GetSystemMetrics": 3, "RegOpenKeyExW": 2, "NtDelayExecution": 49, "NtAllocateVirtualMemory": 169, "ReadProcessMemory": 5, "RegOpenKeyExA": 4, "LdrGetDllHandle": 19, "RtlDecompressBuffer": 20, "GetCursorPos": 5, "NtQuerySystemInformation": 1, "FindResourceExA": 3, "LoadStringA": 29, "NtUnmapViewOfSection": 1, "GetSystemDirectoryW": 1, "SetUnhandledExceptionFilter": 1, "FindResourceExW": 80, "NtFreeVirtualMemory": 115, "GetSystemTimeAsFileTime": 2, "GlobalMemoryStatusEx": 1, "NtCreateMutant": 4, "NtCreateSection": 2, "LoadStringW": 5758, "NtOpenKey": 7, "__exception__": 1918, "RegSetValueExA": 7, "LdrGetProcedureAddress": 30, "LdrLoadDll": 6, "NtCreateFile": 1, "NtClose": 15}, "name": "723b4ccc-adcb-11e6-8801-80e65024849a.file", "class": "malware"}