{"name": "72de4be6-f584-11e7-be03-80e65024849a.file", "apistats": {"NtWriteFile": 6572, "NtUnmapViewOfSection": 7, "RegEnumKeyExW": 12, "NtOpenFile": 4, "RegEnumValueA": 1, "GetSystemDirectoryW": 5, "GetForegroundWindow": 1, "GetSystemInfo": 6, "GetFileSize": 1, "NtOpenProcess": 4, "GetNativeSystemInfo": 1, "CoInitializeEx": 3, "GetTempPathW": 2, "NtCreateMutant": 4, "NtQueryDirectoryFile": 71, "NtDuplicateObject": 3, "SHGetFolderPathW": 2, "CoCreateInstance": 4, "NtQuerySystemInformation": 1, "LdrLoadDll": 28, "CreateDirectoryW": 1, "NtCreateFile": 18, "GetFileAttributesW": 10, "SetFilePointerEx": 1, "SetErrorMode": 22, "FindFirstFileExW": 9, "RegOpenKeyExW": 411, "NtQueryAttributesFile": 2, "GetFileAttributesExW": 4, "SetUnhandledExceptionFilter": 1, "RegSetValueExW": 8, "GetSystemWindowsDirectoryA": 1, "NtProtectVirtualMemory": 30, "SetFilePointer": 4, "CreateProcessInternalW": 1, "GetSystemTimeAsFileTime": 7, "ShellExecuteExW": 1, "RegCloseKey": 224, "OleInitialize": 1, "NtClose": 80, "GetVolumeNameForVolumeMountPointW": 3, "NtQueryValueKey": 10, "RegQueryValueExA": 3, "NtReadFile": 9, "GetUserNameExW": 1, "NtOpenKey": 18, "NtAllocateVirtualMemory": 44, "NtQueryInformationFile": 5, "NtMapViewOfSection": 14, "LdrGetDllHandle": 23, "GetVolumePathNamesForVolumeNameW": 6, "NtFreeVirtualMemory": 13, "GetFileSizeEx": 1, "LoadStringW": 23, "GlobalMemoryStatusEx": 1, "RegOpenKeyExA": 11, "NtOpenDirectoryObject": 1, "LdrGetProcedureAddress": 221, "RegEnumKeyExA": 412, "NtCreateSection": 9, "LdrUnloadDll": 2, "RegEnumKeyW": 20, "GetFileInformationByHandleEx": 1, "RegQueryValueExW": 630, "NtOpenSection": 12, "GetSystemWindowsDirectoryW": 9, "CoUninitialize": 4, "GetDiskFreeSpaceW": 1, "CreateActCtxW": 2, "GetShortPathNameW": 9}, "class": "malware"}