{"class": "malware", "name": "73dd5d9c-a1a3-11e6-a41a-80e65024849a.file", "apistats": {"GetNativeSystemInfo": 1, "RegQueryValueExW": 1, "NtProtectVirtualMemory": 2, "RegQueryValueExA": 38, "NtAllocateVirtualMemory": 2, "NtQueryValueKey": 1, "LookupPrivilegeValueW": 8, "GetUserNameA": 1, "NtMapViewOfSection": 1, "LdrLoadDll": 22, "NtCreateFile": 1, "NtCreateSection": 1, "OleInitialize": 1, "RegEnumKeyExA": 13, "LdrGetDllHandle": 1, "RegOpenKeyExW": 1, "RegCloseKey": 38, "SetUnhandledExceptionFilter": 1, "NtClose": 12, "LdrGetProcedureAddress": 123, "GetSystemWindowsDirectoryW": 1, "GetSystemTimeAsFileTime": 1, "RegOpenKeyExA": 37}}