{"name": "7412e1de-adcb-11e6-965f-80e65024849a.file", "apistats": {"NtWriteFile": 1, "SendNotifyMessageW": 2, "NtUnmapViewOfSection": 14, "RegEnumKeyExW": 23, "CreateThread": 2, "socket": 3, "NtOpenFile": 4, "NtFreeVirtualMemory": 10, "GetFileVersionInfoW": 1, "NtQueryKey": 4, "GetForegroundWindow": 3, "GetSystemInfo": 4, "LoadResource": 225, "LoadStringW": 7, "NtOpenProcess": 40, "NtCreateKey": 21, "setsockopt": 3, "CoInitializeEx": 32, "GetTempPathW": 1, "NtCreateMutant": 1, "GetCursorPos": 1, "NtAllocateVirtualMemory": 34, "NtQueryDirectoryFile": 10, "NtDuplicateObject": 13, "SHGetFolderPathW": 2, "CoCreateInstance": 8, "GetAdaptersAddresses": 1, "NtQuerySystemInformation": 1, "RegDeleteValueW": 3, "FindFirstFileExW": 14, "GetVolumePathNameW": 1, "LdrLoadDll": 38, "NtMapViewOfSection": 19, "GetComputerNameW": 2, "NtCreateFile": 28, "GetFileAttributesW": 8, "InternetCrackUrlW": 1, "SetErrorMode": 9, "GetSystemDirectoryW": 2, "RegOpenKeyExW": 559, "GetBestInterfaceEx": 2, "NtOpenSection": 6, "CreateActCtxW": 1, "DeviceIoControl": 1, "RegSetValueExW": 15, "NetShareEnum": 1, "NtProtectVirtualMemory": 35, "SetFilePointer": 3, "EnumWindows": 4, "DrawTextExW": 75, "GetAddrInfoW": 1, "NtOpenKeyEx": 809, "UuidCreate": 2, "GetFileInformationByHandle": 1, "RegCloseKey": 399, "HttpOpenRequestW": 1, "InternetConnectW": 1, "NtClose": 933, "GetVolumeNameForVolumeMountPointW": 3, "NtQueryValueKey": 746, "RegQueryValueExA": 1, "NtSetValueKey": 23, "NtOpenKey": 774, "FindWindowW": 3, "GlobalMemoryStatusEx": 1, "NtQueryInformationFile": 2, "CreateDirectoryW": 1, "LdrGetDllHandle": 11, "GetVolumePathNamesForVolumeNameW": 6, "NtOpenMutant": 1, "GetSystemMetrics": 244, "RegCreateKeyExW": 8, "FindResourceExW": 222, "closesocket": 3, "NtDelayExecution": 1, "GetFileSizeEx": 12, "WSAStartup": 4, "NtReadFile": 15, "RegOpenKeyExA": 3, "GetSystemTimeAsFileTime": 58, "LdrGetProcedureAddress": 131, "InternetOpenW": 1, "FindResourceW": 11, "NtCreateSection": 6, "GetFileVersionInfoSizeW": 1, "LdrUnloadDll": 3, "RegEnumKeyW": 109, "SizeofResource": 6, "NtDeviceIoControlFile": 22, "GetFileInformationByHandleEx": 12, "DeleteUrlCacheEntryW": 1, "GetSystemWindowsDirectoryW": 1, "CoUninitialize": 28, "GetKeyState": 58, "RegQueryValueExW": 2246}, "class": "malware"}