{"class": "malware", "name": "74572b6b-b5b0-11e6-afef-80e65024849a.file", "apistats": {"GetNativeSystemInfo": 1, "FindResourceExW": 2, "NtOpenKey": 28, "NtSetContextThread": 1, "CryptDecrypt": 1, "NtProtectVirtualMemory": 1, "NtAllocateVirtualMemory": 45, "CreateActCtxW": 1, "GetFileInformationByHandleEx": 12, "NtQueryDirectoryFile": 7, "DeleteFileW": 2, "OleInitialize": 1, "LdrGetDllHandle": 22, "RegOpenKeyExW": 456, "FindWindowExW": 129, "LdrGetProcedureAddress": 76, "GetSystemTimeAsFileTime": 38, "CryptAcquireContextW": 1, "NtOpenFile": 2, "NtWriteFile": 16, "GetVolumeNameForVolumeMountPointW": 3, "NtFreeVirtualMemory": 54, "SetErrorMode": 1, "NtMapViewOfSection": 6, "GetVolumePathNamesForVolumeNameW": 6, "LdrLoadDll": 59, "NtCreateFile": 50, "FindFirstFileExW": 1, "CreateProcessInternalW": 1, "CryptCreateHash": 1, "LoadStringW": 1, "NtOpenProcess": 14, "GetFileSize": 15, "CoUninitialize": 15, "GetFileAttributesW": 27, "NtCreateMutant": 2, "NtTerminateProcess": 3, "CryptHashData": 1, "GetTempPathW": 1, "RegQueryValueExA": 1, "NtQueryValueKey": 10, "LoadResource": 2, "RtlAddVectoredExceptionHandler": 1, "NtQueryAttributesFile": 1, "GlobalMemoryStatusEx": 1, "NtCreateSection": 4, "LdrUnloadDll": 4, "SetFilePointer": 7, "NtDuplicateObject": 3, "GetFileSizeEx": 12, "CreateDirectoryW": 13, "RegCloseKey": 342, "SetFileTime": 4, "RegOpenKeyExA": 5, "NtUnmapViewOfSection": 8, "NtReadFile": 153, "RegEnumKeyW": 109, "RegQueryValueExW": 2196, "NtOpenSection": 5, "GetComputerNameA": 1, "GetSystemDirectoryW": 13, "RtlDecompressBuffer": 1, "RtlRemoveVectoredExceptionHandler": 1, "NtQuerySystemInformation": 1, "NtGetContextThread": 1, "NtClose": 161, "CoCreateInstance": 2, "GetSystemWindowsDirectoryW": 7, "CoInitializeEx": 15}}