{"class": "malware", "name": "74e05b85-adcb-11e6-825c-80e65024849a.file", "apistats": {"FindResourceExW": 1, "NtOpenKey": 6, "SetUnhandledExceptionFilter": 1, "NtProtectVirtualMemory": 38, "GetAddrInfoW": 2, "NtDuplicateObject": 11, "GetForegroundWindow": 32, "NtDeviceIoControlFile": 46, "LdrGetDllHandle": 5, "GetBestInterfaceEx": 4, "CreateActCtxW": 1, "RegSetValueExW": 28, "NtMapViewOfSection": 12, "SHGetFolderPathW": 3, "EnumWindows": 3, "socket": 6, "RegOpenKeyExW": 67, "GetKeyState": 12, "CreateDirectoryW": 7, "LdrGetProcedureAddress": 385, "GetSystemTimeAsFileTime": 9, "LdrUnloadDll": 2, "OutputDebugStringA": 2, "CreateThread": 1, "NtFreeVirtualMemory": 4, "SetErrorMode": 6, "SendNotifyMessageW": 1, "NtDelayExecution": 24, "LdrLoadDll": 29, "NtCreateFile": 10, "NtAllocateVirtualMemory": 11, "RegQueryValueExA": 6, "Process32NextW": 32, "CopyFileW": 1, "DeleteUrlCacheEntryW": 1, "NtQueryKey": 1994, "RegOpenKeyExA": 12, "GetFileAttributesW": 3, "RegCreateKeyExW": 14, "NtCreateKey": 36, "RegEnumValueA": 13, "closesocket": 6, "GetFileSize": 1, "InternetConnectW": 1, "WSAStartup": 8, "setsockopt": 6, "NtCreateSection": 4, "DeviceIoControl": 2, "NtOpenProcess": 2, "CoInitializeEx": 2, "InternetOpenW": 1, "GetSystemInfo": 1, "CreateToolhelp32Snapshot": 1, "HttpOpenRequestW": 1, "NtQueryValueKey": 204, "RegCloseKey": 289, "GetSystemMetrics": 4, "CoUninitialize": 2, "NtUnmapViewOfSection": 11, "NtReadFile": 1, "RegEnumKeyExW": 4, "RegEnumKeyW": 175, "RegQueryValueExW": 92, "GetSystemDirectoryW": 2, "NtSetValueKey": 38, "GetFileVersionInfoSizeW": 2, "GetCursorPos": 2, "GetFileVersionInfoW": 2, "RegDeleteValueW": 6, "GetAdaptersAddresses": 3, "NtClose": 220, "CoCreateInstance": 4, "NtOpenKeyEx": 1244, "GetSystemWindowsDirectoryW": 1, "Process32FirstW": 1}}