{"apistats": {"NtOpenSection": 1, "RegCloseKey": 12, "GetBestInterfaceEx": 2, "NtDuplicateObject": 6, "NtSetInformationFile": 3, "WSAStartup": 2, "GetFileAttributesW": 6, "CryptCreateHash": 1, "NtCreateThreadEx": 1, "RegOpenKeyExW": 12, "NtDelayExecution": 15, "SetErrorMode": 57, "SearchPathW": 9, "NtAllocateVirtualMemory": 5, "RegOpenKeyExA": 1, "SHGetFolderPathW": 2, "GetCursorPos": 2, "GetComputerNameW": 1, "NtResumeThread": 1, "CryptAcquireContextA": 1, "CoInitializeEx": 1, "RegEnumKeyExW": 1, "FindResourceExW": 6, "NtCreateFile": 1, "GetSystemTimeAsFileTime": 1, "FindFirstFileExW": 6, "closesocket": 1, "FindWindowExA": 1, "NtCreateSection": 1, "NtOpenMutant": 1, "LoadResource": 2, "InternetOpenA": 35, "SetFileAttributesW": 1, "SetUnhandledExceptionFilter": 1, "NtQueryInformationFile": 1, "CreateProcessInternalW": 1, "NtQueryValueKey": 1, "RegCreateKeyExW": 16, "LdrUnloadDll": 17, "InternetSetStatusCallback": 35, "GetSystemInfo": 10, "RegQueryValueExA": 1, "OpenServiceW": 2, "GetSystemWindowsDirectoryW": 2, "NtClose": 3, "NtOpenProcess": 5, "CryptHashData": 1, "RegQueryValueExW": 12, "NtMapViewOfSection": 2, "NetUserGetInfo": 2, "CreateActCtxW": 2, "GetUserNameW": 2, "SetFileTime": 1, "NtDeviceIoControlFile": 5, "NtReadFile": 3, "NtWriteFile": 2, "LdrGetDllHandle": 13, "RtlDecompressBuffer": 28, "NtEnumerateValueKey": 21, "CreateThread": 2, "NtQueryDirectoryFile": 10, "timeGetTime": 4, "LoadStringW": 77, "__exception__": 3, "NtFreeVirtualMemory": 1, "GetVolumeNameForVolumeMountPointW": 2, "NtCreateMutant": 8, "NtProtectVirtualMemory": 91, "setsockopt": 1, "socket": 1, "RegSetValueExW": 22, "NtOpenKey": 480, "OpenSCManagerW": 2, "LdrGetProcedureAddress": 26, "NtOpenThread": 2, "GetFileSizeEx": 2, "LdrLoadDll": 5, "InternetCrackUrlA": 7664, "UuidCreate": 3}, "name": "74e595eb-a1a3-11e6-bcac-80e65024849a.file", "class": "malware"}