{"name": "7ad2fcca-2702-11e8-879c-80e65024849a.file", "apistats": {"RtlAddVectoredContinueHandler": 1, "NtUnmapViewOfSection": 5, "RegEnumKeyExW": 14, "CreateThread": 2, "NtClose": 53, "NtQueryValueKey": 12, "NtOpenKey": 22, "GetSystemDirectoryW": 4, "NtQueryDirectoryFile": 2, "NtAllocateVirtualMemory": 456, "GetSystemInfo": 61, "GetFileSize": 7, "NtOpenProcess": 2, "NtResumeThread": 2, "LdrGetDllHandle": 73, "NtOpenMutant": 1, "NtCreateMutant": 4, "NtFreeVirtualMemory": 196, "NtDelayExecution": 45, "NtDuplicateObject": 1, "SHGetFolderPathW": 2, "GetFileVersionInfoSizeW": 2, "NtQuerySystemInformation": 1, "FindFirstFileExW": 13, "LoadStringW": 4, "NtEnumerateValueKey": 7, "NtReadFile": 10, "RegOpenKeyExA": 1, "LdrLoadDll": 26, "NtMapViewOfSection": 16, "NtEnumerateKey": 2, "RegQueryInfoKeyW": 3, "NtOpenDirectoryObject": 1, "LdrGetProcedureAddress": 216, "NtCreateFile": 77, "IsDebuggerPresent": 1, "GetFileAttributesW": 20, "GlobalMemoryStatus": 1, "NtCreateSection": 14, "GetFileVersionInfoW": 2, "RegOpenKeyExW": 64, "NtQueryAttributesFile": 3, "LdrUnloadDll": 3, "CoInitializeEx": 2, "GetFileAttributesExW": 6, "SetUnhandledExceptionFilter": 1, "RegEnumValueW": 3, "GetSystemTimeAsFileTime": 5, "NtProtectVirtualMemory": 26, "SetErrorMode": 40, "NtOpenSection": 4, "GetSystemWindowsDirectoryW": 2, "RegCloseKey": 37, "RegQueryValueExW": 83, "NtOpenKeyEx": 2, "CreateActCtxW": 3, "GetShortPathNameW": 1, "GetFileInformationByHandle": 4}, "class": "malware"}