{"apistats": {"NtOpenSection": 5, "CoUninitialize": 19, "RegCloseKey": 352, "GetBestInterfaceEx": 2, "NtDuplicateObject": 5, "WSAStartup": 6, "GetAdaptersAddresses": 1, "GetForegroundWindow": 1, "GetFileAttributesW": 26, "GetVolumePathNamesForVolumeNameW": 6, "setsockopt": 5, "GetSystemMetrics": 3, "GetFileSize": 1, "RegOpenKeyExW": 489, "SetErrorMode": 1, "NtAllocateVirtualMemory": 19, "RegOpenKeyExA": 7, "DeleteFileW": 2, "FindResourceExA": 1, "GetFileSizeEx": 12, "CoCreateInstance": 7, "RegEnumKeyExW": 2, "CreateDirectoryW": 8, "FindResourceExW": 3, "NtCreateFile": 43, "GetSystemTimeAsFileTime": 43, "GlobalMemoryStatusEx": 1, "FindFirstFileExW": 1, "closesocket": 5, "GetFileInformationByHandleEx": 12, "GetTempPathW": 1, "InternetSetOptionA": 2, "CoInitializeEx": 20, "LoadResource": 4, "InternetOpenA": 1, "NtClose": 131, "RegCreateKeyExW": 7, "GetNativeSystemInfo": 2, "NtQueryKey": 4, "HttpOpenRequestA": 1, "RegQueryValueExA": 2, "GetSystemWindowsDirectoryW": 7, "NtQueryValueKey": 11, "NtOpenProcess": 14, "NtCreateSection": 3, "RegQueryValueExW": 2232, "NtMapViewOfSection": 5, "CreateActCtxW": 1, "RegEnumKeyW": 109, "InternetConnectA": 1, "InternetQueryOptionA": 1, "NtDeviceIoControlFile": 30, "NtReadFile": 235, "NtWriteFile": 2, "LdrGetDllHandle": 41, "LdrUnloadDll": 3, "NtQuerySystemInformation": 1, "OleInitialize": 1, "NtOpenFile": 1, "CreateThread": 1, "NtUnmapViewOfSection": 1, "SetFilePointer": 5, "GetSystemDirectoryW": 2, "NtQueryDirectoryFile": 7, "LoadStringW": 1, "NtFreeVirtualMemory": 19, "GetVolumeNameForVolumeMountPointW": 3, "GetSystemDirectoryA": 5, "NtCreateMutant": 2, "NtProtectVirtualMemory": 49, "GetAddrInfoW": 1, "SHGetFolderPathW": 1, "RegDeleteValueW": 3, "socket": 5, "RegSetValueExW": 14, "NtOpenKey": 36, "LdrGetProcedureAddress": 118, "LdrLoadDll": 36, "InternetCrackUrlA": 1, "UuidCreate": 1}, "name": "7ca42c78-aa57-11e6-b51c-80e65024849a.file", "class": "malware"}