{"class": "malware", "name": "7cdd745e-a1a3-11e6-99b0-80e65024849a.file", "apistats": {"GetNativeSystemInfo": 1, "NtQueryInformationFile": 1, "GetSystemWindowsDirectoryA": 1, "NtOpenFile": 1, "LookupAccountSidW": 2, "SetUnhandledExceptionFilter": 3, "GetUserNameA": 1, "NtProtectVirtualMemory": 14, "NtAllocateVirtualMemory": 13, "NtFreeVirtualMemory": 4, "SetErrorMode": 1, "LdrLoadDll": 16, "RegCreateKeyExA": 1, "RegQueryValueExA": 4, "LdrGetDllHandle": 31, "RegOpenKeyExW": 2, "NtOpenDirectoryObject": 1, "RegCloseKey": 1, "GetVolumeNameForVolumeMountPointW": 1, "NtClose": 14, "LdrGetProcedureAddress": 222, "GetSystemTimeAsFileTime": 3, "RegOpenKeyExA": 1}}