{"class": "malware", "apistats": {"NtSetInformationFile": 3, "GetSystemWindowsDirectoryW": 2, "NtQueryValueKey": 3, "GetNativeSystemInfo": 4, "NtMapViewOfSection": 3, "CreateActCtxW": 4, "CreateDirectoryW": 1, "GlobalMemoryStatusEx": 1, "NtCreateFile": 1, "OleInitialize": 1, "NtOpenProcess": 14, "NtClose": 6, "RegQueryValueExW": 9, "NtQueryDirectoryFile": 2, "GetForegroundWindow": 1, "NtWriteFile": 1, "NtOpenFile": 1, "LoadStringW": 1, "GetFileSizeEx": 13, "ShellExecuteExW": 1, "CreateProcessInternalW": 1, "RegEnumKeyW": 109, "RegOpenKeyExA": 2, "LdrUnloadDll": 6, "NtOpenSection": 1, "CoUninitialize": 17, "GetFileAttributesExW": 4, "OpenSCManagerW": 1, "RegCloseKey": 13, "NtTerminateProcess": 3, "CoCreateInstance": 4, "NtReadFile": 13, "LdrGetProcedureAddress": 27, "LdrGetDllHandle": 5, "NtAllocateVirtualMemory": 11, "SetErrorMode": 1, "NtQuerySystemInformation": 1, "GetSystemInfo": 1, "NtDelayExecution": 2, "GetFileInformationByHandleEx": 12, "GetSystemTimeAsFileTime": 1, "NtResumeThread": 1, "NtCreateMutant": 3, "GetVolumeNameForVolumeMountPointW": 3, "LdrLoadDll": 13, "GetFileAttributesW": 1, "NtOpenKey": 3, "IsDebuggerPresent": 1, "FindResourceExW": 10, "StartServiceW": 1, "NtDuplicateObject": 5, "NtCreateThreadEx": 1, "RegOpenKeyExW": 23, "SHGetFolderPathW": 2, "GetSystemMetrics": 30, "NtFreeVirtualMemory": 2, "OpenServiceW": 1, "NtProtectVirtualMemory": 2, "NtCreateSection": 1, "LoadResource": 10, "GetVolumePathNamesForVolumeNameW": 6, "RegQueryValueExA": 1, "NtUnmapViewOfSection": 7, "NtOpenDirectoryObject": 1, "SetUnhandledExceptionFilter": 1, "CoInitializeEx": 1, "GetSystemDirectoryW": 1, "CreateThread": 1}, "name": "7d3e9519-8832-11e7-ac40-80e65024849a.file"}