{"apistats": {"NtOpenSection": 2, "CoUninitialize": 2, "RegCloseKey": 30, "GetBestInterfaceEx": 4, "NtDuplicateObject": 3, "NtCreateKey": 1, "WSAStartup": 3, "GetFileVersionInfoSizeW": 1, "GetAdaptersAddresses": 8, "GetFileAttributesW": 13, "CryptCreateHash": 2, "GetSystemMetrics": 18, "NtCreateThreadEx": 1, "GetFileSize": 8, "RegOpenKeyExW": 48, "NtDelayExecution": 10, "SetErrorMode": 18, "NtAllocateVirtualMemory": 81, "GetFileInformationByHandle": 2, "RegOpenKeyExA": 1, "NtResumeThread": 4, "CryptAcquireContextA": 2, "GetFileAttributesExW": 1, "RegEnumKeyExW": 14, "FindResourceExW": 1, "CryptDecodeObjectEx": 10, "NtCreateFile": 37, "GetSystemTimeAsFileTime": 13, "NtCreateSection": 13, "FindFirstFileExW": 11, "RegEnumValueW": 3, "LdrGetDllHandle": 148, "NtSetValueKey": 7, "CoInitializeEx": 2, "LoadResource": 1, "NtQueryValueKey": 181, "LdrUnloadDll": 6, "DeviceIoControl": 1, "NtOpenMutant": 1, "NtQueryKey": 73, "GetShortPathNameW": 1, "GetSystemInfo": 46, "IsDebuggerPresent": 1, "GetSystemWindowsDirectoryW": 5, "NtClose": 301, "NtOpenProcess": 3, "RegQueryValueExW": 40, "NtMapViewOfSection": 16, "RtlAddVectoredContinueHandler": 1, "CreateActCtxW": 2, "NtDeviceIoControlFile": 35, "NtReadFile": 8, "NtFreeVirtualMemory": 19, "NtQuerySystemInformation": 1, "NtEnumerateValueKey": 145, "CertOpenStore": 11, "NtOpenFile": 2, "CreateThread": 4, "NtUnmapViewOfSection": 13, "RegQueryInfoKeyW": 3, "SetFilePointer": 4, "GetSystemDirectoryW": 4, "NtQueryDirectoryFile": 2, "SetUnhandledExceptionFilter": 1, "NtQueryAttributesFile": 2, "NtCreateMutant": 6, "NtProtectVirtualMemory": 24, "SHGetFolderPathW": 1, "GlobalMemoryStatus": 1, "LoadStringW": 169, "NtOpenKey": 36, "LdrGetProcedureAddress": 441, "CertControlStore": 1, "GetFileVersionInfoW": 1, "NtEnumerateKey": 103, "NtOpenDirectoryObject": 1, "NtOpenKeyEx": 209, "LdrLoadDll": 74}, "name": "7da0cd33-b5b0-11e6-8ca9-80e65024849a.file", "class": "malware"}