{"apistats": {"NtReadFile": 10, "CoInitializeEx": 2, "FindFirstFileExW": 15, "NtClose": 64, "GetFileAttributesW": 35, "CreateThread": 3, "NtFreeVirtualMemory": 294, "GlobalMemoryStatus": 1, "NtEnumerateKey": 2, "NtProtectVirtualMemory": 30, "GetSystemWindowsDirectoryW": 2, "RegCloseKey": 45, "GetFileSize": 7, "RegQueryValueExW": 120, "NtCreateSection": 18, "NtQueryAttributesFile": 3, "LdrGetProcedureAddress": 284, "NtOpenKey": 23, "NtOpenSection": 4, "FindResourceExW": 1, "LoadStringW": 4, "NtQueryDirectoryFile": 2, "NtOpenMutant": 1, "RegOpenKeyExW": 72, "NtOpenDirectoryObject": 1, "RegEnumValueW": 3, "LdrGetDllHandle": 82, "UuidCreate": 6, "SHGetFolderPathW": 2, "NtDelayExecution": 80, "NtQueryValueKey": 12, "GetFileAttributesExW": 6, "GetFileVersionInfoW": 4, "LdrLoadDll": 39, "NtAllocateVirtualMemory": 800, "LdrUnloadDll": 3, "CreateActCtxW": 3, "NtOpenKeyEx": 6, "GetFileInformationByHandle": 8, "NtMapViewOfSection": 24, "GetSystemDirectoryW": 5, "GetFileVersionInfoSizeW": 4, "NtUnmapViewOfSection": 7, "NtResumeThread": 2, "NtCreateFile": 115, "RegEnumKeyExW": 14, "RegOpenKeyExA": 1, "SetErrorMode": 68, "NtCreateMutant": 4, "NtOpenProcess": 5, "ReadProcessMemory": 6279, "GetShortPathNameW": 1, "NtQuerySystemInformation": 3, "RtlAddVectoredContinueHandler": 1, "GetSystemInfo": 80, "NtEnumerateValueKey": 7, "NtQueryKey": 4, "GetSystemMetrics": 3, "SetUnhandledExceptionFilter": 1, "GetSystemTimeAsFileTime": 6, "RegQueryInfoKeyW": 3, "LookupPrivilegeValueW": 1, "NtDuplicateObject": 1, "IsDebuggerPresent": 1}, "class": "malware", "name": "7dd1344f-2702-11e8-87cf-80e65024849a.file"}