{"apistats": {"NtOpenSection": 4, "CoUninitialize": 1, "RegCloseKey": 56, "LdrUnloadDll": 6, "NtTerminateProcess": 3, "GetFileVersionInfoSizeW": 3, "CoInitializeEx": 6, "GetFileAttributesW": 59, "GetFileSize": 7, "RegOpenKeyExW": 83, "NtDelayExecution": 144, "SetErrorMode": 80, "NtAllocateVirtualMemory": 802, "GetFileInformationByHandle": 8, "RegOpenKeyExA": 1, "DeleteFileW": 3, "NtResumeThread": 6, "GetFileAttributesExW": 8, "ReadProcessMemory": 18746, "RegEnumKeyExW": 14, "NtCreateFile": 165, "GetSystemTimeAsFileTime": 6, "GlobalMemoryStatusEx": 7, "FindFirstFileExW": 15, "RegEnumValueW": 3, "NtCreateSection": 18, "NtOpenMutant": 1, "LoadResource": 1, "GetFileType": 2, "GetSystemWindowsDirectoryW": 2, "CreateProcessInternalW": 1, "NtClose": 94, "NtDuplicateObject": 4, "CopyFileW": 1, "WriteProcessMemory": 1, "GetShortPathNameW": 1, "GetSystemInfo": 80, "LdrGetProcedureAddress": 403, "IsDebuggerPresent": 1, "LookupPrivilegeValueW": 1, "NtQueryValueKey": 5, "NtOpenProcess": 13, "RegQueryValueExW": 175, "NtMapViewOfSection": 22, "RtlAddVectoredContinueHandler": 1, "SizeofResource": 1, "CreateActCtxW": 3, "NtDeviceIoControlFile": 2, "NtReadFile": 10, "NtWriteFile": 1, "LdrGetDllHandle": 171, "NtQuerySystemInformation": 3, "NtOpenFile": 4, "CreateThread": 6, "GetSystemDirectoryW": 4, "RegQueryInfoKeyW": 3, "SetFilePointer": 55, "NtUnmapViewOfSection": 11, "NtQueryDirectoryFile": 2, "SetUnhandledExceptionFilter": 2, "NtFreeVirtualMemory": 329, "NtQueryAttributesFile": 3, "NtCreateMutant": 4, "NtProtectVirtualMemory": 93, "SHGetFolderPathW": 8, "GlobalMemoryStatus": 1, "LoadStringW": 6, "NtOpenKey": 5, "FindResourceW": 1, "NtOpenThread": 1, "GetFileVersionInfoW": 3, "NtOpenDirectoryObject": 1, "NtOpenKeyEx": 2, "LdrLoadDll": 40}, "name": "7e00e830-f584-11e7-b04b-80e65024849a.file", "class": "malware"}