{"apistats": {"CreateToolhelp32Snapshot": 1, "LdrUnloadDll": 1, "RegCloseKey": 1, "DrawTextExW": 2, "NtSetContextThread": 1, "NtSetInformationFile": 1, "LdrGetProcedureAddress": 485, "NtTerminateProcess": 3, "NtClose": 3, "NtFreeVirtualMemory": 2, "Process32NextW": 31, "GetSystemMetrics": 17, "SizeofResource": 57, "RegOpenKeyExW": 1, "NtDelayExecution": 44, "SetErrorMode": 2, "NtAllocateVirtualMemory": 8, "RegOpenKeyExA": 5, "NtMapViewOfSection": 4, "GetSystemInfo": 3, "Process32FirstW": 1, "GetCursorPos": 46, "NtQuerySystemInformation": 1, "NtResumeThread": 1, "NtOpenFile": 1, "LoadStringA": 96, "GetSystemDirectoryW": 4, "NtUnmapViewOfSection": 1, "FindResourceExW": 21, "NtCreateFile": 1, "GetSystemTimeAsFileTime": 2, "NtQueryAttributesFile": 4, "NtCreateMutant": 2, "NtProtectVirtualMemory": 2, "SHGetFolderPathW": 1, "LdrGetDllHandle": 11, "NtCreateSection": 2, "NtGetContextThread": 1, "RegSetValueExW": 1, "NtOpenKey": 1, "NtOpenMutant": 1, "LoadResource": 15, "FindResourceW": 57, "NtOpenDirectoryObject": 3, "NtOpenKeyEx": 7, "LdrLoadDll": 18, "CreateProcessInternalW": 2, "NtQueryValueKey": 1}, "name": "7fdf8647-2702-11e8-937a-80e65024849a.file", "class": "malware"}