{"apistats": {"NtReadFile": 10, "CoInitializeEx": 4, "FindFirstFileExW": 14, "NtClose": 39, "NtDeviceIoControlFile": 2, "GetFileAttributesW": 40, "LoadStringW": 4, "DeleteFileW": 3, "NtFreeVirtualMemory": 198, "GlobalMemoryStatus": 1, "FindResourceW": 1, "NtProtectVirtualMemory": 50, "GetSystemWindowsDirectoryW": 2, "CreateProcessInternalW": 1, "RegCloseKey": 45, "CoUninitialize": 1, "GetFileSize": 7, "CopyFileW": 1, "NtTerminateProcess": 3, "RegQueryValueExW": 120, "NtQueryAttributesFile": 3, "LdrGetProcedureAddress": 237, "NtOpenKey": 2, "SetUnhandledExceptionFilter": 1, "CreateThread": 4, "NtQueryDirectoryFile": 2, "GlobalMemoryStatusEx": 6, "NtOpenMutant": 1, "SizeofResource": 1, "RegOpenKeyExW": 71, "NtOpenDirectoryObject": 1, "WriteProcessMemory": 1, "RegEnumValueW": 3, "NtWriteFile": 1, "LdrGetDllHandle": 87, "NtDuplicateObject": 1, "SHGetFolderPathW": 2, "NtDelayExecution": 85, "NtOpenFile": 4, "NtQueryValueKey": 2, "GetFileAttributesExW": 6, "GetFileVersionInfoW": 1, "NtOpenThread": 1, "LdrLoadDll": 26, "NtCreateSection": 13, "LdrUnloadDll": 3, "NtUnmapViewOfSection": 6, "NtOpenKeyEx": 2, "GetFileInformationByHandle": 6, "NtMapViewOfSection": 17, "GetSystemDirectoryW": 4, "GetFileVersionInfoSizeW": 1, "CreateActCtxW": 3, "NtResumeThread": 4, "SetErrorMode": 46, "SetFilePointer": 55, "RegEnumKeyExW": 14, "NtAllocateVirtualMemory": 520, "RegOpenKeyExA": 1, "NtCreateFile": 113, "NtCreateMutant": 4, "GetFileType": 4, "NtOpenProcess": 2, "ReadProcessMemory": 18747, "GetShortPathNameW": 1, "NtQuerySystemInformation": 1, "RtlAddVectoredContinueHandler": 1, "GetSystemInfo": 67, "NtOpenSection": 1, "GetSystemTimeAsFileTime": 5, "RegQueryInfoKeyW": 3, "LoadResource": 1, "LookupPrivilegeValueW": 1, "IsDebuggerPresent": 1}, "class": "malware", "name": "805c0b9e-e703-11e7-9acb-80e65024849a.file"}