{"apistats": {"GetUserNameExW": 1, "NtOpenSection": 7, "GetForegroundWindow": 1, "RegEnumKeyW": 59, "GetFileVersionInfoSizeW": 2, "GetFileAttributesW": 399, "GetVolumePathNamesForVolumeNameW": 6, "RegEnumKeyExA": 4, "RegOpenKeyExW": 431, "SearchPathW": 26, "SetErrorMode": 172, "ShellExecuteExW": 2, "RegOpenKeyExA": 397, "GetCursorPos": 35, "FindResourceExA": 1, "SetFilePointerEx": 2, "GetUserNameW": 1, "FindResourceExW": 238, "NtCreateFile": 277, "GetSystemTimeAsFileTime": 10, "GlobalMemoryStatusEx": 1, "LoadResource": 276, "SetFileAttributesW": 128, "NtQueryInformationFile": 71, "DeviceIoControl": 67, "RegQueryValueExA": 16, "CopyFileA": 2, "NtQueryValueKey": 19, "RegCreateKeyExA": 6, "RegQueryValueExW": 687, "CreateActCtxW": 2, "NtReadFile": 3634, "NtWriteFile": 78, "LdrGetDllHandle": 235, "NtQuerySystemInformation": 1, "NtSetValueKey": 1, "LoadStringA": 183, "CreateThread": 13, "GetSystemDirectoryW": 3, "LoadStringW": 6, "GetVolumeNameForVolumeMountPointW": 3, "GetSystemDirectoryA": 1, "CoInitializeEx": 67, "GlobalMemoryStatus": 1, "SetUnhandledExceptionFilter": 1, "LdrGetProcedureAddress": 526, "RegSetValueExA": 1, "LdrLoadDll": 44, "CreateToolhelp32Snapshot": 2, "CoUninitialize": 66, "RegCloseKey": 271, "NtDuplicateObject": 3, "NtSetInformationFile": 68, "GetSystemMetrics": 9001, "GetFileSize": 2, "GetShortPathNameW": 2, "NtAllocateVirtualMemory": 100, "CreateDirectoryW": 28, "DeleteFileW": 2, "GetNativeSystemInfo": 4, "NtResumeThread": 4, "SHGetFolderPathW": 14, "CoCreateInstance": 6, "RegEnumKeyExW": 21, "FindResourceW": 27, "FindFirstFileExW": 131, "GetFileInformationByHandleEx": 2, "NtCreateSection": 47, "NtOpenMutant": 1, "RegEnumValueA": 10, "GetFileType": 1, "CreateProcessInternalW": 1, "LdrUnloadDll": 14, "DrawTextExW": 929, "GetSystemInfo": 6, "FindWindowW": 1, "GetSystemWindowsDirectoryW": 7, "NtClose": 699, "NtOpenProcess": 14, "DrawTextExA": 165, "NtMapViewOfSection": 51, "Process32NextW": 66, "SizeofResource": 46, "GetFileSizeEx": 2, "SetFileTime": 60, "NtFreeVirtualMemory": 126, "Process32FirstW": 2, "GetKeyState": 2, "OleInitialize": 3, "NtOpenFile": 114, "SetFilePointer": 233, "NtUnmapViewOfSection": 47, "NtQueryDirectoryFile": 242, "__exception__": 17, "NtQueryAttributesFile": 30, "NtCreateMutant": 3, "GetFileAttributesExW": 197, "NtOpenKey": 37, "GetTempPathW": 2, "GetFileVersionInfoW": 2, "SHGetSpecialFolderLocation": 61, "FindResourceA": 63}, "name": "8427aaf5-b5b0-11e6-9f6d-80e65024849a.file", "class": "malware"}