{"class": "malware", "apistats": {"GetSystemWindowsDirectoryW": 1, "LdrGetProcedureAddress": 55, "Process32NextW": 31, "GetNativeSystemInfo": 2, "NtMapViewOfSection": 2, "NtOpenThread": 1, "CreateActCtxW": 4, "NtOpenKey": 4, "NtCreateFile": 75, "WSAStartup": 1, "NtClose": 29, "RegEnumKeyExA": 13, "RegQueryValueExW": 14, "NtQueryDirectoryFile": 6, "CreateProcessInternalW": 1, "NtOpenFile": 3, "Process32FirstW": 1, "WriteConsoleW": 1, "NtQueryValueKey": 3, "StartServiceA": 1, "OleInitialize": 1, "LookupPrivilegeValueW": 8, "OpenSCManagerW": 1, "RegOpenKeyExA": 349, "RegOpenKeyExW": 1, "NtReadFile": 2, "GetTempPathW": 1, "FindFirstFileExW": 93, "LdrGetDllHandle": 4, "NtAllocateVirtualMemory": 7, "NtOpenKeyEx": 2, "NtQueryInformationFile": 2, "GetSystemTimeAsFileTime": 2, "SetErrorMode": 1, "NtCreateMutant": 1, "LdrLoadDll": 13, "GetFileAttributesW": 1, "OpenServiceW": 2, "GetFileType": 6, "SHGetFolderPathW": 76, "GetUserNameA": 1, "NtFreeVirtualMemory": 2, "RegCloseKey": 38, "NtProtectVirtualMemory": 18, "UuidCreate": 1, "NtCreateSection": 2, "RegQueryValueExA": 39, "CreateToolhelp32Snapshot": 1, "NtQueryAttributesFile": 1, "SetUnhandledExceptionFilter": 2, "RegSetValueExA": 1, "RegCreateKeyExA": 1}, "name": "84adc997-fcba-11e6-a646-80e65024849a.file"}