{"class": "malware", "name": "85262559-d521-11e6-a463-80e65024849a.file", "apistats": {"GetNativeSystemInfo": 4, "FindResourceExW": 11, "NtQueryInformationFile": 38, "SetUnhandledExceptionFilter": 2, "NtProtectVirtualMemory": 112, "GetAddrInfoW": 3, "GetForegroundWindow": 2, "NtDeviceIoControlFile": 67, "NtOpenKey": 26, "LdrGetDllHandle": 44, "GetFileInformationByHandle": 3, "InternetConnectA": 1, "GetBestInterfaceEx": 6, "CreateActCtxW": 2, "InternetOpenA": 2, "RegSetValueExW": 55, "RegCreateKeyExA": 1, "DeleteFileW": 1, "SHGetFolderPathW": 2, "SetWindowsHookExW": 1, "socket": 8, "RegOpenKeyExW": 320, "GetKeyState": 6, "GetFileAttributesExW": 4, "LdrGetProcedureAddress": 351, "GetSystemTimeAsFileTime": 63, "DrawTextExA": 10, "CryptAcquireContextW": 1, "NtOpenFile": 39, "NtWriteFile": 1, "CreateThread": 7, "GetSystemDirectoryA": 17, "NtFreeVirtualMemory": 59, "SetErrorMode": 6, "FindFirstFileExW": 44, "NtDelayExecution": 12, "LdrLoadDll": 93, "NtCreateFile": 182, "GetUserNameExA": 2, "InternetCloseHandle": 1, "RegEnumValueW": 10, "RegEnumKeyExA": 13, "LoadStringW": 7, "NtOpenProcess": 9, "NtQueryKey": 8, "CoUninitialize": 14, "UuidCreate": 1, "NtCreateMutant": 6, "RegCreateKeyExW": 29, "InternetSetOptionA": 6, "GetTempPathW": 1, "NtOpenThread": 2, "RegQueryValueExA": 129, "RegDeleteValueW": 13, "NtQueryValueKey": 7, "LoadResource": 33, "GetUserNameExW": 2, "FindResourceA": 38, "WSAStartup": 13, "setsockopt": 8, "NtCreateSection": 6, "OpenServiceW": 1, "CoInitializeEx": 18, "NtOpenMutant": 1, "NtDuplicateObject": 5, "InternetCrackUrlA": 1, "HttpOpenRequestA": 1, "GetFileSizeEx": 2, "CreateDirectoryW": 9, "RegCloseKey": 230, "RegQueryValueExW": 332, "OpenSCManagerW": 1, "GetSystemInfo": 17, "GetSystemMetrics": 42, "RegOpenKeyExA": 34, "GetSystemWindowsDirectoryW": 3, "NtUnmapViewOfSection": 5, "NtReadFile": 3, "RegEnumKeyExW": 40, "GetTimeZoneInformation": 2, "UnhookWindowsHookEx": 1, "NtOpenSection": 5, "closesocket": 8, "SetWindowsHookExA": 2, "GetFileAttributesW": 23, "GetSystemDirectoryW": 3, "GetFileType": 3, "NtMapViewOfSection": 15, "GlobalMemoryStatusEx": 1, "SizeofResource": 17, "NtQueryDirectoryFile": 2, "NtResumeThread": 3, "RegQueryInfoKeyW": 4, "GetDiskFreeSpaceExW": 2, "GetCursorPos": 1, "GetAdaptersAddresses": 3, "NtClose": 282, "CoCreateInstance": 18, "NtAllocateVirtualMemory": 200, "NtCreateThreadEx": 1, "LdrUnloadDll": 28, "timeGetTime": 1}}