{"class": "malware", "apistats": {"CryptAcquireContextA": 2, "GetComputerNameW": 3, "NtCreateFile": 501, "FindResourceW": 1, "NtOpenKey": 3, "NtQueryDirectoryFile": 1070, "NtOpenMutant": 2, "NtWriteFile": 976, "NtOpenFile": 1001, "RegOpenKeyExA": 2, "LdrUnloadDll": 12, "RegCreateKeyExW": 1, "CoUninitialize": 2, "GetFileAttributesExW": 487, "OpenSCManagerW": 3, "GetTempPathW": 1, "FindFirstFileExW": 498, "NtAllocateVirtualMemory": 551, "GetSystemTimeAsFileTime": 495, "OpenServiceW": 3, "SetFileTime": 486, "LdrGetProcedureAddress": 343, "CryptHashData": 1, "NtCreateThreadEx": 1, "CoCreateInstance": 4, "RegEnumValueW": 2, "NtFreeVirtualMemory": 489, "RegCloseKey": 22, "NtProtectVirtualMemory": 24, "NtOpenProcess": 2586, "NtDeviceIoControlFile": 2, "CoInitializeSecurity": 1, "NtOpenDirectoryObject": 2516, "CoInitializeEx": 2, "NtSetInformationFile": 6, "LookupAccountSidW": 4, "GetSystemMetrics": 1, "GetNativeSystemInfo": 1, "NtMapViewOfSection": 1, "CryptEncrypt": 487, "NtTerminateThread": 36, "GetUserNameW": 1, "NtDuplicateObject": 2599, "NtClose": 13242, "RegQueryValueExW": 32, "SetFilePointer": 484, "LoadResource": 1, "LoadStringW": 1, "RegQueryInfoKeyW": 2, "NtQueryValueKey": 2, "CryptCreateHash": 1, "LookupPrivilegeValueW": 6, "RegOpenKeyExW": 28, "NtReadFile": 486, "MoveFileWithProgressW": 487, "LdrGetDllHandle": 28, "NtQuerySystemInformation": 10, "GetSystemInfo": 1, "NtDelayExecution": 27, "SizeofResource": 1, "NtQueryInformationFile": 1, "SetErrorMode": 1, "LdrLoadDll": 47, "GetSystemDirectoryW": 2, "DeviceIoControl": 4, "NtResumeThread": 1, "NtCreateSection": 1, "SetUnhandledExceptionFilter": 2, "CreateThread": 40, "GetComputerNameA": 1, "GetVolumeNameForVolumeMountPointW": 2}, "name": "852c5428-aea8-11e7-b775-80e65024849a.file"}