{"name": "868943c5-e703-11e7-b4a3-80e65024849a.file", "apistats": {"RtlAddVectoredContinueHandler": 1, "NtUnmapViewOfSection": 7, "CryptDecrypt": 874, "RegEnumKeyExW": 14, "NtCreateMutant": 4, "NtClose": 37, "NtQueryValueKey": 2, "SHGetFolderPathW": 2, "NtOpenKey": 2, "GetSystemDirectoryW": 4, "NtQueryDirectoryFile": 2, "NtAllocateVirtualMemory": 304, "GetSystemInfo": 62, "GetFileSize": 5, "NtOpenProcess": 2, "NtResumeThread": 2, "LdrGetDllHandle": 72, "NtOpenMutant": 1, "CreateThread": 2, "NtFreeVirtualMemory": 58, "NtDelayExecution": 50, "NtDuplicateObject": 1, "CryptAcquireContextW": 2, "GetFileVersionInfoSizeW": 4, "NtQuerySystemInformation": 1, "FindFirstFileExW": 15, "NtReadFile": 10, "RegOpenKeyExA": 1, "LdrLoadDll": 30, "NtMapViewOfSection": 15, "RegQueryInfoKeyW": 3, "NtOpenDirectoryObject": 1, "LdrGetProcedureAddress": 218, "NtCreateFile": 82, "IsDebuggerPresent": 1, "GetFileAttributesW": 18, "GlobalMemoryStatus": 1, "NtCreateSection": 11, "GetFileVersionInfoW": 4, "RegOpenKeyExW": 60, "LdrUnloadDll": 2, "CoInitializeEx": 2, "CryptEncrypt": 1, "GetFileAttributesExW": 5, "SetUnhandledExceptionFilter": 1, "RegEnumValueW": 3, "GetSystemTimeAsFileTime": 5, "NtProtectVirtualMemory": 30, "SetErrorMode": 50, "GetSystemWindowsDirectoryW": 2, "RegCloseKey": 39, "RegQueryValueExW": 87, "NtOpenKeyEx": 2, "CreateActCtxW": 3, "GetShortPathNameW": 1, "GetFileInformationByHandle": 8}, "class": "malware"}