{"name": "874188ba-a4bf-11e6-8dbc-80e65024849a.file", "apistats": {"SetErrorMode": 10, "RegEnumKeyExW": 33, "NtCreateMutant": 6, "socket": 3, "NtOpenFile": 1, "NtFreeVirtualMemory": 7, "GetFileVersionInfoW": 1, "GetSystemInfo": 3, "LoadResource": 30, "LoadStringW": 81, "GetNativeSystemInfo": 2, "RegOpenKeyExW": 48, "CoInitializeEx": 6, "GetTempPathW": 3, "CreateThread": 2, "GetCursorPos": 19, "FindFirstFileExW": 7, "GetBestInterfaceEx": 4, "NtQuerySystemInformation": 1, "NtDuplicateObject": 5, "CreateToolhelp32Snapshot": 3, "CreateDirectoryW": 4, "Process32FirstW": 3, "NtCreateFile": 1, "GetFileAttributesW": 11, "NtUnmapViewOfSection": 2, "GetSystemDirectoryW": 4, "setsockopt": 3, "SHGetSpecialFolderLocation": 3, "SetUnhandledExceptionFilter": 1, "RegSetValueExW": 1, "NtProtectVirtualMemory": 25, "EnumWindows": 1, "DrawTextExW": 3, "RegCloseKey": 24, "OleInitialize": 2, "InternetSetOptionA": 2, "NtClose": 47, "GetVolumeNameForVolumeMountPointW": 2, "NtQueryValueKey": 6, "RegQueryValueExA": 1, "NtOpenKey": 7, "NtAllocateVirtualMemory": 46, "LdrLoadDll": 60, "NtQueryInformationFile": 1, "NtResumeThread": 1, "NtMapViewOfSection": 3, "LdrGetDllHandle": 25, "GetVolumePathNamesForVolumeNameW": 6, "GetFileType": 3, "NtOpenMutant": 2, "GetSystemMetrics": 60, "RegCreateKeyExW": 1, "FindResourceExW": 28, "closesocket": 2, "GetFileVersionInfoSizeW": 1, "getsockname": 1, "WSAStartup": 4, "GlobalMemoryStatusEx": 1, "RegOpenKeyExA": 1, "RegQueryInfoKeyW": 1, "GetSystemTimeAsFileTime": 3, "LdrGetProcedureAddress": 1156, "FindResourceW": 5, "Process32NextW": 96, "NtCreateSection": 1, "bind": 1, "LdrUnloadDll": 1, "SetWindowsHookExW": 1, "SizeofResource": 4, "NtDeviceIoControlFile": 12, "NtOpenSection": 2, "GetSystemWindowsDirectoryW": 7, "CoUninitialize": 3, "GetKeyState": 3, "RegQueryValueExW": 17}, "class": "malware"}