{"class": "malware", "name": "879b87a1-b5b0-11e6-bab9-80e65024849a.file", "apistats": {"FindResourceW": 1, "GetNativeSystemInfo": 1, "FindResourceExW": 16, "NtOpenKey": 1, "GetTempPathW": 1, "SetUnhandledExceptionFilter": 1, "NtProtectVirtualMemory": 6, "RegQueryValueExA": 3, "NtAllocateVirtualMemory": 2, "NtQueryValueKey": 2, "LoadResource": 14, "FindResourceA": 35, "SetFilePointerEx": 16, "CreateActCtxW": 1, "NtQueryAttributesFile": 4, "NtQueryInformationFile": 5, "RegCreateKeyExA": 1, "FindFirstFileExW": 1, "NtCreateSection": 1, "SHGetFolderPathW": 2, "NtSetInformationFile": 7, "LdrUnloadDll": 3, "OleInitialize": 1, "LdrGetDllHandle": 7, "CreateToolhelp32Snapshot": 4, "RegOpenKeyExW": 1, "CreateDirectoryW": 1, "RegCloseKey": 5, "SetFileTime": 1, "RemoveDirectoryA": 2, "LdrGetProcedureAddress": 11, "GetSystemTimeAsFileTime": 1, "CoUninitialize": 1, "NtReadFile": 47, "NtOpenFile": 15, "NtWriteFile": 50, "RegQueryValueExW": 1, "RegDeleteValueA": 1, "NtUnmapViewOfSection": 1, "NtTerminateProcess": 3, "GetSystemDirectoryA": 3, "RegSetValueExA": 1, "NtFreeVirtualMemory": 2, "NtClose": 64, "GetDiskFreeSpaceW": 2, "SetErrorMode": 2, "GetFileType": 10, "NtMapViewOfSection": 1, "NtDelayExecution": 7, "LdrLoadDll": 4, "NtCreateFile": 3, "SizeofResource": 18, "NtQueryDirectoryFile": 2, "CreateProcessInternalW": 1, "Process32NextW": 132, "IsDebuggerPresent": 1, "DeleteFileW": 2, "GetSystemMetrics": 11, "GetFileAttributesW": 5, "GetSystemWindowsDirectoryW": 1, "Process32FirstW": 4, "timeGetTime": 8, "RegOpenKeyExA": 3}}