{"apistats": {"RegCreateKeyExW": 22, "NtDuplicateObject": 5, "NtOpenSection": 1, "CoUninitialize": 12, "RegCloseKey": 80, "NtQueryKey": 8, "GetBestInterfaceEx": 6, "GetComputerNameW": 1, "RegQueryValueExA": 1, "WSAStartup": 13, "NtOpenProcess": 2, "GetSystemWindowsDirectoryW": 1, "NtQueryValueKey": 6, "GetAdaptersAddresses": 3, "CryptHashData": 1, "GetFileAttributesW": 6, "RegQueryValueExW": 159, "CryptCreateHash": 1, "NtCreateThreadEx": 1, "RegOpenKeyExW": 90, "NtDeviceIoControlFile": 76, "NtAllocateVirtualMemory": 14, "CreateDirectoryW": 4, "NtMapViewOfSection": 2, "NtQuerySystemInformation": 1, "NtResumeThread": 1, "NtOpenFile": 1, "setsockopt": 10, "CoCreateInstance": 17, "GetSystemDirectoryW": 1, "RegEnumKeyExW": 6, "CryptAcquireContextW": 1, "SetUnhandledExceptionFilter": 1, "GetTempPathW": 1, "NtFreeVirtualMemory": 4, "GetSystemTimeAsFileTime": 23, "GlobalMemoryStatusEx": 1, "closesocket": 12, "NtProtectVirtualMemory": 54, "GetAddrInfoW": 3, "CoInitializeEx": 14, "RegDeleteValueW": 9, "LdrGetDllHandle": 1, "NtCreateSection": 1, "socket": 12, "RegSetValueExW": 43, "NtOpenKey": 13, "LdrGetProcedureAddress": 81, "RegOpenKeyExA": 1, "LdrLoadDll": 14, "NtCreateFile": 2, "GetUserNameExW": 2, "NtQueryInformationFile": 1, "DeleteUrlCacheEntryW": 1, "NtClose": 107}, "name": "887d86a1-9f66-11e7-88ab-80e65024849a.file", "class": "malware"}