{"class": "malware", "name": "88937ccc-4d49-11e7-9f9f-80e65024849a.file", "apistats": {"FindResourceW": 27, "GetNativeSystemInfo": 1, "FindResourceExW": 2, "NtOpenKey": 7, "SetFileAttributesW": 2, "NtProtectVirtualMemory": 14, "NtDuplicateObject": 5, "GetForegroundWindow": 1, "NtAllocateVirtualMemory": 106, "NtQueryInformationFile": 6, "CreateActCtxW": 2, "GetFileInformationByHandleEx": 2, "RegSetValueExW": 8, "NtQueryDirectoryFile": 12, "FindFirstFileExW": 12, "SHGetFolderPathW": 2, "NtSetInformationFile": 3, "OleInitialize": 2, "LdrGetDllHandle": 9, "SetFilePointerEx": 1, "RegOpenKeyExW": 280, "SetFilePointer": 12, "SetUnhandledExceptionFilter": 1, "LdrGetProcedureAddress": 445, "GetSystemTimeAsFileTime": 14, "GetFileAttributesExW": 4, "NtOpenFile": 4, "NtWriteFile": 165, "NtUnmapViewOfSection": 6, "NtFreeVirtualMemory": 47, "LookupPrivilegeValueW": 1, "SetErrorMode": 17, "NtMapViewOfSection": 10, "GetVolumePathNamesForVolumeNameW": 6, "LdrLoadDll": 39, "NtCreateFile": 64, "RegEnumValueW": 39, "RegQueryValueExA": 45, "LoadStringW": 22, "NtOpenProcess": 3, "CoUninitialize": 7, "UuidCreate": 1, "NtCreateMutant": 4, "NtTerminateProcess": 3, "GetTempPathW": 1, "CreateProcessInternalW": 1, "NtQueryValueKey": 5, "LoadResource": 11, "GetUserNameExW": 1, "FindResourceA": 9, "NtQueryAttributesFile": 17, "NtCreateSection": 4, "CoInitializeEx": 5, "NtOpenMutant": 1, "GetSystemInfo": 2, "SetFileTime": 2, "InternetCrackUrlA": 1, "GetFileSizeEx": 2, "CreateDirectoryW": 2, "RegCloseKey": 168, "GetVolumeNameForVolumeMountPointW": 3, "SearchPathW": 26, "GetSystemMetrics": 36, "RegOpenKeyExA": 2, "CreateThread": 3, "NtReadFile": 19, "RegEnumKeyExW": 12, "RegEnumKeyW": 2, "RegQueryValueExW": 251, "WSAStartup": 3, "NtOpenSection": 13, "GetFileAttributesW": 21, "GetSystemDirectoryW": 3, "GetFileType": 1, "SizeofResource": 9, "RegQueryInfoKeyW": 2, "GetDiskFreeSpaceExW": 2, "GetCursorPos": 1, "ShellExecuteExW": 1, "NtClose": 133, "CoCreateInstance": 4, "GetSystemWindowsDirectoryW": 10, "LdrUnloadDll": 19, "timeGetTime": 3}}