{"class": "malware", "name": "894a1bae-c041-11e6-a009-80e65024849a.file", "apistats": {"NtOpenKey": 4, "CryptDecrypt": 478, "NtProtectVirtualMemory": 32, "NtDuplicateObject": 1, "NtDeviceIoControlFile": 12, "GetFileInformationByHandle": 10, "GetBestInterfaceEx": 2, "CreateActCtxW": 2, "NtQueryDirectoryFile": 2, "NtMapViewOfSection": 19, "SHGetFolderPathW": 2, "LdrGetDllHandle": 73, "RegOpenKeyExW": 67, "NtOpenDirectoryObject": 1, "GetFileAttributesExW": 5, "SetUnhandledExceptionFilter": 1, "LdrGetProcedureAddress": 237, "GetSystemTimeAsFileTime": 5, "CryptAcquireContextW": 3, "RtlAddVectoredContinueHandler": 1, "CreateThread": 2, "NtFreeVirtualMemory": 198, "SetErrorMode": 64, "FindFirstFileExW": 16, "NtDelayExecution": 67, "LdrLoadDll": 38, "NtCreateFile": 103, "WSASocketW": 2, "NtAllocateVirtualMemory": 511, "RegEnumValueW": 3, "NtOpenProcess": 2, "NtQueryValueKey": 270, "RegOpenKeyExA": 1, "GetFileAttributesW": 23, "NtCreateMutant": 4, "RegQueryInfoKeyW": 3, "NtCreateKey": 7, "closesocket": 2, "GetFileSize": 6, "WSAStartup": 1, "setsockopt": 2, "NtCreateSection": 14, "LdrUnloadDll": 2, "NtOpenMutant": 1, "GetSystemInfo": 72, "RegCloseKey": 42, "CryptEncrypt": 2, "NtReadFile": 10, "RegEnumKeyExW": 14, "RegQueryValueExW": 109, "GlobalMemoryStatus": 1, "GetSystemDirectoryW": 4, "GetShortPathNameW": 1, "NtResumeThread": 2, "NtUnmapViewOfSection": 8, "NtQuerySystemInformation": 1, "GetFileVersionInfoSizeW": 5, "IsDebuggerPresent": 1, "GetFileVersionInfoW": 5, "GetAdaptersAddresses": 2, "NtClose": 76, "NtOpenKeyEx": 32, "GetSystemWindowsDirectoryW": 2, "CoInitializeEx": 2}}