{"name": "8978702e-3038-11e8-bac7-80e65024849a.file", "apistats": {"NtWriteFile": 1, "SetErrorMode": 56, "RegEnumKeyExW": 21, "CreateThread": 2, "NtOpenFile": 4, "NtFreeVirtualMemory": 52, "GetFileVersionInfoW": 1, "GetSystemInfo": 11, "LoadResource": 57, "LoadStringW": 45, "DrawTextExA": 69, "NtOpenProcess": 20, "GetNativeSystemInfo": 1, "CreateActCtxW": 3, "GetTempPathW": 1, "NtCreateMutant": 9, "GetCursorPos": 14, "NtQueryDirectoryFile": 79, "Thread32First": 1, "NtDuplicateObject": 5, "SearchPathW": 30, "CoCreateInstance": 6, "NtQuerySystemInformation": 1, "FindFirstFileExW": 7, "Thread32Next": 420, "CreateToolhelp32Snapshot": 1, "NtMapViewOfSection": 38, "NtCreateFile": 118, "GetFileAttributesW": 1, "SetFilePointerEx": 1, "NtUnmapViewOfSection": 34, "OpenSCManagerW": 1, "GetSystemDirectoryW": 3, "RegOpenKeyExW": 636, "NtQueryAttributesFile": 18, "SHGetSpecialFolderLocation": 2, "GetFileSizeEx": 12, "NtProtectVirtualMemory": 2, "SetFilePointer": 1, "RegCloseKey": 410, "DrawTextExW": 23, "OleInitialize": 1, "NtClose": 211, "GetVolumeNameForVolumeMountPointW": 3, "NtQueryValueKey": 19, "RegQueryValueExA": 1, "NtReadFile": 13, "NtOpenKey": 46, "NtAllocateVirtualMemory": 109, "WriteProcessMemory": 8, "LdrLoadDll": 74, "SetWindowsHookExA": 1, "NtResumeThread": 1, "LdrGetDllHandle": 35, "GetVolumePathNamesForVolumeNameW": 6, "NtOpenMutant": 1, "GetSystemMetrics": 654, "FindResourceExW": 35, "NtCreateThreadEx": 1, "NtDelayExecution": 231, "GetFileVersionInfoSizeW": 1, "GlobalMemoryStatusEx": 1, "RegOpenKeyExA": 7, "GetSystemTimeAsFileTime": 34, "LdrGetProcedureAddress": 331, "FindResourceW": 24, "NtCreateSection": 31, "LdrUnloadDll": 17, "RegEnumKeyW": 219, "NtQueryInformationFile": 3, "SizeofResource": 24, "OpenServiceW": 1, "GetFileInformationByHandleEx": 12, "RegQueryValueExW": 2363, "NtOpenSection": 5, "GetSystemWindowsDirectoryW": 7, "CoUninitialize": 14, "CoInitializeEx": 17}, "class": "malware"}