{"apistats": {"NtOpenSection": 4, "GetBestInterfaceEx": 4, "NtDuplicateObject": 4, "NtCreateKey": 14, "ioctlsocket": 2, "WSAStartup": 1, "GetFileVersionInfoSizeW": 7, "GetAdaptersAddresses": 6, "GetFileAttributesW": 41, "GetSystemMetrics": 1, "NtReadVirtualMemory": 10, "GetFileSize": 8, "RegOpenKeyExW": 106, "NtDelayExecution": 92, "SetErrorMode": 104, "NtAllocateVirtualMemory": 3308, "GetFileInformationByHandle": 14, "RegOpenKeyExA": 2, "SHGetFolderPathW": 2, "WSASocketW": 4, "GetComputerNameW": 1, "NtResumeThread": 2, "RtlAddVectoredExceptionHandler": 1, "CoInitializeEx": 2, "RegEnumKeyExW": 15, "GetTempPathW": 2, "NtCreateFile": 132, "GetSystemTimeAsFileTime": 34, "GlobalMemoryStatusEx": 1, "closesocket": 2, "RegEnumValueW": 5, "NtCreateSection": 21, "GetTimeZoneInformation": 2, "NtOpenMutant": 2, "GetFileType": 4, "NtSetValueKey": 12, "NtClose": 215, "LdrUnloadDll": 6, "GetAdaptersInfo": 2, "NtQueryKey": 63, "GetShortPathNameW": 1, "GetSystemInfo": 84, "setsockopt": 2, "IsDebuggerPresent": 1, "GetSystemWindowsDirectoryW": 2, "NtQueryValueKey": 492, "NtOpenProcess": 3, "RegQueryValueExW": 158, "NtMapViewOfSection": 28, "RtlAddVectoredContinueHandler": 1, "CreateActCtxW": 4, "NtDeviceIoControlFile": 38, "NtReadFile": 18, "LdrGetDllHandle": 61, "NtQuerySystemInformation": 1, "NtEnumerateValueKey": 1, "NtOpenFile": 22, "CreateThread": 3, "NtUnmapViewOfSection": 10, "RegQueryInfoKeyW": 3, "GetSystemDirectoryW": 4, "NtQueryDirectoryFile": 24, "SetUnhandledExceptionFilter": 1, "NtFreeVirtualMemory": 2324, "NtQueryAttributesFile": 3, "NtCreateMutant": 17, "NtProtectVirtualMemory": 84, "GetFileAttributesExW": 11, "LoadStringW": 4, "NtOpenKey": 18, "LdrGetProcedureAddress": 486, "NtOpenThread": 2, "GetFileVersionInfoW": 7, "NtOpenDirectoryObject": 1, "NtOpenKeyEx": 50, "LdrLoadDll": 58, "UuidCreate": 1}, "name": "8a052a02-c041-11e6-841c-80e65024849a.file", "class": "malware"}