{"class": "malware", "name": "8a1edf00-fceb-11e7-9309-80e65024849a.file", "apistats": {"FindResourceExW": 30, "NtOpenKey": 17, "GetTempPathW": 2, "DrawTextExW": 2, "OleInitialize": 2, "NtDuplicateObject": 2, "NtAllocateVirtualMemory": 13, "NtQueryInformationFile": 1, "LoadResource": 31, "FindResourceA": 2, "CreateActCtxW": 2, "NtQueryAttributesFile": 4, "GlobalMemoryStatusEx": 1, "NtCreateSection": 1, "SHGetFolderPathW": 1, "LdrUnloadDll": 2, "GetSystemInfo": 1, "LdrGetDllHandle": 17, "RegOpenKeyExW": 20, "EnumWindows": 1, "WSAStartup": 5, "GetSystemMetrics": 347, "RegCloseKey": 21, "GetSystemWindowsDirectoryW": 2, "NtReadFile": 1, "NtOpenFile": 1, "RegQueryValueExW": 34, "NtOpenSection": 1, "NtFreeVirtualMemory": 11, "SetErrorMode": 4, "GetSystemDirectoryW": 1, "NtMapViewOfSection": 2, "NtDelayExecution": 2, "LdrLoadDll": 29, "NtCreateFile": 1, "SizeofResource": 1, "LdrGetProcedureAddress": 205, "NtResumeThread": 1, "RegEnumValueW": 2, "NtQuerySystemInformation": 1, "RegQueryValueExA": 7, "GetFileVersionInfoSizeW": 2, "LoadStringA": 196, "NtQueryValueKey": 13, "GetFileVersionInfoW": 2, "CoUninitialize": 1, "NtClose": 29, "CoCreateInstance": 1, "NtCreateThreadEx": 1, "CoInitializeEx": 2, "RegOpenKeyExA": 13}}