{"name": "8a1f86b0-ca1a-11e6-a975-80e65024849a.file", "apistats": {"NtWriteFile": 16, "GetSystemMetrics": 2, "NtUnmapViewOfSection": 8, "RegEnumKeyExW": 7, "NtCreateMutant": 9, "NtOpenFile": 4, "FindResourceExW": 16, "NtQueryKey": 1318, "GetForegroundWindow": 29, "GetSystemInfo": 4, "LoadResource": 14, "LoadStringW": 13, "GetUserNameA": 1, "GetNativeSystemInfo": 2, "NtCreateKey": 28, "CreateActCtxW": 7, "GetTempPathW": 2, "CreateThread": 13, "GetCursorPos": 1, "FindFirstFileExW": 77, "NtDuplicateObject": 8, "SHGetFolderPathW": 63, "__exception__": 1, "CoCreateInstance": 5, "NtQuerySystemInformation": 1, "CreateToolhelp32Snapshot": 11, "NtMapViewOfSection": 8, "Process32FirstW": 11, "NtDelayExecution": 7, "GetComputerNameW": 2, "NtCreateFile": 31, "GetFileAttributesW": 4, "FindWindowA": 4, "SetErrorMode": 2, "GetSystemDirectoryW": 3, "RegOpenKeyExW": 1, "NtQueryAttributesFile": 9, "SHGetSpecialFolderLocation": 9, "GetFileAttributesExW": 4, "NtSetInformationFile": 1, "RegDeleteKeyA": 3, "NetShareEnum": 3, "NtProtectVirtualMemory": 16, "SetFilePointer": 455, "GetSystemTimeAsFileTime": 100, "ReadProcessMemory": 3, "EnumWindows": 2, "SetFileAttributesW": 3, "RegEnumValueW": 14, "GetFileInformationByHandle": 1, "RegCloseKey": 209, "GetSystemDirectoryA": 1, "OleInitialize": 3, "GetAdaptersInfo": 2, "NtClose": 241, "GetVolumeNameForVolumeMountPointW": 2, "NtQueryValueKey": 182, "LookupPrivilegeValueW": 1, "NtSetValueKey": 31, "NtOpenKey": 9, "NtQueryDirectoryFile": 13, "NtQueryInformationFile": 2, "WriteProcessMemory": 25, "GlobalMemoryStatusEx": 1, "LdrLoadDll": 35, "RegSetValueExA": 6, "NtAllocateVirtualMemory": 79, "NtResumeThread": 4, "LdrGetDllHandle": 60, "GetVolumePathNamesForVolumeNameW": 6, "GetFileType": 10, "NtOpenMutant": 7, "SendNotifyMessageW": 6, "RegCreateKeyExW": 4, "NtFreeVirtualMemory": 38, "GetSystemWindowsDirectoryW": 9, "RegCreateKeyExA": 3, "DeleteFileW": 183, "DeviceIoControl": 1, "WSAStartup": 1, "RemoveDirectoryW": 4, "GetFileSize": 9, "NtReadFile": 16, "RegOpenKeyExA": 61, "SetUnhandledExceptionFilter": 1, "RegQueryInfoKeyW": 7, "NtOpenDirectoryObject": 38, "LdrGetProcedureAddress": 866, "RegEnumKeyExA": 2, "NtLoadDriver": 1, "NtOpenProcess": 1, "GetComputerNameA": 1, "NtCreateSection": 17, "FindWindowExA": 5, "LdrUnloadDll": 8, "RegEnumKeyW": 113, "LoadStringA": 124, "NtOpenKeyEx": 815, "gethostbyname": 1, "GetFileInformationByHandleEx": 19, "RegQueryValueExW": 1, "RegQueryValueExA": 3, "NtOpenSection": 14, "Process32NextW": 318, "CoUninitialize": 26, "RegQueryInfoKeyA": 1, "GetKeyState": 15, "GetFileSizeEx": 13, "CoInitializeEx": 26, "GetShortPathNameW": 4}, "class": "malware"}