{"apistats": {"NtOpenSection": 7, "GetVolumePathNameW": 2, "GetForegroundWindow": 1, "LookupAccountSidW": 6, "NtDuplicateObject": 1, "NtCreateKey": 4, "RegEnumValueW": 5, "CoUninitialize": 1, "NtTerminateProcess": 3, "RegEnumKeyW": 109, "GetFileVersionInfoSizeW": 1, "RegCloseKey": 8, "GetFileAttributesW": 41, "IWbemServices_ExecQuery": 1, "CryptCreateHash": 1, "GetVolumePathNamesForVolumeNameW": 6, "GetSystemMetrics": 509, "RegEnumKeyExA": 7, "GetFileSize": 1, "RegOpenKeyExW": 6, "NtDelayExecution": 3, "GetShortPathNameW": 1, "SetErrorMode": 5, "ShellExecuteExW": 1, "NtAllocateVirtualMemory": 12, "GetFileInformationByHandle": 2, "RegOpenKeyExA": 35, "DeleteFileW": 6, "GetCursorPos": 8, "GetComputerNameW": 1, "FindResourceExA": 2, "NtResumeThread": 4, "RtlAddVectoredExceptionHandler": 1, "SHGetFolderPathW": 2, "CoCreateInstance": 20, "FindWindowExA": 2, "NetShareEnum": 1, "CreateDirectoryW": 10, "FindResourceExW": 7, "NtCreateFile": 5, "GetFileAttributesExW": 7, "GetSystemTimeAsFileTime": 2, "FindResourceW": 5, "GlobalMemoryStatusEx": 1, "FindFirstFileExW": 27, "GetFileInformationByHandleEx": 13, "NtCreateSection": 2, "NtOpenMutant": 1, "LoadResource": 7, "CoInitializeSecurity": 1, "FindWindowW": 1, "GetFileType": 1, "SetFileAttributesW": 5, "LookupPrivilegeValueW": 1, "CoGetClassObject": 1, "NtQueryInformationFile": 16, "CreateProcessInternalW": 2, "NtClose": 27, "GetNativeSystemInfo": 1, "DeviceIoControl": 2, "NtQueryKey": 418, "OpenServiceA": 1, "DrawTextExW": 117, "GetSystemInfo": 2, "RegQueryValueExA": 20, "EnumWindows": 2, "CryptExportKey": 1, "IsDebuggerPresent": 1, "GetSystemWindowsDirectoryW": 8, "NtQueryValueKey": 6, "RegCreateKeyExA": 7, "NtOpenProcess": 47, "CryptHashData": 1, "RemoveDirectoryA": 1, "RegQueryValueExW": 4, "NtOpenDirectoryObject": 1, "RtlAddVectoredContinueHandler": 1, "NtMapViewOfSection": 2, "CryptAcquireContextA": 1, "SizeofResource": 3, "CreateActCtxW": 2, "GetFileSizeEx": 15, "GetFileVersionInfoW": 1, "SetFileTime": 9, "NtReadFile": 1222, "FindWindowExW": 66, "NtWriteFile": 1, "LdrGetDllHandle": 4, "GetKeyState": 77, "LdrUnloadDll": 2, "NtQuerySystemInformation": 1, "NtSetValueKey": 6, "OleInitialize": 2, "NtOpenFile": 26, "LoadStringA": 31, "CreateThread": 1, "NtUnmapViewOfSection": 1, "RegQueryInfoKeyW": 1, "SetFilePointer": 32, "GetSystemDirectoryW": 1, "NtQueryDirectoryFile": 33, "NtOpenKey": 10, "RegEnumKeyExW": 21, "SendNotifyMessageW": 4, "SetUnhandledExceptionFilter": 1, "NtFreeVirtualMemory": 3, "GetVolumeNameForVolumeMountPointW": 3, "CoCreateInstanceEx": 1, "NtQueryAttributesFile": 4, "NtCreateMutant": 2, "NtProtectVirtualMemory": 4, "CoInitializeEx": 1, "GetTempPathW": 1, "SearchPathW": 2, "LoadStringW": 172, "LdrGetProcedureAddress": 9, "RegSetValueExA": 7, "GetDiskFreeSpaceExW": 1, "NtOpenKeyEx": 294, "LdrLoadDll": 2, "OpenSCManagerA": 1, "UuidCreate": 1}, "name": "8ac40742-a4bf-11e6-b8cc-80e65024849a.file", "class": "malware"}