{"name": "8b1017e3-fceb-11e7-ad0b-80e65024849a.file", "apistats": {"NtWriteFile": 1, "GetSystemMetrics": 347, "OleInitialize": 3, "socket": 1, "NtOpenFile": 1, "NtQueryValueKey": 10, "FindResourceExW": 27, "NtOpenKey": 15, "NtAllocateVirtualMemory": 21, "GetSystemInfo": 2, "LoadResource": 28, "LoadStringW": 157, "NtQueryInformationFile": 1, "GetNativeSystemInfo": 1, "LdrGetDllHandle": 15, "setsockopt": 1, "CreateActCtxW": 1, "GetTempPathW": 1, "RegCreateKeyExW": 3, "NtFreeVirtualMemory": 1, "FindFirstFileExW": 7, "SHGetFolderPathW": 9, "CopyFileW": 3, "GetFileVersionInfoSizeW": 3, "getsockname": 1, "WSAStartup": 1, "NtReadFile": 1, "LdrLoadDll": 27, "NtMapViewOfSection": 1, "NtClose": 25, "GetUserNameW": 3, "bind": 1, "LdrGetProcedureAddress": 184, "NtCreateFile": 2, "FindResourceW": 2, "GetFileAttributesW": 1, "NtUnmapViewOfSection": 1, "NtCreateSection": 2, "GetFileVersionInfoW": 3, "RegOpenKeyExW": 24, "GetTimeZoneInformation": 1, "LookupAccountSidW": 2, "SizeofResource": 1, "NtDeviceIoControlFile": 1, "RegSetValueExW": 3, "RegQueryValueExW": 4, "GetSystemWindowsDirectoryW": 1, "CoUninitialize": 1, "RegCloseKey": 12, "DrawTextExW": 3, "SetErrorMode": 10, "CoInitializeEx": 2}, "class": "malware"}