{"name": "8bbbeed1-a4bf-11e6-9a2d-80e65024849a.file", "apistats": {"NtWriteFile": 72, "GetTempPathW": 1, "RegDeleteValueA": 1, "OleInitialize": 1, "NtOpenDirectoryObject": 1, "NtClose": 23, "LdrLoadDll": 5, "NtQueryValueKey": 2, "RegQueryValueExA": 3, "CreateProcessInternalW": 1, "NtFreeVirtualMemory": 1, "NtOpenKey": 1, "GetSystemDirectoryW": 2, "GetSystemDirectoryA": 3, "NtAllocateVirtualMemory": 2, "GetSystemInfo": 1, "LoadResource": 14, "LoadStringW": 1, "NtOpenProcess": 1, "GetNativeSystemInfo": 1, "CreateDirectoryW": 1, "LdrGetDllHandle": 6, "GetFileType": 6, "CreateActCtxW": 2, "GetSystemMetrics": 4, "NtCreateMutant": 2, "FindResourceExW": 15, "NtQueryDirectoryFile": 2, "SHGetFolderPathW": 2, "RegCreateKeyExA": 1, "DeleteFileW": 1, "FindWindowW": 3, "RemoveDirectoryA": 2, "SetFileAttributesW": 2, "NtReadFile": 6, "RegOpenKeyExA": 5, "CreateToolhelp32Snapshot": 5, "NtMapViewOfSection": 1, "Process32FirstW": 5, "NtOpenFile": 8, "RegCloseKey": 9, "LdrGetProcedureAddress": 10, "NtCreateFile": 3, "FindResourceW": 4, "GetFileAttributesW": 5, "Process32NextW": 165, "SetFilePointerEx": 8, "NtUnmapViewOfSection": 4, "NtCreateSection": 1, "FindFirstFileExW": 1, "RegOpenKeyExW": 6, "GetDiskFreeSpaceW": 2, "NtQueryAttributesFile": 3, "LdrUnloadDll": 3, "NtQueryInformationFile": 2, "IsDebuggerPresent": 1, "SetUnhandledExceptionFilter": 1, "SizeofResource": 18, "NtTerminateProcess": 3, "NtProtectVirtualMemory": 2, "RegSetValueExA": 1, "NtOpenSection": 1, "GetSystemWindowsDirectoryW": 7, "CoUninitialize": 1, "GetSystemTimeAsFileTime": 1, "SetFileTime": 1, "FindResourceA": 35, "SetErrorMode": 4, "RegQueryValueExW": 5}, "class": "malware"}