{"class": "malware", "name": "8bc503de-3038-11e8-8625-80e65024849a.file", "apistats": {"NtOpenKey": 3, "SetUnhandledExceptionFilter": 1, "NtProtectVirtualMemory": 28, "NtAllocateVirtualMemory": 914, "GetFileSize": 7, "GetFileInformationByHandle": 6, "CreateActCtxW": 2, "GetFileVersionInfoSizeW": 3, "NtQueryDirectoryFile": 2, "NtMapViewOfSection": 17, "NtCreateSection": 14, "SHGetFolderPathW": 2, "LdrUnloadDll": 2, "NtOpenMutant": 1, "GetSystemInfo": 64, "LdrGetDllHandle": 73, "RegOpenKeyExW": 60, "IsDebuggerPresent": 1, "NtOpenDirectoryObject": 1, "GetFileAttributesExW": 5, "RtlAddVectoredContinueHandler": 1, "NtDuplicateObject": 1, "GetSystemTimeAsFileTime": 5, "RegCloseKey": 37, "GetSystemWindowsDirectoryW": 2, "NtUnmapViewOfSection": 6, "NtReadFile": 10, "RegEnumKeyExW": 14, "RegQueryValueExW": 81, "CreateThread": 2, "NtOpenSection": 4, "GlobalMemoryStatus": 1, "NtFreeVirtualMemory": 635, "NtClose": 38, "LookupPrivilegeValueW": 1, "SetErrorMode": 50, "GetSystemDirectoryW": 4, "FindFirstFileExW": 14, "NtDelayExecution": 43, "LdrLoadDll": 29, "NtCreateFile": 76, "LdrGetProcedureAddress": 222, "GetShortPathNameW": 1, "NtResumeThread": 2, "RegQueryInfoKeyW": 3, "RegEnumValueW": 3, "NtQuerySystemInformation": 4, "NtOpenProcess": 2, "NtQueryValueKey": 4, "GetFileVersionInfoW": 3, "RegOpenKeyExA": 1, "GetFileAttributesW": 18, "NtOpenKeyEx": 2, "NtCreateMutant": 4, "CoInitializeEx": 2}}