{"name": "8c19186b-c041-11e6-b453-80e65024849a.file", "apistats": {"NtWriteFile": 2, "SetErrorMode": 2, "NtClose": 46, "NtQueryValueKey": 1, "NtOpenKey": 1, "NtQueryDirectoryFile": 2, "NtAllocateVirtualMemory": 5, "LdrLoadDll": 3, "GetFileSize": 1, "NtOpenProcess": 3, "LdrGetDllHandle": 4, "CoInitializeEx": 1, "NtCreateMutant": 1, "NtFreeVirtualMemory": 1, "FindFirstFileExW": 2, "SHGetFolderPathW": 2, "GetTimeZoneInformation": 1, "CreateToolhelp32Snapshot": 1, "CreateDirectoryW": 3, "Process32FirstW": 1, "NtOpenFile": 11, "RegCloseKey": 1, "LdrGetProcedureAddress": 7, "NtCreateFile": 1, "GetFileAttributesW": 24, "Process32NextW": 32, "NtUnmapViewOfSection": 2, "LdrUnloadDll": 3, "OutputDebugStringA": 1, "SetUnhandledExceptionFilter": 2, "NtTerminateProcess": 3, "NtProtectVirtualMemory": 2, "SetFilePointer": 1, "GetSystemTimeAsFileTime": 4}, "class": "malware"}