{"apistats": {"GetSystemInfo": 1, "FindWindowW": 2, "NtQueryValueKey": 5, "GetFileVersionInfoSizeW": 1, "GetFileAttributesW": 3, "NtFreeVirtualMemory": 1, "GetSystemMetrics": 15, "GetFileSize": 1, "NtDelayExecution": 32, "SetErrorMode": 23, "NtAllocateVirtualMemory": 39, "RegOpenKeyExA": 3, "NtMapViewOfSection": 2, "OleInitialize": 1, "LoadStringA": 19, "SetFilePointer": 2, "CryptAcquireContextW": 1, "GetTempPathW": 1, "NtCreateFile": 1, "GlobalMemoryStatus": 1, "NtProtectVirtualMemory": 3, "LdrGetDllHandle": 4, "NtCreateSection": 2, "SearchPathW": 2, "NtOpenKey": 7, "SetWindowsHookExA": 1, "LoadResource": 4, "FindResourceExW": 4, "GetFileVersionInfoW": 1, "LdrGetProcedureAddress": 119, "GetFileType": 1, "SetEndOfFile": 1, "LdrLoadDll": 18, "NtQueryInformationFile": 1, "NtClose": 9}, "name": "8cdbb363-8a5c-11e7-aff9-80e65024849a.file", "class": "malware"}