{"name": "8ce8c23d-ac06-11e6-87ac-80e65024849a.file", "apistats": {"NtWriteFile": 1, "CreateJobObjectW": 1, "SetErrorMode": 1, "RegQueryValueExA": 5, "NtOpenFile": 1309, "CreateToolhelp32Snapshot": 10, "NtQueryValueKey": 740, "LookupPrivilegeValueW": 3, "NtOpenKey": 903, "NtAllocateVirtualMemory": 50, "WriteProcessMemory": 8, "GetSystemInfo": 1, "LoadResource": 1, "GetFileSize": 2, "GetUserNameA": 589, "NtResumeThread": 1, "NtMapViewOfSection": 2, "LdrGetDllHandle": 4, "GetTempPathW": 1, "NtCreateMutant": 2, "NtFreeVirtualMemory": 103, "NtCreateThreadEx": 1, "FindFirstFileExW": 1, "NtDuplicateObject": 1, "SHGetFolderPathW": 32, "DeleteFileW": 1, "FindResourceExA": 1, "NtReadFile": 2, "RegOpenKeyExA": 5, "LdrLoadDll": 18, "CreateDirectoryW": 1, "Process32FirstW": 10, "NtClose": 1839, "GetSystemTimeAsFileTime": 1, "LdrGetProcedureAddress": 226, "NtCreateFile": 34, "GetFileAttributesW": 6, "NtOpenProcess": 9, "NtUnmapViewOfSection": 30, "NtCreateSection": 2, "GetNativeSystemInfo": 1, "GetDiskFreeSpaceW": 1, "LdrUnloadDll": 1, "NtQueryInformationFile": 1, "SizeofResource": 1, "NtProtectVirtualMemory": 21, "FindWindowA": 2344, "FindWindowW": 1, "RegSetValueExA": 1, "Process32NextW": 168, "RegCreateKeyExA": 1, "RegCloseKey": 7, "FindResourceA": 1, "MoveFileWithProgressW": 1}, "class": "malware"}