{"class": "malware", "name": "8d0ecbc0-b60f-11e6-bab4-80e65024849a.file", "apistats": {"GetNativeSystemInfo": 2, "FindResourceExW": 16, "NtOpenKey": 42, "SetFileAttributesW": 1, "NtProtectVirtualMemory": 51, "GetAddrInfoW": 1, "GetForegroundWindow": 4, "NtDeviceIoControlFile": 22, "FindResourceExA": 4, "LdrGetDllHandle": 35, "InternetConnectA": 1, "GetBestInterfaceEx": 2, "CreateActCtxW": 2, "GetFileInformationByHandleEx": 12, "RegSetValueExW": 14, "RegCreateKeyExA": 1, "FindFirstFileExW": 2, "DrawTextExW": 34, "OleInitialize": 1, "socket": 3, "NtDelayExecution": 1, "RegOpenKeyExW": 524, "InternetQueryOptionA": 1, "LdrGetProcedureAddress": 165, "GetSystemTimeAsFileTime": 43, "NtOpenFile": 1, "GetFileSizeEx": 12, "SetFileTime": 2, "NtFreeVirtualMemory": 35, "NtOpenMutant": 1, "SetErrorMode": 1, "NtMapViewOfSection": 11, "NtQueryKey": 4, "GetVolumePathNamesForVolumeNameW": 6, "LdrLoadDll": 47, "NtCreateFile": 41, "GetAdaptersInfo": 1, "InternetSetOptionA": 2, "RegQueryValueExA": 2, "LoadStringW": 15, "NtOpenProcess": 14, "GetFileSize": 1, "CoUninitialize": 20, "UuidCreate": 1, "NtCreateMutant": 2, "RegCreateKeyExW": 7, "GetTempPathW": 1, "closesocket": 3, "NtQueryValueKey": 11, "LoadResource": 18, "WSAStartup": 4, "setsockopt": 3, "NtCreateSection": 3, "CoInitializeEx": 22, "SetFilePointer": 11, "NtDuplicateObject": 4, "InternetCrackUrlA": 1, "HttpOpenRequestA": 1, "NtWriteFile": 10, "CreateDirectoryW": 8, "RegCloseKey": 373, "GetVolumeNameForVolumeMountPointW": 3, "FindWindowExA": 1, "GetSystemMetrics": 279, "RegOpenKeyExA": 7, "NtUnmapViewOfSection": 8, "NtReadFile": 151, "InternetOpenA": 1, "RegEnumKeyW": 109, "RegQueryValueExW": 2248, "NtAllocateVirtualMemory": 45, "NtOpenSection": 11, "RegSetValueExA": 1, "DeleteFileW": 2, "GetFileAttributesW": 26, "GetSystemDirectoryW": 3, "GetFileType": 3, "CreateThread": 2, "GlobalMemoryStatusEx": 1, "NtQueryDirectoryFile": 7, "NtQuerySystemInformation": 1, "RegDeleteValueW": 3, "GetAdaptersAddresses": 1, "NtClose": 183, "CoCreateInstance": 7, "GetSystemWindowsDirectoryW": 7, "LdrUnloadDll": 4, "RegEnumKeyExW": 25}}