{"class": "malware", "name": "8dd7d3d7-fceb-11e7-876b-80e65024849a.file", "apistats": {"GetNativeSystemInfo": 5, "FindResourceExW": 1, "NtOpenKey": 21, "GetSystemInfo": 68, "NtProtectVirtualMemory": 44, "NtAllocateVirtualMemory": 1194, "GetFileInformationByHandle": 6, "RegSetValueExW": 1, "NtQueryDirectoryFile": 2, "NtMapViewOfSection": 22, "ReadProcessMemory": 1982, "LdrGetDllHandle": 57, "RegOpenKeyExW": 53, "NtOpenDirectoryObject": 1, "GetFileAttributesExW": 24, "SetUnhandledExceptionFilter": 1, "LdrGetProcedureAddress": 285, "GetSystemTimeAsFileTime": 5, "CryptAcquireContextW": 1, "NtUnmapViewOfSection": 7, "NtFreeVirtualMemory": 563, "LookupPrivilegeValueW": 1, "SetErrorMode": 36, "FindFirstFileExW": 19, "GetFileSize": 2, "LdrLoadDll": 37, "NtCreateFile": 29, "RegEnumValueW": 3, "CryptCreateHash": 12, "LoadStringW": 4, "CopyFileW": 1, "NtQueryValueKey": 25, "GetSystemWindowsDirectoryW": 2, "GetFileAttributesW": 27, "NtCreateMutant": 5, "CryptHashData": 12, "NtQueryKey": 4, "CryptAcquireContextA": 9, "RtlAddVectoredExceptionHandler": 1, "NtQueryAttributesFile": 3, "GlobalMemoryStatusEx": 3, "NtCreateSection": 15, "NtOpenProcess": 5, "LdrUnloadDll": 3, "NtDuplicateObject": 3, "CreateDirectoryW": 1, "RegCloseKey": 24, "GetSystemMetrics": 3, "CreateThread": 3, "NtReadFile": 10, "RegEnumKeyExW": 57, "RegQueryValueExW": 33, "NtOpenSection": 2, "GlobalMemoryStatus": 1, "UuidCreate": 1, "GetSystemDirectoryW": 5, "CryptExportKey": 3, "GetShortPathNameW": 1, "NtResumeThread": 3, "RegQueryInfoKeyW": 2, "NtQuerySystemInformation": 5, "GetFileVersionInfoSizeW": 6, "IsDebuggerPresent": 2, "GetFileVersionInfoW": 6, "NtClose": 73, "NtOpenKeyEx": 13, "NtCreateThreadEx": 1, "CoInitializeEx": 2}}