{"class": "malware", "name": "8ef84673-9a86-11e6-acf1-80e65024849a.file", "apistats": {"FindResourceW": 18, "FindResourceExW": 53, "NtOpenKey": 4, "NtDuplicateObject": 1, "NtProtectVirtualMemory": 8, "GetForegroundWindow": 2, "NtAllocateVirtualMemory": 57, "GetKeyboardState": 3, "CreateActCtxW": 1, "RegSetValueExW": 4, "NtQueryDirectoryFile": 6, "FindFirstFileExW": 4, "DrawTextExW": 284, "SetWindowsHookExW": 2, "OleInitialize": 1, "LdrGetDllHandle": 20, "RegOpenKeyExW": 290, "RemoveDirectoryW": 1, "LdrGetProcedureAddress": 907, "RegCloseKey": 237, "NtOpenFile": 6, "NtWriteFile": 51, "CreateThread": 3, "NtFreeVirtualMemory": 17, "LookupPrivilegeValueW": 30, "SetErrorMode": 34, "NtMapViewOfSection": 7, "NtDelayExecution": 4, "LdrLoadDll": 72, "NtCreateFile": 50, "RegEnumValueW": 5, "LoadStringW": 70, "__exception__": 4, "NtOpenMutant": 1, "GetFileAttributesW": 94, "RegQueryInfoKeyW": 19, "RegCreateKeyExW": 1, "GetTempPathW": 3, "LookupAccountSidW": 7, "NtQueryValueKey": 3, "LoadResource": 62, "NtQueryAttributesFile": 6, "NtCreateSection": 4, "CoInitializeEx": 2, "SetFilePointer": 166, "GetSystemInfo": 1, "CreateDirectoryW": 4, "EnumWindows": 1, "SetFileTime": 19, "MoveFileWithProgressW": 2, "GetSystemMetrics": 1725, "NtUnmapViewOfSection": 3, "NtReadFile": 165, "RegEnumKeyExW": 76, "RegQueryValueExW": 92, "NtOpenSection": 4, "DeleteFileW": 21, "GetSystemDirectoryW": 6, "SizeofResource": 11, "GetComputerNameW": 30, "GetFileVersionInfoSizeW": 1, "GetFileVersionInfoW": 1, "NtClose": 125, "CoCreateInstance": 1, "GetSystemWindowsDirectoryW": 1, "LdrUnloadDll": 8}}