{"apistats": {"NtOpenSection": 7, "CoUninitialize": 19, "RegCloseKey": 374, "GetBestInterfaceEx": 2, "NtDuplicateObject": 5, "WSAStartup": 6, "GetAdaptersAddresses": 1, "GetForegroundWindow": 2, "GetFileAttributesW": 19, "GetSystemDirectoryA": 11, "GetVolumePathNamesForVolumeNameW": 6, "setsockopt": 5, "GetSystemMetrics": 5, "GetFileSize": 1, "RegOpenKeyExW": 509, "HttpOpenRequestA": 1, "SetErrorMode": 3, "NtAllocateVirtualMemory": 58, "RegOpenKeyExA": 28, "DeleteFileW": 2, "SHGetFolderPathW": 1, "FindResourceExA": 2, "GetFileSizeEx": 12, "CoCreateInstance": 7, "RegEnumKeyExW": 23, "CreateDirectoryW": 8, "FindResourceExW": 5, "NtCreateFile": 37, "GetSystemTimeAsFileTime": 43, "GlobalMemoryStatusEx": 1, "FindFirstFileExW": 1, "closesocket": 5, "GetFileInformationByHandleEx": 12, "GetTempPathW": 1, "InternetSetOptionA": 2, "GetAdaptersInfo": 2, "LoadResource": 6, "InternetOpenA": 1, "NtQueryValueKey": 11, "RegCreateKeyExW": 7, "GetNativeSystemInfo": 3, "DeviceIoControl": 1, "NtOpenMutant": 1, "NtQueryKey": 4, "DrawTextExW": 2, "RegQueryValueExA": 17, "GetSystemWindowsDirectoryW": 7, "NtClose": 158, "NtOpenProcess": 14, "NtCreateSection": 4, "RegQueryValueExW": 2237, "NtMapViewOfSection": 8, "CreateActCtxW": 1, "RegEnumKeyW": 109, "InternetConnectA": 1, "InternetQueryOptionA": 1, "NtDeviceIoControlFile": 30, "NtReadFile": 159, "NtWriteFile": 8, "LdrGetDllHandle": 26, "LdrUnloadDll": 2, "NtQuerySystemInformation": 1, "OleInitialize": 1, "NtOpenFile": 1, "CreateThread": 2, "NtUnmapViewOfSection": 3, "SetFilePointer": 7, "GetSystemDirectoryW": 3, "NtQueryDirectoryFile": 7, "LoadStringW": 6, "NtFreeVirtualMemory": 11, "GetVolumeNameForVolumeMountPointW": 3, "NtQueryAttributesFile": 1, "NtCreateMutant": 2, "NtProtectVirtualMemory": 48, "GetAddrInfoW": 1, "CoInitializeEx": 21, "RegDeleteValueW": 3, "socket": 5, "RegSetValueExW": 14, "NtOpenKey": 38, "LdrGetProcedureAddress": 112, "LdrLoadDll": 44, "InternetCrackUrlA": 1, "FindResourceA": 1}, "name": "8f2c3ab3-adcb-11e6-8f87-80e65024849a.file", "class": "malware"}