{"name": "91a18d6e-f075-11e6-b9b7-80e65024849a.file", "apistats": {"NtWriteFile": 1, "SetErrorMode": 6, "RegEnumKeyExW": 38, "timeGetTime": 1, "socket": 6, "NtOpenFile": 39, "GetDiskFreeSpaceExW": 2, "FindResourceExW": 11, "NtQueryKey": 4, "GetForegroundWindow": 2, "closesocket": 6, "LoadResource": 33, "LoadStringW": 7, "GetUserNameExA": 2, "NtOpenProcess": 10, "GetNativeSystemInfo": 4, "setsockopt": 6, "CreateActCtxW": 2, "GetTempPathW": 1, "CreateThread": 7, "GetCursorPos": 1, "InternetCrackUrlA": 1, "NtQueryDirectoryFile": 2, "NtDuplicateObject": 5, "SHGetFolderPathW": 2, "CoCreateInstance": 12, "GetAdaptersAddresses": 2, "DrawTextExA": 12, "RegDeleteValueW": 10, "FindFirstFileExW": 44, "LdrLoadDll": 93, "CreateDirectoryW": 9, "NtCreateFile": 182, "GetFileAttributesW": 23, "NtUnmapViewOfSection": 5, "OpenSCManagerW": 1, "GetSystemDirectoryW": 3, "RegOpenKeyExW": 300, "GetBestInterfaceEx": 6, "GetTimeZoneInformation": 2, "CoInitializeEx": 13, "GetFileAttributesExW": 4, "SetUnhandledExceptionFilter": 2, "RegEnumValueW": 10, "RegSetValueExW": 41, "NtProtectVirtualMemory": 120, "GetSystemTimeAsFileTime": 59, "GetUserNameExW": 2, "FindResourceA": 38, "GetAddrInfoW": 2, "UuidCreate": 1, "GetFileInformationByHandle": 3, "GetFileSizeEx": 2, "GetSystemDirectoryA": 17, "InternetOpenA": 2, "InternetSetOptionA": 6, "NtClose": 264, "NtQueryValueKey": 7, "RegQueryValueExA": 129, "NtReadFile": 3, "UnhookWindowsHookEx": 1, "NtOpenKey": 26, "FindWindowW": 1, "NtQueryInformationFile": 38, "NtResumeThread": 3, "NtMapViewOfSection": 15, "LdrGetDllHandle": 44, "NtCreateMutant": 6, "GetFileType": 3, "NtOpenMutant": 1, "GetSystemMetrics": 42, "RegCreateKeyExW": 22, "NtFreeVirtualMemory": 57, "GetSystemInfo": 17, "NtCreateThreadEx": 1, "NtDelayExecution": 17, "HttpOpenRequestA": 1, "CryptAcquireContextW": 1, "CoUninitialize": 9, "DeleteFileW": 1, "NtAllocateVirtualMemory": 187, "WSAStartup": 10, "GlobalMemoryStatusEx": 1, "RegOpenKeyExA": 34, "RegQueryInfoKeyW": 4, "RegCloseKey": 214, "LdrGetProcedureAddress": 350, "RegEnumKeyExA": 13, "NtOpenThread": 2, "SetWindowsHookExA": 2, "NtCreateSection": 6, "LdrUnloadDll": 28, "SetWindowsHookExW": 1, "SizeofResource": 17, "NtDeviceIoControlFile": 50, "OpenServiceW": 1, "InternetCloseHandle": 1, "NtOpenSection": 5, "InternetConnectA": 1, "GetSystemWindowsDirectoryW": 3, "RegCreateKeyExA": 1, "RegQueryValueExW": 305}, "class": "malware"}