{"apistats": {"CreateToolhelp32Snapshot": 1, "LdrUnloadDll": 1, "RegCloseKey": 8, "LookupAccountSidW": 1, "GetNativeSystemInfo": 1, "DrawTextExW": 2, "NtSetContextThread": 1, "RegQueryValueExA": 2, "FindResourceW": 59, "OpenServiceW": 1, "NtTerminateProcess": 3, "NtClose": 11, "CryptHashData": 1, "GetFileAttributesW": 274, "NtQuerySystemInformation": 1, "NtMapViewOfSection": 1, "Process32NextW": 32, "GetSystemMetrics": 17, "CryptDecrypt": 1, "NtCreateThreadEx": 1, "SizeofResource": 59, "GetUserNameW": 2, "RegOpenKeyExW": 49, "NtDelayExecution": 14, "NtDuplicateObject": 2, "CryptCreateHash": 1, "SetErrorMode": 549, "StartServiceW": 1, "NtAllocateVirtualMemory": 1, "RegOpenKeyExA": 2, "LdrGetDllHandle": 13, "Process32FirstW": 1, "NetUserGetInfo": 1, "GetCursorPos": 146, "GetComputerNameW": 1, "OpenSCManagerW": 1, "NtResumeThread": 1, "LoadStringA": 105, "NtUnmapViewOfSection": 1, "RegEnumKeyExW": 6, "WSAStartup": 1, "CryptAcquireContextW": 3, "FindResourceExW": 22, "NtFreeVirtualMemory": 60, "GetSystemTimeAsFileTime": 9, "GlobalMemoryStatusEx": 1, "NtQueryAttributesFile": 4, "FindFirstFileExW": 13, "NtCreateMutant": 1, "NtProtectVirtualMemory": 1, "SHGetFolderPathW": 74, "GetTempPathW": 1, "NtCreateSection": 1, "NtGetContextThread": 1, "NtCreateFile": 1, "NtOpenKey": 5, "LoadResource": 75, "LdrGetProcedureAddress": 20, "LdrLoadDll": 744, "GetSystemWindowsDirectoryW": 1, "CreateProcessInternalW": 1, "NtQueryValueKey": 6}, "name": "91a8d847-3038-11e8-ad4e-80e65024849a.file", "class": "malware"}