{"apistats": {"GetNativeSystemInfo": 2, "RegCloseKey": 40, "NtReadFile": 2, "NtDuplicateObject": 3, "RegQueryValueExA": 40, "WSAStartup": 1, "LookupPrivilegeValueW": 8, "NtQueryValueKey": 1, "RegCreateKeyExA": 1, "NtOpenProcess": 2, "RegQueryValueExW": 13, "NtMapViewOfSection": 1, "FindFirstFileExW": 109, "RegOpenKeyExW": 5, "NtDelayExecution": 1, "NtDeviceIoControlFile": 1, "NtAllocateVirtualMemory": 6, "RegOpenKeyExA": 367, "LdrGetDllHandle": 4, "OleInitialize": 1, "NtOpenFile": 2, "CoCreateInstance": 1, "NtQueryDirectoryFile": 8, "GetUserNameA": 1, "GetTempPathW": 1, "NtFreeVirtualMemory": 2, "GetSystemTimeAsFileTime": 1, "GlobalMemoryStatusEx": 1, "RegEnumKeyExA": 13, "NtProtectVirtualMemory": 9, "SHGetFolderPathW": 89, "NtCreateSection": 1, "SetUnhandledExceptionFilter": 1, "OpenServiceW": 2, "OpenSCManagerW": 1, "LdrGetProcedureAddress": 135, "RegSetValueExA": 1, "StartServiceA": 1, "LdrLoadDll": 26, "NtCreateFile": 79, "GetSystemWindowsDirectoryW": 1, "UuidCreate": 1, "NtQueryInformationFile": 2, "NtClose": 35}, "name": "91b50e1e-9f66-11e7-84aa-80e65024849a.file", "class": "malware"}