{"name": "955b5b07-b60f-11e6-99f2-80e65024849a.file", "apistats": {"NtWriteFile": 1, "RemoveDirectoryW": 1, "NtUnmapViewOfSection": 30, "NtOpenFile": 1, "CreateToolhelp32Snapshot": 10, "NtQueryValueKey": 7, "LookupPrivilegeValueW": 3, "NtReadFile": 2, "FindResourceExW": 1, "NtOpenKey": 6, "GetSystemDirectoryW": 1, "NtAllocateVirtualMemory": 22, "WriteProcessMemory": 8, "GetSystemInfo": 2, "LoadResource": 1, "GetFileSize": 2, "NtOpenProcess": 9, "GetNativeSystemInfo": 1, "NtMapViewOfSection": 3, "LdrGetDllHandle": 501, "GetVolumePathNamesForVolumeNameW": 373, "GetTempPathW": 1, "NtCreateMutant": 1, "NtFreeVirtualMemory": 33, "NtCreateThreadEx": 1, "FindFirstFileExW": 1, "NtDuplicateObject": 2, "SHGetFolderPathW": 32, "GetSystemTimeAsFileTime": 2, "SearchPathW": 1, "CopyFileA": 1, "NtQuerySystemInformation": 1, "FindResourceExA": 1, "GlobalMemoryStatusEx": 1, "RegOpenKeyExA": 9, "LdrLoadDll": 20, "CreateDirectoryW": 1, "Process32FirstW": 10, "NtClose": 66, "NtOpenDirectoryObject": 1, "LdrGetProcedureAddress": 229, "NtCreateFile": 36, "GetFileAttributesW": 6, "Process32NextW": 167, "SetErrorMode": 1, "NtCreateSection": 3, "NtResumeThread": 1, "RegOpenKeyExW": 4, "LdrUnloadDll": 1, "NtQueryInformationFile": 1, "RegQueryValueExA": 7, "NtDeviceIoControlFile": 1, "SizeofResource": 1, "NtTerminateProcess": 3, "NtProtectVirtualMemory": 21, "RegSetValueExA": 1, "GetSystemWindowsDirectoryW": 1, "RegCreateKeyExA": 1, "RegCloseKey": 11, "FindResourceA": 1, "RegQueryValueExW": 2}, "class": "malware"}