{"class": "malware", "name": "956a5da8-3038-11e8-9bc3-80e65024849a.file", "apistats": {"GetNativeSystemInfo": 1, "FindResourceExW": 25, "NtOpenKey": 16, "GetTempPathW": 5, "GetSystemInfo": 12, "NtProtectVirtualMemory": 2, "GetForegroundWindow": 1, "NtAllocateVirtualMemory": 39, "NtQueryValueKey": 163, "LoadResource": 84, "FindResourceA": 68, "CreateActCtxW": 1, "GlobalMemoryStatusEx": 1, "NtCreateSection": 2, "DrawTextExW": 4, "LdrUnloadDll": 17, "NtOpenFile": 2, "NtDuplicateObject": 5, "LdrGetDllHandle": 8, "RegOpenKeyExW": 5, "FindResourceExA": 1, "NtEnumerateKey": 21, "NtOpenDirectoryObject": 1, "RegCloseKey": 4, "RegQueryValueExW": 2, "SearchPathW": 7, "GetSystemMetrics": 38, "NtUnmapViewOfSection": 3, "NtReadFile": 1, "RegEnumKeyExW": 4, "NtWriteFile": 6, "NtOpenThread": 2, "CreateThread": 5, "NtOpenSection": 4, "NtCreateMutant": 10, "NtFreeVirtualMemory": 2, "UuidCreate": 1, "NtOpenMutant": 1, "SetErrorMode": 44, "GetFileSizeEx": 1, "NtMapViewOfSection": 9, "NtDelayExecution": 139, "LdrLoadDll": 54, "NtCreateFile": 17, "SizeofResource": 62, "LdrGetProcedureAddress": 212, "GetSystemDirectoryW": 3, "NtResumeThread": 3, "RegQueryInfoKeyW": 2, "RegEnumValueW": 37, "NtQuerySystemInformation": 1, "RegQueryValueExA": 16, "LoadStringW": 45, "NtOpenProcess": 5, "LoadStringA": 3, "IsDebuggerPresent": 1, "GetSystemWindowsDirectoryW": 9, "NtClose": 124, "CoCreateInstance": 1, "NtOpenKeyEx": 84, "NtCreateThreadEx": 1, "CoInitializeEx": 2, "timeGetTime": 26}}