{"apistats": {"GetUserNameExW": 2, "NtOpenSection": 5, "CoUninitialize": 10, "GetForegroundWindow": 2, "GetBestInterfaceEx": 6, "NtDuplicateObject": 5, "WSAStartup": 12, "GetFileAttributesExW": 4, "GetUserNameExA": 2, "GetAdaptersAddresses": 2, "RegCloseKey": 217, "GetFileAttributesW": 23, "setsockopt": 8, "GetSystemMetrics": 42, "RegEnumKeyExA": 13, "NtCreateThreadEx": 1, "InternetCloseHandle": 1, "RegOpenKeyExW": 308, "NtDelayExecution": 13, "SetErrorMode": 6, "NtAllocateVirtualMemory": 187, "GetFileInformationByHandle": 3, "RegOpenKeyExA": 34, "DeleteFileW": 1, "GetNativeSystemInfo": 4, "GetCursorPos": 1, "NtResumeThread": 3, "SHGetFolderPathW": 2, "CoCreateInstance": 13, "RegEnumKeyExW": 38, "CryptAcquireContextW": 1, "CreateDirectoryW": 9, "FindResourceExW": 11, "NtCreateFile": 182, "GetSystemTimeAsFileTime": 59, "GlobalMemoryStatusEx": 1, "FindFirstFileExW": 44, "closesocket": 8, "RegEnumValueW": 10, "NtCreateSection": 6, "InternetSetOptionA": 6, "GetTimeZoneInformation": 2, "SetWindowsHookExA": 2, "LoadResource": 33, "InternetOpenA": 2, "FindResourceA": 38, "SetWindowsHookExW": 1, "GetFileType": 3, "NtQueryInformationFile": 38, "NtOpenKey": 26, "NtClose": 270, "RegCreateKeyExW": 22, "LdrUnloadDll": 28, "NtOpenMutant": 1, "NtQueryKey": 6, "HttpOpenRequestA": 1, "GetSystemInfo": 17, "RegQueryValueExA": 129, "FindWindowW": 1, "OpenServiceW": 1, "GetSystemWindowsDirectoryW": 3, "NtQueryValueKey": 7, "RegCreateKeyExA": 1, "NtOpenProcess": 10, "RegQueryValueExW": 308, "DrawTextExA": 11, "NtFreeVirtualMemory": 57, "NtMapViewOfSection": 15, "SizeofResource": 17, "CreateActCtxW": 2, "UnhookWindowsHookEx": 1, "GetFileSizeEx": 2, "InternetConnectA": 1, "NtDeviceIoControlFile": 58, "NtReadFile": 3, "NtWriteFile": 1, "LdrGetDllHandle": 44, "GetKeyState": 6, "NtOpenFile": 39, "CreateThread": 7, "NtUnmapViewOfSection": 5, "RegQueryInfoKeyW": 4, "GetSystemDirectoryW": 3, "timeGetTime": 1, "NtQueryDirectoryFile": 2, "SetUnhandledExceptionFilter": 2, "GetSystemDirectoryA": 17, "NtCreateMutant": 6, "NtProtectVirtualMemory": 114, "GetAddrInfoW": 2, "CoInitializeEx": 14, "RegDeleteValueW": 10, "GetTempPathW": 1, "socket": 8, "RegSetValueExW": 41, "LoadStringW": 7, "OpenSCManagerW": 1, "LdrGetProcedureAddress": 350, "NtOpenThread": 2, "GetDiskFreeSpaceExW": 2, "LdrLoadDll": 93, "InternetCrackUrlA": 1, "UuidCreate": 1}, "name": "9645bb97-3fd4-11e7-b2e8-80e65024849a.file", "class": "malware"}