{"name": "96b29af5-9a86-11e6-9187-80e65024849a.file", "apistats": {"RegCloseKey": 17, "RegEnumKeyExW": 25, "NtCreateMutant": 1, "NtClose": 46, "CreateToolhelp32Snapshot": 1, "NtQueryValueKey": 17, "RegQueryValueExA": 32, "FindResourceExW": 15, "NtOpenKey": 20, "NtAllocateVirtualMemory": 25, "GetSystemInfo": 3, "LoadResource": 12, "LoadStringW": 7, "NtResumeThread": 3, "LdrGetDllHandle": 8, "NtOpenMutant": 1, "GetSystemMetrics": 18, "CreateThread": 4, "NtFreeVirtualMemory": 8, "NtDuplicateObject": 2, "CoCreateInstance": 1, "GetFileSizeEx": 1, "WSAStartup": 1, "NtReadFile": 1, "LdrLoadDll": 28, "NtMapViewOfSection": 9, "Process32FirstW": 1, "RegQueryInfoKeyW": 2, "GetComputerNameW": 1, "LdrGetProcedureAddress": 387, "NtCreateFile": 2, "Process32NextW": 32, "NtUnmapViewOfSection": 3, "NtCreateSection": 5, "GetSystemDirectoryW": 2, "RegOpenKeyExW": 28, "SetWindowsHookExW": 2, "CoInitializeEx": 3, "SetUnhandledExceptionFilter": 2, "RegEnumValueW": 37, "NtProtectVirtualMemory": 10, "NtOpenSection": 3, "GetSystemWindowsDirectoryW": 1, "GetSystemTimeAsFileTime": 1, "RegQueryValueExW": 8}, "class": "malware"}