{"apistats": {"NtOpenSection": 2, "CoUninitialize": 1, "RegCloseKey": 50, "NtDuplicateObject": 9, "NtTerminateProcess": 3, "GetFileVersionInfoSizeW": 5, "GetFileAttributesW": 28, "NtQueryKey": 248, "GetFileSize": 10, "RegOpenKeyExW": 80, "NtDelayExecution": 80, "SetErrorMode": 86, "NtAllocateVirtualMemory": 680, "GetFileInformationByHandle": 14, "RegOpenKeyExA": 1, "DeleteFileW": 3, "SHGetFolderPathW": 3, "GetComputerNameW": 3, "NtResumeThread": 4, "CoInitializeEx": 4, "ReadProcessMemory": 19460, "RegEnumKeyExW": 14, "CryptAcquireContextW": 2, "CreateDirectoryW": 1, "NtCreateFile": 125, "GetSystemTimeAsFileTime": 6, "FindFirstFileExW": 18, "RegEnumValueW": 3, "NtCreateSection": 21, "CoCreateInstance": 10, "NtOpenMutant": 1, "CoInitializeSecurity": 1, "LookupPrivilegeValueW": 1, "CreateProcessInternalW": 1, "NtClose": 290, "LdrUnloadDll": 2, "CopyFileW": 1, "WriteProcessMemory": 5, "GetShortPathNameW": 1, "NtSetContextThread": 1, "GetSystemInfo": 81, "IsDebuggerPresent": 1, "GetSystemWindowsDirectoryW": 2, "NtQueryValueKey": 57, "NtOpenProcess": 2, "CryptHashData": 64, "RegQueryValueExW": 123, "NtMapViewOfSection": 30, "CryptCreateHash": 41, "RtlAddVectoredContinueHandler": 1, "NtOpenFile": 1, "CreateActCtxW": 5, "GetUserNameW": 1, "RegEnumKeyW": 12, "NtDeviceIoControlFile": 1, "NtReadFile": 45, "LdrGetDllHandle": 145, "CoGetClassObject": 20, "NtQuerySystemInformation": 1, "NtEnumerateValueKey": 7, "LoadStringW": 4, "CreateThread": 8, "GetSystemDirectoryW": 4, "RegQueryInfoKeyW": 3, "SetFilePointer": 39, "NtUnmapViewOfSection": 13, "NtQueryDirectoryFile": 2, "SetUnhandledExceptionFilter": 1, "__exception__": 1, "NtFreeVirtualMemory": 223, "CoCreateInstanceEx": 2, "NtQueryAttributesFile": 3, "NtCreateMutant": 4, "NtProtectVirtualMemory": 38, "GetFileAttributesExW": 7, "GlobalMemoryStatus": 1, "NtGetContextThread": 1, "RegSetValueExW": 1, "NtOpenKey": 46, "LdrGetProcedureAddress": 429, "GetFileVersionInfoW": 5, "NtEnumerateKey": 2, "NtOpenDirectoryObject": 1, "NtOpenKeyEx": 225, "LdrLoadDll": 50, "UuidCreate": 7}, "name": "97eb5fe8-3038-11e8-997f-80e65024849a.file", "class": "malware"}