{"class": "malware", "name": "9cd1d278-a1a3-11e6-bf36-80e65024849a.file", "apistats": {"GetNativeSystemInfo": 3, "FindResourceExW": 5, "NtOpenKey": 38, "GlobalMemoryStatusEx": 1, "NtProtectVirtualMemory": 51, "GetAddrInfoW": 1, "GetForegroundWindow": 2, "NtDeviceIoControlFile": 22, "GetAdaptersInfo": 2, "LdrGetDllHandle": 26, "InternetConnectA": 1, "GetBestInterfaceEx": 2, "CreateActCtxW": 1, "GetFileInformationByHandleEx": 12, "RegSetValueExW": 14, "NtQueryDirectoryFile": 7, "DeleteFileW": 2, "DrawTextExW": 2, "OleInitialize": 1, "socket": 3, "RegOpenKeyExW": 509, "InternetQueryOptionA": 1, "LdrGetProcedureAddress": 112, "GetSystemTimeAsFileTime": 43, "NtOpenFile": 1, "NtWriteFile": 8, "CreateThread": 2, "GetSystemDirectoryA": 11, "NtFreeVirtualMemory": 10, "NtOpenMutant": 1, "SetErrorMode": 3, "GetFileSizeEx": 12, "NtMapViewOfSection": 8, "GetFileSize": 1, "GetVolumePathNamesForVolumeNameW": 6, "LdrLoadDll": 44, "NtCreateFile": 37, "FindFirstFileExW": 1, "NtAllocateVirtualMemory": 31, "InternetSetOptionA": 2, "RegQueryValueExA": 17, "LoadStringW": 6, "NtOpenProcess": 14, "NtQueryValueKey": 11, "CoUninitialize": 19, "GetFileAttributesW": 19, "NtCreateMutant": 2, "RegCreateKeyExW": 7, "GetTempPathW": 1, "closesocket": 3, "NtQueryKey": 4, "LoadResource": 6, "FindResourceA": 1, "WSAStartup": 4, "setsockopt": 3, "NtCreateSection": 4, "DeviceIoControl": 1, "LdrUnloadDll": 2, "SetFilePointer": 7, "NtDuplicateObject": 6, "InternetCrackUrlA": 1, "HttpOpenRequestA": 1, "RegEnumKeyW": 109, "CreateDirectoryW": 8, "RegCloseKey": 374, "GetVolumeNameForVolumeMountPointW": 3, "NtQueryAttributesFile": 1, "GetSystemMetrics": 5, "RegOpenKeyExA": 28, "NtUnmapViewOfSection": 3, "NtReadFile": 159, "InternetOpenA": 1, "FindResourceExA": 2, "RegQueryValueExW": 2237, "NtOpenSection": 7, "GetSystemDirectoryW": 3, "NtQuerySystemInformation": 1, "SHGetFolderPathW": 1, "RegDeleteValueW": 3, "GetAdaptersAddresses": 1, "NtClose": 154, "CoCreateInstance": 7, "GetSystemWindowsDirectoryW": 7, "CoInitializeEx": 21, "RegEnumKeyExW": 23}}