{"apistats": {"GetNativeSystemInfo": 2, "NtQuerySystemInformation": 1, "NtEnumerateValueKey": 1, "NtQueryKey": 8, "NtMapViewOfSection": 1, "LdrUnloadDll": 1, "GetSystemInfo": 3, "GetSystemDirectoryW": 3, "FindResourceW": 2, "SetUnhandledExceptionFilter": 1, "__exception__": 108, "NtCreateFile": 1, "NtQueryValueKey": 1, "GetSystemTimeAsFileTime": 1, "NtCreateMutant": 2, "NtFreeVirtualMemory": 7, "NtCreateSection": 1, "SizeofResource": 2, "NtOpenKey": 1, "LoadResource": 2, "LdrGetProcedureAddress": 4, "NtProtectVirtualMemory": 5, "NtOpenDirectoryObject": 1, "NtAllocateVirtualMemory": 8, "NtOpenKeyEx": 9, "LdrLoadDll": 14, "NtTerminateProcess": 3, "LdrGetDllHandle": 3, "CreateProcessInternalW": 1, "NtClose": 15}, "name": "9d691594-d521-11e6-9266-80e65024849a.file", "class": "malware"}