{"class": "malware", "name": "9de6c2a8-a4bf-11e6-ab82-80e65024849a.file", "apistats": {"GetNativeSystemInfo": 3, "FindResourceExW": 5, "NtOpenKey": 38, "GlobalMemoryStatusEx": 1, "NtProtectVirtualMemory": 49, "GetAddrInfoW": 2, "GetForegroundWindow": 2, "NtDeviceIoControlFile": 46, "GetAdaptersInfo": 2, "LdrGetDllHandle": 26, "InternetConnectA": 1, "GetBestInterfaceEx": 4, "CreateActCtxW": 1, "GetFileInformationByHandleEx": 12, "RegSetValueExW": 28, "NtQueryDirectoryFile": 7, "DeleteFileW": 2, "DrawTextExW": 2, "OleInitialize": 1, "socket": 6, "RegOpenKeyExW": 521, "InternetQueryOptionA": 1, "LdrGetProcedureAddress": 112, "GetSystemTimeAsFileTime": 47, "NtOpenFile": 1, "NtWriteFile": 8, "CreateThread": 2, "GetSystemDirectoryA": 11, "NtFreeVirtualMemory": 14, "NtOpenMutant": 1, "SetErrorMode": 3, "GetFileSizeEx": 12, "NtMapViewOfSection": 8, "GetFileSize": 1, "GetVolumePathNamesForVolumeNameW": 6, "LdrLoadDll": 45, "NtCreateFile": 37, "FindFirstFileExW": 1, "NtAllocateVirtualMemory": 55, "InternetSetOptionA": 2, "RegQueryValueExA": 17, "LoadStringW": 6, "NtOpenProcess": 14, "NtQueryValueKey": 11, "CoUninitialize": 23, "GetFileAttributesW": 19, "NtCreateMutant": 2, "RegCreateKeyExW": 14, "GetTempPathW": 1, "closesocket": 6, "NtQueryKey": 6, "LoadResource": 6, "FindResourceA": 1, "WSAStartup": 8, "setsockopt": 6, "NtCreateSection": 4, "DeviceIoControl": 1, "LdrUnloadDll": 2, "SetFilePointer": 7, "NtDuplicateObject": 5, "InternetCrackUrlA": 1, "HttpOpenRequestA": 1, "RegEnumKeyW": 109, "CreateDirectoryW": 8, "RegCloseKey": 387, "GetVolumeNameForVolumeMountPointW": 3, "NtQueryAttributesFile": 1, "GetSystemMetrics": 5, "RegOpenKeyExA": 28, "NtUnmapViewOfSection": 3, "NtReadFile": 159, "InternetOpenA": 1, "FindResourceExA": 2, "RegQueryValueExW": 2261, "NtOpenSection": 7, "GetSystemDirectoryW": 3, "NtQuerySystemInformation": 1, "SHGetFolderPathW": 1, "RegDeleteValueW": 6, "GetAdaptersAddresses": 2, "NtClose": 178, "CoCreateInstance": 12, "GetSystemWindowsDirectoryW": 7, "CoInitializeEx": 25, "RegEnumKeyExW": 25}}