{"apistats": {"NtOpenSection": 2, "NtOpenMutant": 1, "RegCloseKey": 8, "DrawTextExW": 12, "GetSystemInfo": 1, "GetSystemWindowsDirectoryW": 1, "NtQueryValueKey": 5, "FindResourceExW": 5, "GetFileAttributesW": 3, "RegQueryValueExW": 5, "NtMapViewOfSection": 4, "GetSystemMetrics": 88, "CreateActCtxW": 2, "GetFileSize": 1, "RegOpenKeyExW": 19, "SetErrorMode": 5, "NtAllocateVirtualMemory": 39, "RegOpenKeyExA": 2, "LdrGetDllHandle": 4, "OleInitialize": 1, "RtlAddVectoredExceptionHandler": 1, "LoadStringA": 21, "NtUnmapViewOfSection": 2, "SetFilePointer": 2, "GetSystemDirectoryW": 1, "RegEnumKeyExW": 21, "CryptAcquireContextW": 1, "LoadStringW": 5, "__exception__": 1, "NtCreateFile": 1, "GlobalMemoryStatus": 1, "NtProtectVirtualMemory": 3, "CoInitializeEx": 1, "GetTempPathW": 1, "NtCreateSection": 2, "SetWindowsHookExA": 1, "NtOpenKey": 5, "SearchPathW": 2, "LoadResource": 5, "LdrGetProcedureAddress": 128, "GetFileType": 1, "SetEndOfFile": 1, "LdrLoadDll": 13, "NtQueryInformationFile": 1, "NtClose": 21}, "name": "9e1fca33-ef38-11e7-8e37-80e65024849a.file", "class": "malware"}