{"class": "malware", "apistats": {"NtQueryKey": 4, "GetSystemWindowsDirectoryW": 8, "SetFilePointerEx": 1, "NtDeleteKey": 2, "CreateActCtxW": 1, "GetComputerNameW": 4, "NtCreateFile": 70, "OleInitialize": 1, "FindResourceW": 5, "GetDiskFreeSpaceExW": 1, "NtOpenKey": 62, "NtQueryDirectoryFile": 21, "GetForegroundWindow": 46, "NtWriteFile": 153, "NtOpenFile": 14, "FindResourceExW": 2, "GetFileSizeEx": 17, "RegEnumKeyW": 121, "NtOpenKeyEx": 3916, "LdrUnloadDll": 1, "RegCreateKeyExW": 2, "GetFileSize": 9, "CoUninitialize": 45, "GetFileAttributesExW": 10, "RegOpenKeyExA": 6, "NtSetValueKey": 125, "LdrGetProcedureAddress": 71, "NtAllocateVirtualMemory": 6, "GetCursorPos": 6, "GetKeyState": 144, "GetFileInformationByHandleEx": 13, "GetSystemTimeAsFileTime": 62, "LdrLoadDll": 28, "GetVolumeNameForVolumeMountPointW": 3, "EnumWindows": 4, "CryptHashData": 1, "CoCreateInstance": 7, "FindWindowW": 1, "RegCloseKey": 480, "NtProtectVirtualMemory": 1, "UuidCreate": 2, "GetVolumePathNamesForVolumeNameW": 6, "NtQueryAttributesFile": 37, "CoInitializeEx": 46, "RegSetValueExA": 5, "NtSetInformationFile": 1, "LookupAccountSidW": 12, "DeviceIoControl": 4, "GetNativeSystemInfo": 1, "NtMapViewOfSection": 58, "CreateDirectoryW": 21, "GlobalMemoryStatusEx": 1, "NtDuplicateObject": 29, "NtClose": 289, "RegQueryValueExW": 2271, "SetFilePointer": 238, "SearchPathW": 2, "LoadResource": 2, "LoadStringW": 2, "SHGetFolderPathW": 4, "NtQueryValueKey": 9, "NetShareEnum": 1, "NtOpenSection": 5, "RegOpenKeyExW": 618, "SetFileTime": 2, "NtReadFile": 437, "RegQueryValueExA": 2, "LdrGetDllHandle": 9, "NtQuerySystemInformation": 1, "GetSystemInfo": 4, "NtDelayExecution": 43, "GetFileInformationByHandle": 4, "SizeofResource": 3, "NtOpenProcess": 64, "NtCreateKey": 99, "CoGetClassObject": 6, "SetErrorMode": 9, "NtCreateMutant": 2, "NtQueryInformationFile": 8, "GetFileAttributesW": 35, "DeleteFileW": 2, "RegCreateKeyExA": 5, "FindFirstFileExW": 1, "GetSystemMetrics": 357, "SendNotifyMessageW": 8, "NtCreateSection": 24, "NtUnmapViewOfSection": 54, "GetTempPathW": 1, "GetVolumePathNameW": 3, "GetSystemDirectoryW": 2, "CreateThread": 1}, "name": "9ecd8be3-ca8e-11e6-8784-80e65024849a.file"}