{"name": "9f2d0e63-ef38-11e7-ba4f-80e65024849a.file", "apistats": {"GetTempPathW": 1, "OleInitialize": 1, "RegEnumKeyExW": 21, "NtClose": 23, "NtQueryValueKey": 5, "RtlAddVectoredExceptionHandler": 1, "NtOpenKey": 5, "GetSystemDirectoryW": 1, "NtAllocateVirtualMemory": 39, "GetSystemInfo": 1, "LoadResource": 5, "LoadStringW": 5, "SetWindowsHookExA": 1, "LdrGetDllHandle": 5, "SetFilePointer": 2, "GetFileType": 1, "NtOpenMutant": 1, "GetSystemMetrics": 96, "FindResourceExW": 7, "NtQueryDirectoryFile": 4, "CryptAcquireContextW": 1, "__exception__": 1, "SearchPathW": 2, "GetFileSize": 1, "RegOpenKeyExA": 2, "LdrLoadDll": 13, "NtMapViewOfSection": 4, "LdrGetProcedureAddress": 128, "NtCreateFile": 1, "NtFreeVirtualMemory": 1, "GetFileAttributesW": 5, "NtUnmapViewOfSection": 2, "NtCreateSection": 2, "FindFirstFileExW": 2, "RegOpenKeyExW": 19, "CreateActCtxW": 2, "NtQueryInformationFile": 1, "SetEndOfFile": 1, "LoadStringA": 21, "NtProtectVirtualMemory": 3, "SetErrorMode": 5, "NtOpenSection": 2, "GetSystemWindowsDirectoryW": 1, "RegCloseKey": 8, "DrawTextExW": 11, "RegQueryValueExW": 5, "GlobalMemoryStatus": 1, "CoInitializeEx": 1}, "class": "malware"}