{"apistats": {"NtDeviceIoControlFile": 12, "CoInitializeEx": 1, "NtProtectVirtualMemory": 2, "NtClose": 55, "SHGetFolderPathW": 1, "NtOpenFile": 1, "GetFileAttributesW": 4, "CreateThread": 4, "NtQueryValueKey": 8, "NtFreeVirtualMemory": 3, "LdrLoadDll": 41, "GetAsyncKeyState": 12, "NtAllocateVirtualMemory": 32, "NtCreateSection": 1, "NtUnmapViewOfSection": 2, "WSAStartup": 2, "gethostbyname": 1, "GetAdaptersAddresses": 2, "NtMapViewOfSection": 5, "RegCloseKey": 43, "GetSystemDirectoryW": 4, "RegSetValueExW": 1, "DrawTextExW": 22, "NtCreateThreadEx": 1, "DeviceIoControl": 2, "NtResumeThread": 1, "NtQueryInformationFile": 1, "FindResourceA": 32, "NtOpenKey": 12, "RegEnumKeyExW": 21, "RegOpenKeyExA": 5, "OpenSCManagerA": 1, "NtCreateFile": 5, "LdrGetProcedureAddress": 847, "RtlAddVectoredExceptionHandler": 1, "RegQueryValueExA": 13, "NtOpenSection": 2, "FindResourceExW": 11, "NtOpenProcess": 2, "getaddrinfo": 1, "GetSystemInfo": 3, "LoadStringW": 7, "NtQuerySystemInformation": 1, "GetBestInterfaceEx": 2, "GlobalMemoryStatusEx": 1, "NtOpenMutant": 1, "SizeofResource": 32, "RegOpenKeyExW": 94, "RegQueryValueExW": 267, "GetSystemMetrics": 45, "SetUnhandledExceptionFilter": 1, "RegCreateKeyExW": 8, "GetSystemTimeAsFileTime": 1, "LdrGetDllHandle": 36, "LoadResource": 40, "LookupPrivilegeValueW": 12, "GetNativeSystemInfo": 2, "NtDuplicateObject": 2}, "class": "malware", "name": "9f7d9ad9-3766-11e7-954a-80e65024849a.file"}