{"class": "malware", "name": "a002ab57-fcba-11e6-880a-80e65024849a.file", "apistats": {"FindResourceExW": 7, "NtOpenKey": 18, "GetSystemInfo": 5, "NtProtectVirtualMemory": 114, "GetAddrInfoW": 3, "GetForegroundWindow": 1, "NtDeviceIoControlFile": 64, "LdrGetDllHandle": 19, "InternetConnectA": 1, "GetBestInterfaceEx": 4, "RegSetValueExW": 55, "RegCreateKeyExA": 1, "socket": 8, "RegOpenKeyExW": 291, "SetUnhandledExceptionFilter": 2, "LdrGetProcedureAddress": 130, "GetSystemTimeAsFileTime": 58, "DrawTextExA": 44, "NtUnmapViewOfSection": 2, "NtFreeVirtualMemory": 6, "SetErrorMode": 2, "NtMapViewOfSection": 9, "NtDelayExecution": 172, "LdrLoadDll": 44, "NtCreateFile": 22, "GetUserNameExA": 2, "NtAllocateVirtualMemory": 91, "InternetSetOptionA": 3, "RegQueryValueExA": 93, "LoadStringW": 7, "NtOpenProcess": 9, "NtQueryKey": 8, "CoUninitialize": 12, "GetFileAttributesW": 13, "NtCreateMutant": 3, "RegCreateKeyExW": 28, "RegEnumValueW": 8, "closesocket": 8, "NtQueryValueKey": 5, "LoadResource": 28, "GetUserNameExW": 2, "FindResourceA": 27, "WSAStartup": 13, "setsockopt": 8, "NtCreateSection": 4, "LdrUnloadDll": 8, "NtOpenMutant": 1, "NtDuplicateObject": 4, "InternetCrackUrlA": 1, "HttpOpenRequestA": 1, "CreateDirectoryW": 9, "RegCloseKey": 203, "RegQueryValueExW": 313, "GetSystemMetrics": 18, "RegOpenKeyExA": 30, "CreateThread": 4, "NtCreateThreadEx": 1, "InternetOpenA": 1, "GetTimeZoneInformation": 2, "NtOpenSection": 3, "SetWindowsHookExA": 2, "GetSystemDirectoryW": 2, "GetFileType": 3, "GlobalMemoryStatusEx": 1, "SizeofResource": 22, "NtResumeThread": 2, "RegQueryInfoKeyW": 4, "GetCursorPos": 1, "RegDeleteValueW": 13, "GetAdaptersAddresses": 3, "NtClose": 134, "CoCreateInstance": 15, "GetSystemWindowsDirectoryW": 1, "CoInitializeEx": 16, "RegEnumKeyExW": 39}}