{"class": "malware", "apistats": {"CreateJobObjectW": 1, "Process32NextW": 168, "GetNativeSystemInfo": 1, "NtMapViewOfSection": 2, "GetDiskFreeSpaceW": 1, "NtCreateFile": 34, "NtOpenProcess": 9, "NtClose": 1839, "NtOpenKey": 903, "LoadResource": 1, "NtWriteFile": 1, "NtOpenFile": 1309, "FindResourceExA": 1, "Process32FirstW": 10, "SHGetFolderPathW": 32, "NtQueryValueKey": 740, "RegOpenKeyExA": 5, "LdrUnloadDll": 1, "LookupPrivilegeValueW": 3, "GetFileSize": 2, "CreateDirectoryW": 1, "NtReadFile": 2, "GetTempPathW": 1, "RegQueryValueExA": 5, "MoveFileWithProgressW": 1, "LdrGetDllHandle": 4, "NtAllocateVirtualMemory": 50, "SetErrorMode": 1, "GetSystemInfo": 1, "SizeofResource": 1, "NtQueryInformationFile": 1, "GetSystemTimeAsFileTime": 1, "NtResumeThread": 1, "NtCreateMutant": 2, "LdrLoadDll": 18, "GetFileAttributesW": 6, "FindResourceA": 1, "DeleteFileW": 1, "LdrGetProcedureAddress": 226, "NtDuplicateObject": 1, "NtCreateThreadEx": 1, "RegCreateKeyExA": 1, "FindFirstFileExW": 1, "GetUserNameA": 589, "FindWindowW": 1, "NtFreeVirtualMemory": 103, "RegCloseKey": 7, "NtProtectVirtualMemory": 21, "NtCreateSection": 2, "NtUnmapViewOfSection": 30, "CreateToolhelp32Snapshot": 10, "RegSetValueExA": 1, "FindWindowA": 2344, "WriteProcessMemory": 8}, "name": "a027eac5-9a86-11e6-bee0-80e65024849a.file"}