{"class": "malware", "name": "a32ecd51-bbf1-11e6-b324-80e65024849a.file", "apistats": {"FindResourceW": 15, "FindResourceExW": 223, "NtQueryInformationFile": 3, "GetSystemInfo": 2, "NtProtectVirtualMemory": 40, "FindWindowW": 4, "GetForegroundWindow": 13, "NtDeviceIoControlFile": 22, "NtOpenKey": 773, "socket": 3, "GetFileInformationByHandle": 1, "GetBestInterfaceEx": 2, "CreateActCtxW": 2, "GetFileInformationByHandleEx": 8, "RegSetValueExW": 5, "NtQueryDirectoryFile": 30, "NtMapViewOfSection": 2, "SetEndOfFile": 1, "DrawTextExW": 120, "LdrGetDllHandle": 2, "GetVolumePathNamesForVolumeNameW": 6, "RegOpenKeyExW": 1, "NtSetValueKey": 28, "SetFilePointer": 5, "CreateDirectoryW": 1, "LdrGetProcedureAddress": 2, "GetSystemTimeAsFileTime": 61, "EnumWindows": 4, "CryptAcquireContextW": 1, "NtOpenFile": 9, "NtWriteFile": 1, "GetVolumePathNameW": 1, "NtUnmapViewOfSection": 1, "GetAddrInfoW": 1, "NtFreeVirtualMemory": 20, "SetErrorMode": 6, "GetFileSizeEx": 6, "FindFirstFileExW": 14, "NtDelayExecution": 9, "LdrLoadDll": 40, "NtCreateFile": 33, "NtAllocateVirtualMemory": 1, "RegQueryValueExA": 1, "LoadStringW": 7, "NtOpenProcess": 4, "DeleteUrlCacheEntryW": 1, "GetFileSize": 1, "CoUninitialize": 6, "UuidCreate": 4, "SendNotifyMessageW": 1, "NtCreateMutant": 1, "RegCreateKeyExW": 4, "NtCreateKey": 28, "GetTempPathW": 2, "closesocket": 3, "NtQueryKey": 1413, "InternetConnectW": 1, "LoadResource": 225, "WSAStartup": 4, "setsockopt": 3, "NtCreateSection": 2, "GetCursorPos": 6, "DeviceIoControl": 1, "LdrUnloadDll": 4, "NtOpenMutant": 1, "NtDuplicateObject": 15, "HttpOpenRequestW": 1, "NtQueryValueKey": 181, "RegCloseKey": 214, "GetVolumeNameForVolumeMountPointW": 3, "NtQueryAttributesFile": 1, "GetSystemMetrics": 995, "RegOpenKeyExA": 3, "GetKeyState": 82, "NtReadVirtualMemory": 3, "CreateThread": 1, "NtReadFile": 8, "RegEnumKeyExW": 21, "RegEnumKeyW": 109, "RegQueryValueExW": 2233, "NtOpenSection": 6, "GlobalMemoryStatus": 1, "NetShareEnum": 1, "GetFileAttributesW": 8, "GetSystemDirectoryW": 1, "GetFileType": 1, "GlobalMemoryStatusEx": 1, "SizeofResource": 4, "InternetOpenW": 1, "GetComputerNameW": 2, "NtQuerySystemInformation": 1, "SHGetFolderPathW": 7, "InternetCrackUrlW": 1, "GetAdaptersAddresses": 1, "NtClose": 253, "CoCreateInstance": 19, "NtOpenKeyEx": 876, "GetSystemWindowsDirectoryW": 2, "CoInitializeEx": 8}}