{"apistats": {"RegCreateKeyExW": 21, "GetNativeSystemInfo": 1, "CoUninitialize": 12, "RegCloseKey": 82, "NtQueryKey": 8, "GetBestInterfaceEx": 6, "NtDuplicateObject": 4, "RegQueryValueExA": 41, "InternetOpenA": 1, "WSAStartup": 13, "NtClose": 99, "GetAdaptersAddresses": 3, "CryptHashData": 1, "RegQueryValueExW": 84, "HttpOpenRequestW": 1, "CryptCreateHash": 1, "InternetConnectW": 1, "RegOpenKeyExW": 57, "NtDelayExecution": 17, "InternetQueryOptionA": 1, "NtDeviceIoControlFile": 74, "NtAllocateVirtualMemory": 21, "RegOpenKeyExA": 25, "NtFreeVirtualMemory": 1, "RtlDecompressBuffer": 1, "CoInitializeEx": 13, "CoCreateInstance": 15, "RegEnumKeyExW": 6, "CryptAcquireContextW": 1, "GetSystemTimeAsFileTime": 13, "RegEnumKeyExA": 19, "closesocket": 10, "NtProtectVirtualMemory": 71, "GetAddrInfoW": 3, "setsockopt": 10, "RegDeleteValueW": 9, "LdrGetDllHandle": 1, "socket": 10, "RegSetValueExW": 42, "InternetSetOptionA": 3, "NtOpenKey": 6, "LdrGetProcedureAddress": 102, "LdrLoadDll": 15}, "name": "a5966d51-99fa-11e6-830e-80e65024849a.file", "class": "malware"}