{"name": "a65b5638-99fa-11e6-91b6-80e65024849a.file", "apistats": {"NtWriteFile": 51, "NtUnmapViewOfSection": 3, "RegEnumKeyExW": 76, "NtOpenFile": 6, "NtFreeVirtualMemory": 12, "GetSystemDirectoryW": 6, "GetForegroundWindow": 2, "GetSystemInfo": 1, "LoadResource": 69, "LoadStringW": 71, "CreateActCtxW": 1, "GetTempPathW": 3, "CreateThread": 3, "NtQueryDirectoryFile": 6, "NtDuplicateObject": 1, "__exception__": 4, "CoCreateInstance": 1, "FindFirstFileExW": 4, "LdrLoadDll": 72, "CreateDirectoryW": 4, "GetComputerNameW": 30, "NtCreateFile": 50, "GetFileAttributesW": 94, "SetErrorMode": 34, "GetFileVersionInfoW": 1, "RegOpenKeyExW": 292, "NtQueryAttributesFile": 6, "LookupAccountSidW": 7, "RegEnumValueW": 5, "RegSetValueExW": 4, "NtProtectVirtualMemory": 8, "SetFilePointer": 166, "RegCloseKey": 237, "DrawTextExW": 319, "SetFileTime": 19, "MoveFileWithProgressW": 2, "OleInitialize": 1, "NtClose": 125, "NtQueryValueKey": 3, "LookupPrivilegeValueW": 30, "NtOpenKey": 4, "NtAllocateVirtualMemory": 62, "NtMapViewOfSection": 7, "LdrGetDllHandle": 20, "NtOpenMutant": 1, "GetSystemMetrics": 1858, "RegCreateKeyExW": 1, "FindResourceExW": 60, "NtDelayExecution": 3, "DeleteFileW": 21, "GetFileVersionInfoSizeW": 1, "NtReadFile": 165, "RegQueryInfoKeyW": 19, "EnumWindows": 1, "LdrGetProcedureAddress": 907, "GetKeyboardState": 3, "FindResourceW": 18, "NtCreateSection": 4, "LdrUnloadDll": 10, "SetWindowsHookExW": 2, "SizeofResource": 11, "RemoveDirectoryW": 1, "RegQueryValueExW": 92, "NtOpenSection": 4, "GetSystemWindowsDirectoryW": 1, "CoInitializeEx": 2}, "class": "malware"}