{"class": "malware", "apistats": {"NtQueryKey": 4, "DrawTextExW": 4, "DrawTextExA": 5, "GetBestInterfaceEx": 2, "NtMapViewOfSection": 3, "RegQueryValueExW": 41, "NtCreateFile": 1, "WSAStartup": 6, "NtDuplicateObject": 3, "NtClose": 57, "NtOpenSection": 2, "GetAdaptersAddresses": 1, "socket": 5, "GetSystemWindowsDirectoryW": 1, "CreateThread": 1, "NtOpenKey": 8, "LoadStringW": 7, "InternetConnectA": 1, "LoadResource": 29, "NtQueryValueKey": 1, "RegOpenKeyExA": 5, "RegCreateKeyExW": 7, "CoUninitialize": 4, "NtOpenMutant": 1, "closesocket": 5, "CoCreateInstance": 5, "FindFirstFileExW": 2, "InternetOpenA": 1, "LdrGetDllHandle": 11, "NtAllocateVirtualMemory": 28, "SetErrorMode": 2, "GetCursorPos": 17, "SizeofResource": 1, "GetKeyState": 1, "GetSystemTimeAsFileTime": 4, "NtResumeThread": 1, "HttpOpenRequestA": 1, "GetAddrInfoW": 1, "EnumWindows": 1, "RegEnumKeyExW": 23, "FindResourceA": 2, "LdrLoadDll": 11, "FindResourceExW": 30, "LdrGetProcedureAddress": 91, "RegOpenKeyExW": 52, "GetSystemDirectoryW": 1, "GetSystemMetrics": 55, "NtFreeVirtualMemory": 9, "RegCloseKey": 41, "NtProtectVirtualMemory": 47, "RegSetValueExW": 14, "NtCreateSection": 1, "RegDeleteValueW": 3, "NtUnmapViewOfSection": 2, "NtDeviceIoControlFile": 30, "NtQueryAttributesFile": 4, "CoInitializeEx": 6, "setsockopt": 5, "LoadStringA": 55}, "name": "a9b8ceba-c4f3-11e6-9a3f-80e65024849a.file"}