{"class": "malware", "apistats": {"GetSystemWindowsDirectoryW": 1, "DrawTextExW": 114, "NtMapViewOfSection": 6, "CryptAcquireContextW": 1, "RegQueryValueExW": 7, "NtCreateFile": 3, "RegCloseKey": 15, "NtClose": 26, "NtOpenKey": 8, "SetFilePointer": 10, "SearchPathW": 2, "LoadResource": 9, "NtOpenMutant": 1, "SetEndOfFile": 1, "GlobalMemoryStatus": 1, "LoadStringW": 7, "NtQueryValueKey": 8, "RegOpenKeyExA": 4, "OleInitialize": 1, "NtOpenSection": 2, "LookupPrivilegeValueW": 1, "GetFileSize": 2, "RegOpenKeyExW": 28, "NtReadFile": 8, "GetTempPathW": 1, "RegQueryValueExA": 32, "LdrGetDllHandle": 38, "NtAllocateVirtualMemory": 72, "GetSystemInfo": 2, "GetCursorPos": 6, "GetKeyState": 24, "NtQueryInformationFile": 1, "SetWindowsHookExA": 1, "GetSystemTimeAsFileTime": 1, "SetErrorMode": 5, "NtCreateMutant": 1, "LdrLoadDll": 21, "GetFileAttributesW": 3, "GetAsyncKeyState": 13584, "FindResourceExW": 13, "LdrGetProcedureAddress": 896, "GetFileType": 4, "RegEnumKeyExW": 21, "GetSystemMetrics": 97, "NtFreeVirtualMemory": 16, "LoadStringA": 19, "NtProtectVirtualMemory": 15, "NtCreateSection": 3, "NtUnmapViewOfSection": 2, "NtOpenDirectoryObject": 1, "SetUnhandledExceptionFilter": 1, "CoInitializeEx": 1, "GetSystemDirectoryW": 2, "IsDebuggerPresent": 1}, "name": "aa5b9a9c-99fa-11e6-9a0b-80e65024849a.file"}