{"name": "ac6a6319-bbf1-11e6-9487-80e65024849a.file", "apistats": {"NtWriteFile": 19, "OleInitialize": 1, "NtOpenFile": 2, "GetVolumeNameForVolumeMountPointW": 3, "NtQueryValueKey": 9, "RegQueryValueExA": 1, "NtReadFile": 171, "NtFreeVirtualMemory": 15, "NtOpenKey": 27, "GetSystemDirectoryW": 13, "NtAllocateVirtualMemory": 14, "LoadResource": 2, "LoadStringW": 1, "NtOpenProcess": 14, "GetNativeSystemInfo": 1, "NtMapViewOfSection": 6, "LdrGetDllHandle": 22, "GetVolumePathNamesForVolumeNameW": 6, "SetFilePointer": 11, "CreateActCtxW": 1, "GetTempPathW": 1, "NtCreateMutant": 2, "FindResourceExW": 2, "NtQueryDirectoryFile": 7, "NtDuplicateObject": 3, "DeleteFileW": 2, "CoCreateInstance": 2, "GetFileSizeEx": 12, "NtQuerySystemInformation": 1, "GetFileSize": 1, "GlobalMemoryStatusEx": 1, "RegOpenKeyExA": 5, "LdrLoadDll": 28, "CreateDirectoryW": 13, "NtClose": 102, "GetSystemTimeAsFileTime": 38, "LdrGetProcedureAddress": 66, "NtCreateFile": 40, "GetFileAttributesW": 35, "NtUnmapViewOfSection": 1, "NtCreateSection": 4, "FindFirstFileExW": 1, "RegOpenKeyExW": 456, "NtQueryAttributesFile": 1, "LdrUnloadDll": 1, "RegEnumKeyW": 109, "GetFileInformationByHandleEx": 12, "NtProtectVirtualMemory": 1, "SetErrorMode": 1, "NtOpenSection": 5, "GetSystemWindowsDirectoryW": 7, "CoUninitialize": 15, "RegCloseKey": 318, "RegQueryValueExW": 2196, "SetFileTime": 8, "CoInitializeEx": 15}, "class": "malware"}