{"class": "malware", "name": "ac827459-ef38-11e7-95ed-80e65024849a.file", "apistats": {"FindResourceExW": 7, "NtOpenKey": 5, "GetTempPathW": 1, "GetFileAttributesW": 4, "GetSystemInfo": 1, "NtProtectVirtualMemory": 3, "NtAllocateVirtualMemory": 41, "GetFileSize": 1, "LoadResource": 5, "RtlAddVectoredExceptionHandler": 1, "CreateActCtxW": 2, "NtQueryInformationFile": 1, "NtQueryDirectoryFile": 2, "FindFirstFileExW": 1, "NtCreateSection": 2, "DrawTextExW": 13, "CoInitializeEx": 1, "NtOpenMutant": 1, "OleInitialize": 1, "LdrGetDllHandle": 5, "RegOpenKeyExW": 21, "RegCloseKey": 9, "LdrGetProcedureAddress": 130, "GetSystemMetrics": 102, "SetEndOfFile": 1, "CryptAcquireContextW": 1, "RegEnumKeyExW": 21, "RegQueryValueExW": 5, "NtUnmapViewOfSection": 2, "NtOpenSection": 2, "GlobalMemoryStatus": 1, "NtFreeVirtualMemory": 1, "SetWindowsHookExA": 1, "SetErrorMode": 5, "GetSystemDirectoryW": 1, "GetFileType": 1, "NtMapViewOfSection": 4, "LdrLoadDll": 13, "NtCreateFile": 1, "SearchPathW": 2, "GetShortPathNameW": 1, "LoadStringW": 5, "LoadStringA": 22, "__exception__": 1, "NtQueryValueKey": 5, "RegOpenKeyExA": 2, "NtClose": 22, "SetFilePointer": 2, "GetSystemWindowsDirectoryW": 1}}