{"class": "malware", "apistats": {"NtQueryKey": 10, "GetSystemWindowsDirectoryW": 1, "GetBestInterfaceEx": 6, "NtCreateFile": 22, "NtOpenProcess": 9, "NtOpenKey": 18, "GetForegroundWindow": 1, "NtOpenMutant": 1, "FindResourceExW": 7, "InternetConnectA": 1, "RegOpenKeyExA": 30, "LdrUnloadDll": 8, "RegCreateKeyExW": 35, "CoUninitialize": 16, "closesocket": 12, "LdrGetProcedureAddress": 130, "InternetOpenA": 1, "GlobalMemoryStatusEx": 1, "NtAllocateVirtualMemory": 91, "GetCursorPos": 1, "CoCreateInstance": 20, "GetSystemTimeAsFileTime": 62, "HttpOpenRequestA": 1, "GetAddrInfoW": 4, "NtCreateThreadEx": 1, "GetFileType": 3, "DrawTextExA": 145, "NtFreeVirtualMemory": 6, "RegCloseKey": 216, "NtProtectVirtualMemory": 114, "RegSetValueExW": 69, "RegDeleteValueW": 16, "NtDeviceIoControlFile": 92, "CoInitializeEx": 20, "RegEnumKeyExW": 41, "RegEnumValueW": 8, "NtMapViewOfSection": 9, "CreateDirectoryW": 9, "RegQueryValueExW": 337, "WSAStartup": 18, "NtDuplicateObject": 4, "NtClose": 163, "GetAdaptersAddresses": 4, "socket": 12, "InternetCrackUrlA": 1, "InternetSetOptionA": 3, "LoadStringW": 7, "RegQueryInfoKeyW": 4, "LoadResource": 28, "NtQueryValueKey": 5, "NtOpenSection": 3, "GetUserNameExA": 2, "GetTimeZoneInformation": 2, "RegOpenKeyExW": 303, "RegQueryValueExA": 93, "LdrGetDllHandle": 19, "GetSystemInfo": 5, "NtDelayExecution": 575, "SizeofResource": 22, "GetUserNameExW": 2, "SetWindowsHookExA": 2, "NtResumeThread": 2, "NtCreateMutant": 3, "GetFileAttributesW": 13, "FindResourceA": 27, "RegCreateKeyExA": 1, "setsockopt": 12, "GetSystemMetrics": 18, "SetErrorMode": 2, "NtCreateSection": 4, "NtUnmapViewOfSection": 2, "SetUnhandledExceptionFilter": 2, "CreateThread": 4, "GetSystemDirectoryW": 2, "LdrLoadDll": 44}, "name": "ac8d5eb8-3270-11e7-ac50-80e65024849a.file"}