{"class": "malware", "name": "acea9c35-99fa-11e6-9ab5-80e65024849a.file", "apistats": {"FindResourceExW": 15, "NtOpenKey": 20, "SetUnhandledExceptionFilter": 2, "NtProtectVirtualMemory": 10, "NtAllocateVirtualMemory": 25, "NtQueryValueKey": 17, "LdrGetDllHandle": 8, "LoadResource": 12, "Process32NextW": 32, "CreateToolhelp32Snapshot": 1, "WSAStartup": 1, "NtCreateSection": 5, "SetWindowsHookExW": 2, "CoInitializeEx": 3, "NtOpenMutant": 1, "NtDuplicateObject": 2, "GetSystemInfo": 3, "RegOpenKeyExW": 28, "RegCloseKey": 17, "GetComputerNameW": 1, "LdrGetProcedureAddress": 387, "GetSystemMetrics": 18, "NtUnmapViewOfSection": 3, "NtReadFile": 1, "RegEnumKeyExW": 25, "GetFileSizeEx": 1, "RegQueryValueExW": 8, "CreateThread": 4, "NtOpenSection": 3, "NtFreeVirtualMemory": 7, "GetSystemTimeAsFileTime": 1, "GetSystemDirectoryW": 2, "NtMapViewOfSection": 9, "LdrLoadDll": 28, "NtCreateFile": 2, "NtResumeThread": 3, "RegQueryInfoKeyW": 2, "RegEnumValueW": 37, "RegQueryValueExA": 32, "LoadStringW": 7, "NtClose": 46, "CoCreateInstance": 1, "NtCreateMutant": 1, "GetSystemWindowsDirectoryW": 1, "Process32FirstW": 1}}