{"apistats": {"IsDebuggerPresent": 3, "SHGetSpecialFolderLocation": 1, "LdrLoadDll": 5, "RegCloseKey": 12, "RegOpenKeyExW": 13, "NtClose": 14, "GlobalMemoryStatusEx": 1, "FindWindowW": 2, "NtQuerySystemInformation": 1, "NtOpenKey": 5, "CoInitializeEx": 1, "GetFileAttributesW": 2, "GetSystemDirectoryW": 2, "LdrGetDllHandle": 9, "GetNativeSystemInfo": 1, "NtQueryValueKey": 5, "RegQueryValueExA": 1, "GetVolumeNameForVolumeMountPointW": 2, "CoUninitialize": 1, "LoadStringW": 1, "GetSystemWindowsDirectoryW": 6, "NtCreateFile": 1, "RegOpenKeyExA": 51, "NtAllocateVirtualMemory": 7, "NtDuplicateObject": 3, "GetSystemTimeAsFileTime": 1, "SetUnhandledExceptionFilter": 1, "LdrUnloadDll": 2, "GetVolumePathNamesForVolumeNameW": 6, "RegQueryValueExW": 7, "FindFirstFileExW": 4, "LdrGetProcedureAddress": 18, "NtCreateMutant": 2}, "class": "benign", "name": "Acrobat.exe"}