{"apistats": {"RegQueryValueExA": 1, "RegDeleteKeyA": 2, "NtQueryDirectoryFile": 1, "FindResourceExW": 20, "LdrLoadDll": 4, "LoadStringW": 15, "RegCloseKey": 8, "NtResumeThread": 1, "GetSystemMetrics": 4, "RegDeleteKeyW": 2, "NtFreeVirtualMemory": 1, "RegOpenKeyExA": 3, "RegEnumValueW": 1, "CreateThread": 1, "RegCreateKeyExA": 1, "FindWindowW": 1, "NtAllocateVirtualMemory": 7, "RegCreateKeyExW": 4, "RegSetValueExW": 14, "RegOpenKeyExW": 26, "SetUnhandledExceptionFilter": 1, "LdrUnloadDll": 1, "LdrGetDllHandle": 32, "RegQueryValueExW": 1, "LoadResource": 20, "FindFirstFileExW": 1, "LdrGetProcedureAddress": 38, "NtClose": 5, "GetSystemTimeAsFileTime": 1}, "class": "benign", "name": "acrotray.exe"}