{"apistats": {"GetUserNameExW": 2, "NtOpenSection": 3, "CoUninitialize": 12, "RegCloseKey": 203, "GetBestInterfaceEx": 6, "NtDuplicateObject": 4, "WSAStartup": 15, "GetUserNameExA": 2, "GetAdaptersAddresses": 3, "GetForegroundWindow": 1, "GetFileAttributesW": 13, "GetSystemMetrics": 18, "NtCreateThreadEx": 1, "RegOpenKeyExW": 291, "NtDelayExecution": 573, "SetErrorMode": 2, "NtAllocateVirtualMemory": 94, "RegOpenKeyExA": 30, "GetCursorPos": 1, "NtResumeThread": 2, "setsockopt": 10, "CoCreateInstance": 15, "RegEnumKeyExW": 39, "CreateDirectoryW": 9, "FindResourceExW": 7, "NtCreateFile": 22, "GetSystemTimeAsFileTime": 58, "GlobalMemoryStatusEx": 1, "closesocket": 10, "RegEnumValueW": 8, "LdrGetDllHandle": 19, "NtCreateSection": 4, "InternetSetOptionA": 3, "SetWindowsHookExA": 2, "GetTimeZoneInformation": 2, "LoadResource": 28, "InternetOpenA": 1, "GetFileType": 3, "RegSetValueExW": 55, "NtClose": 142, "RegCreateKeyExW": 28, "LdrUnloadDll": 8, "NtOpenMutant": 1, "NtQueryKey": 8, "HttpOpenRequestA": 1, "GetSystemInfo": 5, "RegQueryValueExA": 93, "GetSystemWindowsDirectoryW": 1, "NtQueryValueKey": 5, "RegCreateKeyExA": 1, "NtOpenProcess": 9, "RegQueryValueExW": 310, "DrawTextExA": 144, "NtFreeVirtualMemory": 6, "SizeofResource": 22, "InternetConnectA": 1, "NtDeviceIoControlFile": 75, "NtMapViewOfSection": 9, "CreateThread": 4, "NtUnmapViewOfSection": 2, "RegQueryInfoKeyW": 4, "GetSystemDirectoryW": 2, "LoadStringW": 7, "NtCreateMutant": 3, "NtProtectVirtualMemory": 114, "GetAddrInfoW": 3, "CoInitializeEx": 16, "RegDeleteValueW": 13, "socket": 10, "SetUnhandledExceptionFilter": 2, "NtOpenKey": 18, "LdrGetProcedureAddress": 129, "LdrLoadDll": 44, "InternetCrackUrlA": 1, "FindResourceA": 27}, "name": "ad520eca-db13-11e6-92c2-80e65024849a.file", "class": "malware"}