{"apistats": {"GetSystemInfo": 46, "RtlAddVectoredContinueHandler": 1, "NtProtectVirtualMemory": 24, "LdrLoadDll": 74, "CertOpenStore": 11, "NtQueryKey": 73, "NtOpenKeyEx": 209, "NtOpenProcess": 3, "NtOpenFile": 2, "NtDelayExecution": 10, "CreateActCtxW": 2, "CertControlStore": 1, "GetSystemDirectoryW": 4, "NtEnumerateValueKey": 152, "NtReadFile": 8, "NtMapViewOfSection": 16, "LoadStringW": 169, "NtUnmapViewOfSection": 13, "NtResumeThread": 4, "CryptAcquireContextA": 2, "NtCreateSection": 13, "SHGetFolderPathW": 1, "NtCreateFile": 37, "GlobalMemoryStatus": 1, "RegOpenKeyExW": 48, "GetFileAttributesExW": 1, "NtDeviceIoControlFile": 35, "NtDuplicateObject": 3, "GetFileVersionInfoSizeW": 1, "GetSystemTimeAsFileTime": 13, "NtClose": 317, "SetErrorMode": 18, "LdrGetDllHandle": 148, "RegQueryValueExW": 40, "NtCreateKey": 1, "IsDebuggerPresent": 1, "SetFilePointer": 4, "NtQueryDirectoryFile": 2, "RegCloseKey": 30, "GetSystemMetrics": 18, "NtSetValueKey": 7, "CryptCreateHash": 2, "GetFileVersionInfoW": 1, "NtEnumerateKey": 105, "NtQuerySystemInformation": 1, "NtOpenKey": 57, "CoInitializeEx": 2, "CryptDecodeObjectEx": 12, "GetFileType": 9, "NtOpenMutant": 1, "NtOpenSection": 2, "NtQueryAttributesFile": 2, "WSAStartup": 3, "GetSystemWindowsDirectoryW": 5, "GetShortPathNameW": 1, "DeviceIoControl": 1, "GetFileInformationByHandle": 2, "CoUninitialize": 2, "RegEnumValueW": 3, "FindResourceExW": 1, "GetAdaptersAddresses": 8, "NtFreeVirtualMemory": 37, "RegOpenKeyExA": 1, "CreateThread": 4, "RegQueryInfoKeyW": 3, "RegEnumKeyExW": 14, "NtAllocateVirtualMemory": 96, "GetFileSize": 8, "NtOpenDirectoryObject": 1, "SetUnhandledExceptionFilter": 1, "GetBestInterfaceEx": 4, "LdrUnloadDll": 6, "NtQueryValueKey": 193, "LoadResource": 1, "FindFirstFileExW": 11, "LdrGetProcedureAddress": 441, "GetFileAttributesW": 13, "NtCreateMutant": 6, "NtCreateThreadEx": 1}, "class": "benign", "name": "AddInProcess32.exe"}