{"apistats": {"GetSystemInfo": 83, "NtProtectVirtualMemory": 44, "IsDebuggerPresent": 6, "GetComputerNameA": 1, "CryptExportKey": 48, "NtQueryKey": 56, "NtOpenKeyEx": 127, "CryptCreateHash": 93, "GlobalMemoryStatusEx": 2, "GetFileAttributesW": 145, "LdrLoadDll": 51, "GetSystemDirectoryW": 4, "GetNativeSystemInfo": 16, "NtEnumerateValueKey": 10, "NtReadFile": 37, "NtMapViewOfSection": 28, "LoadStringW": 12, "CryptHashData": 93, "NtUnmapViewOfSection": 12, "NtResumeThread": 3, "NtCreateFile": 69, "GlobalMemoryStatus": 1, "GetFileAttributesExW": 67, "NtDuplicateObject": 4, "GetFileVersionInfoSizeW": 11, "GetSystemMetrics": 3, "NtClose": 168, "SetErrorMode": 64, "LdrGetDllHandle": 79, "CryptAcquireContextA": 45, "NtQueryDirectoryFile": 20, "CryptAcquireContextW": 2, "RtlAddVectoredExceptionHandler": 1, "GetSystemTimeAsFileTime": 4, "NtOpenProcess": 4, "GetFileVersionInfoW": 11, "GetComputerNameW": 1, "CoInitializeSecurity": 1, "NtEnumerateKey": 59, "NtQuerySystemInformation": 3, "NtOpenKey": 51, "CoInitializeEx": 2, "GetFileType": 6, "SetFilePointerEx": 34, "NtCreateSection": 18, "GetSystemWindowsDirectoryW": 2, "GetShortPathNameW": 1, "GetFileInformationByHandle": 11, "FindResourceExW": 2, "UuidCreate": 3, "NtFreeVirtualMemory": 653, "NtCreateThreadEx": 1, "CreateThread": 3, "NtAllocateVirtualMemory": 1517, "GetFileSize": 3, "NtOpenDirectoryObject": 1, "SetUnhandledExceptionFilter": 1, "LdrUnloadDll": 3, "NtQueryValueKey": 99, "LoadResource": 2, "FindFirstFileExW": 38, "NtTerminateProcess": 1, "LdrGetProcedureAddress": 325, "NtQueryAttributesFile": 3, "NtCreateMutant": 5}, "class": "benign", "name": "AudioBasics-WPF.exe"}