{"apistats": {"GetSystemInfo": 52, "IsDebuggerPresent": 2, "NtQueryDirectoryFile": 9, "NtProtectVirtualMemory": 68, "LdrLoadDll": 25, "RtlAddVectoredExceptionHandler": 1, "CryptExportKey": 6, "GetSystemTimeAsFileTime": 15, "NtOpenProcess": 4, "GetFileVersionInfoW": 3, "NtClose": 67, "NtQueryKey": 7, "NtOpenKeyEx": 8, "CryptCreateHash": 6, "NtOpenFile": 15, "GlobalMemoryStatusEx": 2, "NtQuerySystemInformation": 3, "NtOpenKey": 7, "CoInitializeEx": 2, "GetFileAttributesW": 9, "GetSystemDirectoryW": 3, "LdrUnloadDll": 4, "NtCreateSection": 8, "GetSystemWindowsDirectoryW": 1, "GetShortPathNameW": 1, "NtReadFile": 10, "CryptAcquireContextW": 1, "GetFileInformationByHandle": 4, "RegEnumValueW": 5, "CryptHashData": 6, "NtUnmapViewOfSection": 5, "NtResumeThread": 3, "RegEnumKeyExW": 58, "NtCreateFile": 19, "NtFreeVirtualMemory": 108, "NtCreateThreadEx": 1, "RegQueryValueExW": 32, "CreateThread": 2, "RegQueryInfoKeyW": 2, "NtAllocateVirtualMemory": 402, "GetFileSize": 2, "NtMapViewOfSection": 11, "NtOpenDirectoryObject": 1, "NtCreateMutant": 5, "NtDuplicateObject": 4, "GetFileVersionInfoSizeW": 4, "RegOpenKeyExW": 38, "SetUnhandledExceptionFilter": 1, "SetErrorMode": 16, "LdrGetDllHandle": 32, "NtQueryValueKey": 11, "LdrGetProcedureAddress": 160, "GetFileAttributesExW": 12}, "class": "benign", "name": "AutoWorkplace.exe"}