{"class": "malware", "apistats": {"RemoveDirectoryW": 1, "GetSystemWindowsDirectoryW": 1, "Process32NextW": 168, "GetNativeSystemInfo": 1, "NtMapViewOfSection": 3, "CreateDirectoryW": 1, "GlobalMemoryStatusEx": 1, "CreateToolhelp32Snapshot": 10, "NtCreateFile": 36, "RegCloseKey": 11, "NtOpenProcess": 9, "NtClose": 66, "RegQueryValueExW": 2, "SearchPathW": 1, "LoadResource": 1, "NtWriteFile": 1, "NtOpenFile": 1, "FindResourceExA": 1, "Process32FirstW": 10, "FindResourceExW": 1, "SHGetFolderPathW": 32, "NtQueryValueKey": 7, "RegOpenKeyExA": 9, "LdrUnloadDll": 1, "LookupPrivilegeValueW": 3, "GetFileSize": 2, "NtTerminateProcess": 3, "RegOpenKeyExW": 4, "CopyFileA": 1, "NtReadFile": 2, "GetTempPathW": 1, "RegQueryValueExA": 7, "LdrGetDllHandle": 501, "NtAllocateVirtualMemory": 22, "NtQuerySystemInformation": 1, "GetSystemInfo": 2, "SizeofResource": 1, "NtQueryInformationFile": 1, "GetSystemTimeAsFileTime": 2, "NtResumeThread": 1, "NtCreateMutant": 1, "LdrLoadDll": 20, "GetFileAttributesW": 6, "FindResourceA": 1, "NtOpenKey": 6, "LdrGetProcedureAddress": 229, "NtDuplicateObject": 2, "NtCreateThreadEx": 1, "RegCreateKeyExA": 1, "FindFirstFileExW": 1, "NtFreeVirtualMemory": 33, "SetErrorMode": 1, "NtProtectVirtualMemory": 21, "NtCreateSection": 3, "GetVolumePathNamesForVolumeNameW": 373, "NtUnmapViewOfSection": 30, "NtDeviceIoControlFile": 1, "NtOpenDirectoryObject": 1, "RegSetValueExA": 1, "GetSystemDirectoryW": 1, "WriteProcessMemory": 8}, "name": "b01ae063-bbf1-11e6-9414-80e65024849a.file"}