{"class": "malware", "name": "b1827af3-bbf1-11e6-8155-80e65024849a.file", "apistats": {"GetNativeSystemInfo": 1, "FindResourceExW": 2, "NtOpenKey": 27, "GetTempPathW": 1, "GetFileAttributesW": 23, "OleInitialize": 1, "NtProtectVirtualMemory": 1, "NtAllocateVirtualMemory": 31, "GetFileSize": 2, "LoadResource": 2, "CreateActCtxW": 1, "GetFileInformationByHandleEx": 12, "GlobalMemoryStatusEx": 1, "NtQueryDirectoryFile": 7, "NtMapViewOfSection": 5, "NtCreateSection": 3, "LdrUnloadDll": 1, "SetFilePointer": 8, "GetSystemInfo": 1, "LdrGetDllHandle": 11, "RegOpenKeyExW": 456, "GetFileSizeEx": 12, "CreateDirectoryW": 13, "RegCloseKey": 318, "SetFileTime": 4, "NtDuplicateObject": 3, "GetSystemTimeAsFileTime": 38, "RegOpenKeyExA": 5, "NtUnmapViewOfSection": 1, "NtReadFile": 117, "NtOpenFile": 2, "NtWriteFile": 17, "RegQueryValueExW": 2197, "GetVolumeNameForVolumeMountPointW": 3, "NtOpenSection": 5, "SetErrorMode": 1, "GetSystemDirectoryW": 2, "DeleteFileW": 2, "GetVolumePathNamesForVolumeNameW": 6, "LdrLoadDll": 18, "NtCreateFile": 31, "FindFirstFileExW": 1, "LdrGetProcedureAddress": 49, "NtQuerySystemInformation": 1, "RegQueryValueExA": 1, "RegEnumKeyW": 109, "LoadStringW": 1, "NtOpenProcess": 14, "NtQueryValueKey": 9, "CoUninitialize": 15, "NtClose": 93, "CoCreateInstance": 2, "NtCreateMutant": 2, "GetSystemWindowsDirectoryW": 7, "CoInitializeEx": 15}}