{"apistats": {"GetUserNameExW": 2, "NtOpenSection": 5, "CoUninitialize": 14, "GetForegroundWindow": 2, "GetBestInterfaceEx": 6, "NtDuplicateObject": 5, "WSAStartup": 15, "GetFileAttributesExW": 4, "GetUserNameExA": 2, "GetAdaptersAddresses": 3, "RegCloseKey": 230, "GetFileAttributesW": 23, "setsockopt": 10, "GetSystemMetrics": 42, "RegEnumKeyExA": 13, "NtCreateThreadEx": 1, "InternetCloseHandle": 1, "RegOpenKeyExW": 320, "NtDelayExecution": 14, "SetErrorMode": 6, "NtAllocateVirtualMemory": 202, "GetFileInformationByHandle": 3, "RegOpenKeyExA": 34, "DeleteFileW": 1, "GetNativeSystemInfo": 4, "GetCursorPos": 1, "NtResumeThread": 3, "SHGetFolderPathW": 2, "CoCreateInstance": 18, "RegEnumKeyExW": 40, "CryptAcquireContextW": 1, "CreateDirectoryW": 9, "FindResourceExW": 11, "NtCreateFile": 182, "GetSystemTimeAsFileTime": 63, "GlobalMemoryStatusEx": 1, "FindFirstFileExW": 44, "closesocket": 10, "RegEnumValueW": 10, "NtCreateSection": 6, "InternetSetOptionA": 6, "GetTimeZoneInformation": 2, "SetWindowsHookExA": 2, "LoadResource": 33, "InternetOpenA": 2, "FindResourceA": 38, "SetWindowsHookExW": 1, "GetFileType": 3, "NtQueryInformationFile": 38, "NtOpenKey": 26, "NtClose": 289, "RegCreateKeyExW": 29, "LdrUnloadDll": 28, "NtOpenMutant": 1, "NtQueryKey": 8, "HttpOpenRequestA": 1, "GetSystemInfo": 17, "RegQueryValueExA": 129, "FindWindowW": 1, "OpenServiceW": 1, "GetSystemWindowsDirectoryW": 3, "NtQueryValueKey": 7, "RegCreateKeyExA": 1, "NtOpenProcess": 10, "RegQueryValueExW": 332, "DrawTextExA": 11, "NtFreeVirtualMemory": 61, "NtMapViewOfSection": 15, "SizeofResource": 17, "CreateActCtxW": 2, "UnhookWindowsHookEx": 1, "GetFileSizeEx": 2, "InternetConnectA": 1, "NtDeviceIoControlFile": 75, "NtReadFile": 3, "NtWriteFile": 1, "LdrGetDllHandle": 44, "GetKeyState": 6, "NtOpenFile": 39, "CreateThread": 7, "NtUnmapViewOfSection": 5, "RegQueryInfoKeyW": 4, "GetSystemDirectoryW": 3, "timeGetTime": 1, "NtQueryDirectoryFile": 2, "SetUnhandledExceptionFilter": 2, "GetSystemDirectoryA": 17, "NtCreateMutant": 6, "NtProtectVirtualMemory": 114, "GetAddrInfoW": 3, "CoInitializeEx": 18, "RegDeleteValueW": 13, "GetTempPathW": 1, "socket": 10, "RegSetValueExW": 55, "LoadStringW": 7, "OpenSCManagerW": 1, "LdrGetProcedureAddress": 350, "NtOpenThread": 2, "GetDiskFreeSpaceExW": 2, "LdrLoadDll": 93, "InternetCrackUrlA": 1, "UuidCreate": 1}, "name": "b241edf8-3f1b-11e7-96f4-80e65024849a.file", "class": "malware"}