{"name": "b299f8ae-ca1a-11e6-9cb1-80e65024849a.file", "apistats": {"NtWriteFile": 153, "GetSystemMetrics": 127, "SetErrorMode": 9, "CreateThread": 1, "NtOpenFile": 14, "GetSystemDirectoryW": 2, "NtQueryKey": 4, "GetForegroundWindow": 10, "GetSystemInfo": 4, "LoadResource": 2, "GetFileSize": 9, "NtOpenProcess": 64, "GetNativeSystemInfo": 1, "CoInitializeEx": 46, "GetTempPathW": 1, "NtCreateMutant": 2, "GetCursorPos": 2, "NtQueryDirectoryFile": 21, "NtDuplicateObject": 29, "SHGetFolderPathW": 4, "CoCreateInstance": 7, "NtQuerySystemInformation": 1, "GetVolumePathNameW": 1, "LdrLoadDll": 28, "NtMapViewOfSection": 58, "GetComputerNameW": 4, "NtCreateFile": 70, "GetFileAttributesW": 35, "NtUnmapViewOfSection": 54, "FindFirstFileExW": 1, "RegOpenKeyExW": 618, "GetFileAttributesExW": 3, "DeviceIoControl": 4, "NetShareEnum": 1, "NtProtectVirtualMemory": 1, "SetFilePointer": 238, "GetSystemTimeAsFileTime": 62, "EnumWindows": 2, "NtOpenKeyEx": 380, "UuidCreate": 1, "GetFileInformationByHandle": 4, "OleInitialize": 1, "NtClose": 289, "GetVolumeNameForVolumeMountPointW": 3, "NtQueryValueKey": 9, "RegQueryValueExA": 2, "GlobalMemoryStatusEx": 1, "NtOpenKey": 62, "NtQueryInformationFile": 8, "NtAllocateVirtualMemory": 33, "CreateDirectoryW": 21, "LdrGetDllHandle": 9, "GetVolumePathNamesForVolumeNameW": 6, "SendNotifyMessageW": 8, "FindResourceExW": 2, "CreateActCtxW": 1, "NtDelayExecution": 4, "RegCreateKeyExA": 5, "DeleteFileW": 2, "GetFileSizeEx": 17, "LoadStringW": 2, "NtReadFile": 437, "RegOpenKeyExA": 6, "RegCloseKey": 480, "LdrGetProcedureAddress": 71, "NtCreateSection": 24, "LdrUnloadDll": 1, "RegEnumKeyW": 121, "SetFileTime": 2, "GetFileInformationByHandleEx": 13, "RegSetValueExA": 5, "NtOpenSection": 5, "GetSystemWindowsDirectoryW": 8, "CoUninitialize": 45, "CoGetClassObject": 6, "GetKeyState": 60, "RegQueryValueExW": 2271}, "class": "malware"}