{"apistats": {"NtCreateFile": 3, "NtDeviceIoControlFile": 30, "CoInitializeEx": 9, "NtDelayExecution": 17, "NtClose": 70, "NtReadFile": 4, "closesocket": 5, "GetFileAttributesW": 3, "LoadStringW": 43, "InternetCrackUrlW": 1, "socket": 5, "FindResourceW": 1, "LdrLoadDll": 17, "FindFirstFileExW": 17, "NtAllocateVirtualMemory": 15, "GetSystemWindowsDirectoryW": 1, "LdrUnloadDll": 2, "NtUnmapViewOfSection": 2, "WSAStartup": 6, "GetAddrInfoW": 1, "GetAdaptersAddresses": 1, "NtProtectVirtualMemory": 36, "NtMapViewOfSection": 4, "RegCloseKey": 44, "CoUninitialize": 4, "GetFileSize": 1, "GetSystemDirectoryW": 1, "RegSetValueExW": 15, "DrawTextExW": 31, "RegQueryValueExW": 44, "SetErrorMode": 5, "SetFilePointer": 5, "RegEnumKeyExW": 23, "NtCreateSection": 1, "CoCreateInstance": 5, "RegDeleteValueW": 3, "NtCreateMutant": 1, "LdrGetProcedureAddress": 94, "NtOpenKey": 11, "NtOpenSection": 3, "FindResourceExW": 14, "NtQueryValueKey": 3, "CreateThread": 2, "HttpOpenRequestW": 1, "GetBestInterfaceEx": 2, "NtOpenMutant": 1, "SizeofResource": 1, "RegOpenKeyExW": 69, "GetNativeSystemInfo": 1, "GetSystemInfo": 1, "NtQueryKey": 4, "GetSystemMetrics": 150, "InternetConnectW": 1, "DeleteUrlCacheEntryW": 2, "RegCreateKeyExW": 8, "GetSystemTimeAsFileTime": 4, "GetTempPathW": 1, "LoadResource": 13, "LdrGetDllHandle": 6, "UuidCreate": 1, "InternetOpenW": 2, "setsockopt": 5, "NtDuplicateObject": 3}, "class": "malware", "name": "b337b52b-b60f-11e6-b8f7-80e65024849a.file"}