{"class": "malware", "name": "b37b887a-c4f3-11e6-955d-80e65024849a.file", "apistats": {"GetNativeSystemInfo": 1, "FindResourceExW": 2, "NtOpenKey": 27, "GetTempPathW": 1, "NtDuplicateObject": 3, "NtProtectVirtualMemory": 1, "NtAllocateVirtualMemory": 21, "GetFileSize": 1, "LoadResource": 2, "CreateActCtxW": 1, "GetFileInformationByHandleEx": 12, "NtQueryAttributesFile": 1, "GlobalMemoryStatusEx": 1, "NtQueryDirectoryFile": 7, "NtMapViewOfSection": 6, "NtCreateSection": 4, "LdrUnloadDll": 1, "SetFilePointer": 11, "OleInitialize": 1, "LdrGetDllHandle": 22, "RegOpenKeyExW": 456, "GetFileSizeEx": 12, "CreateDirectoryW": 13, "RegCloseKey": 318, "SetFileTime": 8, "LdrGetProcedureAddress": 66, "GetSystemTimeAsFileTime": 38, "RegOpenKeyExA": 5, "NtUnmapViewOfSection": 1, "NtReadFile": 207, "NtOpenFile": 2, "NtWriteFile": 59, "RegQueryValueExW": 2196, "GetVolumeNameForVolumeMountPointW": 3, "NtOpenSection": 5, "NtFreeVirtualMemory": 1, "NtClose": 102, "SetErrorMode": 1, "GetSystemDirectoryW": 13, "DeleteFileW": 2, "GetVolumePathNamesForVolumeNameW": 6, "LdrLoadDll": 28, "NtCreateFile": 40, "FindFirstFileExW": 1, "NtQuerySystemInformation": 1, "RegQueryValueExA": 1, "RegEnumKeyW": 109, "LoadStringW": 1, "NtOpenProcess": 14, "NtQueryValueKey": 9, "CoUninitialize": 15, "GetFileAttributesW": 35, "CoCreateInstance": 2, "NtCreateMutant": 2, "GetSystemWindowsDirectoryW": 7, "CoInitializeEx": 15}}