{"apistats": {"CreateToolhelp32Snapshot": 2, "NtOpenSection": 5, "CoUninitialize": 15, "RegCloseKey": 342, "NtDuplicateObject": 3, "NtSetInformationFile": 7, "ioctlsocket": 4, "WSAStartup": 1, "NtTerminateProcess": 3, "SetFileTime": 4, "FindResourceExW": 2, "GetForegroundWindow": 2, "GetFileAttributesW": 31, "select": 69, "CryptCreateHash": 1, "GetVolumePathNamesForVolumeNameW": 6, "NtCreateThreadEx": 1, "GetFileSize": 15, "RegOpenKeyExW": 456, "NtDelayExecution": 64, "SetErrorMode": 1, "NtAllocateVirtualMemory": 46, "RegOpenKeyExA": 5, "DeleteFileW": 2, "listen": 2, "GetComputerNameW": 1, "RtlRemoveVectoredExceptionHandler": 1, "NtResumeThread": 2, "CryptAcquireContextA": 1, "SHGetFolderPathW": 3, "CoCreateInstance": 2, "CryptAcquireContextW": 1, "CreateDirectoryW": 13, "GetTempPathW": 1, "NtCreateFile": 54, "GetSystemTimeAsFileTime": 39, "Thread32Next": 866, "GlobalMemoryStatusEx": 1, "Thread32First": 2, "FindFirstFileExW": 1, "closesocket": 1, "NtGetContextThread": 1, "GetFileInformationByHandleEx": 12, "NtCreateSection": 4, "GetTimeZoneInformation": 2, "RegSetValueExW": 3, "LoadResource": 2, "FindWindowExW": 1, "GetFileType": 2, "SetFileAttributesW": 2, "OleInitialize": 1, "NtQueryInformationFile": 2, "CreateProcessInternalW": 1, "NtQueryValueKey": 10, "RegCreateKeyExW": 3, "GetNativeSystemInfo": 1, "GetShortPathNameW": 4, "NtSetContextThread": 1, "GetSystemInfo": 2, "RegQueryValueExA": 1, "accept": 1, "GetSystemWindowsDirectoryW": 7, "NtClose": 161, "getsockname": 2, "NtOpenProcess": 14, "CryptHashData": 1, "RegQueryValueExW": 2196, "NtMapViewOfSection": 6, "Process32NextW": 64, "Module32FirstW": 2, "RtlAddVectoredExceptionHandler": 1, "CreateActCtxW": 1, "GetFileSizeEx": 12, "RegEnumKeyW": 109, "NtReadFile": 212, "NtWriteFile": 55, "LdrGetDllHandle": 31, "Process32FirstW": 2, "LdrUnloadDll": 4, "NtQuerySystemInformation": 1, "connect": 2, "NtOpenFile": 2, "CreateThread": 1, "GetSystemDirectoryW": 13, "SetFilePointer": 7, "NtUnmapViewOfSection": 8, "NtQueryDirectoryFile": 7, "Module32NextW": 60, "LoadStringW": 1, "NtFreeVirtualMemory": 58, "GetVolumeNameForVolumeMountPointW": 3, "NtQueryAttributesFile": 1, "CryptDecrypt": 1, "NtCreateMutant": 2, "NtProtectVirtualMemory": 1, "CoInitializeEx": 15, "GlobalMemoryStatus": 2, "socket": 4, "SetUnhandledExceptionFilter": 1, "bind": 2, "NtOpenKey": 28, "LdrGetProcedureAddress": 88, "SHGetSpecialFolderLocation": 1, "LdrLoadDll": 60, "RtlDecompressBuffer": 1}, "name": "b40bd81c-ca8e-11e6-b11a-80e65024849a.file", "class": "malware"}