{"class": "malware", "apistats": {"DrawTextExW": 929, "CreateActCtxW": 2, "NtCreateFile": 277, "GetFileVersionInfoSizeW": 2, "GetForegroundWindow": 1, "NtOpenFile": 114, "FindResourceExW": 238, "GetFileSizeEx": 2, "LdrUnloadDll": 14, "GetTempPathW": 2, "FindFirstFileExW": 131, "NtAllocateVirtualMemory": 70, "GetCursorPos": 36, "GetSystemDirectoryA": 1, "GetFileInformationByHandleEx": 2, "GetSystemTimeAsFileTime": 10, "GetVolumeNameForVolumeMountPointW": 3, "FindResourceW": 27, "GetFileType": 1, "FindWindowW": 1, "LoadStringA": 183, "GetVolumePathNamesForVolumeNameW": 6, "CreateToolhelp32Snapshot": 2, "NtQueryAttributesFile": 30, "CoInitializeEx": 67, "NtSetInformationFile": 68, "DrawTextExA": 165, "NtWriteFile": 78, "NtMapViewOfSection": 51, "CreateDirectoryW": 28, "RegEnumKeyExA": 4, "SearchPathW": 26, "LoadResource": 276, "__exception__": 17, "GlobalMemoryStatus": 1, "Process32FirstW": 2, "LoadStringW": 6, "SHGetFolderPathW": 14, "NtOpenSection": 7, "GetFileVersionInfoW": 2, "RegEnumValueA": 10, "SizeofResource": 46, "NtQueryInformationFile": 71, "NtResumeThread": 4, "GetUserNameExW": 1, "GetFileAttributesW": 399, "FindResourceA": 63, "DeviceIoControl": 67, "NtCreateSection": 47, "GetSystemDirectoryW": 3, "CreateThread": 13, "GetSystemWindowsDirectoryW": 7, "SetFilePointerEx": 2, "SHGetSpecialFolderLocation": 61, "OleInitialize": 3, "NtOpenProcess": 14, "NtOpenKey": 37, "NtQueryDirectoryFile": 242, "CreateProcessInternalW": 1, "NtOpenMutant": 1, "FindResourceExA": 1, "RegEnumKeyW": 59, "RegOpenKeyExA": 397, "GetFileSize": 2, "CoUninitialize": 66, "GetFileAttributesExW": 197, "NtSetValueKey": 1, "LdrGetProcedureAddress": 526, "GetUserNameW": 1, "GetKeyState": 2, "SetFileTime": 60, "RegOpenKeyExW": 431, "NtFreeVirtualMemory": 59, "RegCloseKey": 271, "RegSetValueExA": 1, "RegEnumKeyExW": 21, "Process32NextW": 66, "GetNativeSystemInfo": 4, "GlobalMemoryStatusEx": 1, "NtDuplicateObject": 3, "NtClose": 695, "RegQueryValueExW": 687, "SetFilePointer": 233, "GetShortPathNameW": 2, "ShellExecuteExW": 2, "NtQueryValueKey": 19, "SetFileAttributesW": 128, "CoCreateInstance": 6, "CopyFileA": 2, "NtReadFile": 3634, "RegQueryValueExA": 16, "LdrGetDllHandle": 235, "NtQuerySystemInformation": 1, "GetSystemInfo": 6, "SetErrorMode": 172, "NtCreateMutant": 3, "DeleteFileW": 2, "RegCreateKeyExA": 6, "GetSystemMetrics": 9001, "NtUnmapViewOfSection": 47, "SetUnhandledExceptionFilter": 1, "LdrLoadDll": 44}, "name": "b43ac03d-b60f-11e6-80ef-80e65024849a.file"}