{"apistats": {"NtDeviceIoControlFile": 6, "CoInitializeEx": 5, "FindFirstFileExW": 10, "NtClose": 18, "NtReadFile": 2, "GetFileAttributesW": 2, "CreateThread": 1, "RegQueryInfoKeyA": 164, "NtFreeVirtualMemory": 4, "FindResourceW": 2, "NtProtectVirtualMemory": 39, "GetSystemWindowsDirectoryW": 1, "CreateProcessInternalW": 1, "RegEnumKeyExA": 168, "RegCloseKey": 2, "CoUninitialize": 3, "GetFileSize": 1, "NtTerminateProcess": 3, "RegQueryValueExW": 14, "NtQueryAttributesFile": 1, "OpenServiceW": 5, "CoCreateInstance": 4, "LookupAccountSidW": 12, "LdrGetProcedureAddress": 6, "NtOpenKey": 4, "SetUnhandledExceptionFilter": 1, "FindResourceExW": 18, "LoadStringW": 54, "SizeofResource": 1, "RegOpenKeyExW": 3, "WriteConsoleW": 2, "RegEnumValueW": 21, "GetComputerNameA": 1, "LdrGetDllHandle": 4, "NtSetValueKey": 55, "NtDuplicateObject": 3, "GetUserNameA": 1, "NtDelayExecution": 1, "NtOpenFile": 1, "GetSystemMetrics": 180, "NtQueryValueKey": 4, "GetFileVersionInfoW": 1, "__exception__": 33, "NtOpenThread": 1, "LdrLoadDll": 1, "NtCreateSection": 1, "CryptAcquireContextW": 1, "CreateActCtxW": 6, "WriteConsoleA": 2, "WSAStartup": 4, "CoInitializeSecurity": 1, "GetAdaptersAddresses": 2, "NtMapViewOfSection": 1, "GetSystemDirectoryW": 1, "GetFileVersionInfoSizeW": 1, "LdrUnloadDll": 1, "NtCreateThreadEx": 1, "NtUnmapViewOfSection": 32, "NtResumeThread": 1, "NtCreateFile": 1, "SetFilePointer": 1, "RegEnumKeyExW": 4, "NtAllocateVirtualMemory": 3, "RegOpenKeyExA": 342, "SHGetFolderPathW": 5, "SetErrorMode": 3, "NtCreateMutant": 1, "GetFileType": 2, "RegQueryValueExA": 169, "GetFileInformationByHandle": 1, "GetNativeSystemInfo": 1, "GetSystemInfo": 2, "OpenSCManagerW": 5, "GetCursorPos": 1, "NtOpenSection": 1, "RegCreateKeyExW": 3, "GetSystemTimeAsFileTime": 2, "RegQueryInfoKeyW": 7, "LoadResource": 15, "UuidCreate": 1, "IsDebuggerPresent": 1}, "class": "malware", "name": "b461418a-9018-11e7-9e9c-80e65024849a.file"}