{"class": "malware", "apistats": {"NtQueryKey": 8, "GetSystemWindowsDirectoryW": 3, "GetBestInterfaceEx": 8, "NtOpenThread": 2, "CreateActCtxW": 2, "NtCreateFile": 182, "NtOpenProcess": 9, "GetDiskFreeSpaceExW": 2, "NtOpenKey": 26, "NtQueryDirectoryFile": 2, "GetForegroundWindow": 2, "NtOpenMutant": 1, "NtWriteFile": 1, "NtOpenFile": 39, "FindResourceExW": 11, "UnhookWindowsHookEx": 1, "RegOpenKeyExA": 34, "LdrUnloadDll": 28, "RegCreateKeyExW": 29, "CoUninitialize": 14, "GetFileAttributesExW": 4, "OpenSCManagerW": 1, "CryptAcquireContextW": 1, "closesocket": 10, "GetTempPathW": 1, "FindFirstFileExW": 44, "InternetOpenA": 2, "NtAllocateVirtualMemory": 184, "GetCursorPos": 1, "GetSystemDirectoryA": 17, "SetWindowsHookExA": 2, "GetSystemTimeAsFileTime": 63, "OpenServiceW": 1, "HttpOpenRequestA": 1, "GetAddrInfoW": 3, "RegOpenKeyExW": 320, "NtCreateThreadEx": 1, "GetFileType": 3, "RegQueryInfoKeyW": 4, "DrawTextExA": 10, "NtFreeVirtualMemory": 57, "RegCloseKey": 230, "NtProtectVirtualMemory": 112, "UuidCreate": 1, "RegSetValueExW": 55, "RegDeleteValueW": 13, "NtDeviceIoControlFile": 78, "CoInitializeEx": 18, "RegEnumKeyExW": 40, "RegEnumValueW": 10, "LdrGetProcedureAddress": 350, "GetNativeSystemInfo": 4, "NtMapViewOfSection": 15, "CreateDirectoryW": 9, "GlobalMemoryStatusEx": 1, "WSAStartup": 15, "NtDuplicateObject": 5, "InternetCloseHandle": 1, "NtClose": 291, "RegEnumKeyExA": 13, "GetAdaptersAddresses": 3, "timeGetTime": 1, "socket": 10, "InternetCrackUrlA": 1, "InternetSetOptionA": 6, "RegQueryValueExW": 332, "LoadStringW": 7, "SHGetFolderPathW": 2, "LoadResource": 33, "NtQueryValueKey": 7, "NtOpenSection": 5, "GetUserNameExA": 2, "GetTimeZoneInformation": 2, "CoCreateInstance": 18, "NtReadFile": 3, "RegQueryValueExA": 129, "GetFileSizeEx": 2, "LdrGetDllHandle": 44, "GetSystemInfo": 17, "NtDelayExecution": 11, "GetFileInformationByHandle": 3, "SizeofResource": 17, "NtQueryInformationFile": 38, "GetKeyState": 9, "NtResumeThread": 3, "NtCreateMutant": 6, "GetUserNameExW": 2, "LdrLoadDll": 93, "GetFileAttributesW": 23, "FindResourceA": 38, "DeleteFileW": 1, "RegCreateKeyExA": 1, "SetWindowsHookExW": 1, "InternetConnectA": 1, "GetSystemDirectoryW": 3, "GetSystemMetrics": 42, "SetErrorMode": 6, "NtCreateSection": 6, "NtUnmapViewOfSection": 5, "SetUnhandledExceptionFilter": 2, "setsockopt": 10, "CreateThread": 7}, "name": "b47f6b80-d71b-11e6-b232-80e65024849a.file"}