{"class": "malware", "apistats": {"GetSystemWindowsDirectoryW": 1, "FindFirstFileExW": 5, "Process32NextW": 31, "GetFileType": 6, "GetNativeSystemInfo": 2, "NtMapViewOfSection": 2, "NtOpenThread": 1, "CreateActCtxW": 4, "NtOpenKey": 4, "NtCreateFile": 75, "WSAStartup": 1, "NtClose": 8, "RegEnumKeyExA": 13, "RegQueryValueExW": 14, "NtQueryDirectoryFile": 6, "CreateProcessInternalW": 1, "NtOpenFile": 3, "Process32FirstW": 1, "SHGetFolderPathW": 76, "NtQueryValueKey": 3, "StartServiceA": 1, "OleInitialize": 1, "LookupPrivilegeValueW": 8, "OpenSCManagerW": 1, "RegOpenKeyExA": 349, "RegOpenKeyExW": 3, "NtReadFile": 2, "GetTempPathW": 1, "RegQueryValueExA": 39, "LdrGetDllHandle": 2, "NtAllocateVirtualMemory": 2, "NtOpenKeyEx": 2, "NtQueryInformationFile": 2, "GetSystemTimeAsFileTime": 2, "SetErrorMode": 1, "NtCreateMutant": 1, "LdrLoadDll": 13, "GetFileAttributesW": 2, "LdrGetProcedureAddress": 4, "RegCreateKeyExA": 1, "WriteConsoleW": 1, "GetUserNameA": 1, "NtFreeVirtualMemory": 2, "RegCloseKey": 2, "NtProtectVirtualMemory": 18, "UuidCreate": 1, "NtCreateSection": 2, "OpenServiceW": 2, "CreateToolhelp32Snapshot": 1, "NtQueryAttributesFile": 1, "SetUnhandledExceptionFilter": 1, "RegSetValueExA": 1}, "name": "b87cc6eb-d71b-11e6-a407-80e65024849a.file"}