{"apistats": {"GetSystemInfo": 61, "IsDebuggerPresent": 4, "NtQueryDirectoryFile": 14, "NtProtectVirtualMemory": 44, "LdrLoadDll": 33, "RegCloseKey": 25, "GetSystemTimeAsFileTime": 4, "GetFileVersionInfoW": 7, "NtClose": 86, "NtQueryKey": 6, "NtOpenKeyEx": 16, "NtOpenProcess": 4, "CoInitializeSecurity": 1, "GlobalMemoryStatusEx": 2, "GlobalMemoryStatus": 1, "NtQuerySystemInformation": 3, "NtOpenKey": 26, "CoInitializeEx": 2, "CreateActCtxW": 1, "NtQueryAttributesFile": 3, "GetFileType": 1, "GetSystemDirectoryW": 4, "SetFilePointerEx": 10, "LdrUnloadDll": 3, "GetComputerNameA": 1, "RtlAddVectoredExceptionHandler": 1, "GetSystemWindowsDirectoryW": 2, "GetShortPathNameW": 1, "GetNativeSystemInfo": 8, "NtReadFile": 15, "CryptAcquireContextW": 1, "GetFileInformationByHandle": 6, "RegEnumValueW": 3, "LoadStringW": 11, "NtUnmapViewOfSection": 7, "NtResumeThread": 3, "UuidCreate": 1, "NtCreateSection": 13, "NtCreateFile": 39, "NtFreeVirtualMemory": 181, "NtCreateThreadEx": 1, "RegQueryValueExW": 36, "CreateThread": 3, "RegQueryInfoKeyW": 2, "RegEnumKeyExW": 57, "NtAllocateVirtualMemory": 536, "GetFileSize": 2, "NtMapViewOfSection": 18, "NtOpenDirectoryObject": 1, "NtCreateMutant": 5, "NtDuplicateObject": 5, "GetFileVersionInfoSizeW": 7, "RegOpenKeyExW": 55, "SetUnhandledExceptionFilter": 1, "SetErrorMode": 30, "LdrGetDllHandle": 65, "NtQueryValueKey": 32, "FindFirstFileExW": 25, "NtTerminateProcess": 1, "LdrGetProcedureAddress": 236, "GetFileAttributesW": 73, "GetFileAttributesExW": 25, "GetComputerNameW": 1}, "class": "benign", "name": "BarEditors.exe"}