{"class": "malware", "name": "bb199d82-c907-11e6-a454-80e65024849a.file", "apistats": {"GetNativeSystemInfo": 2, "FindResourceExW": 11, "NtOpenKey": 37, "SetFileAttributesW": 1, "NtProtectVirtualMemory": 13, "GetForegroundWindow": 2, "NtAllocateVirtualMemory": 57, "GetUserNameA": 1, "CreateActCtxW": 2, "GetFileInformationByHandleEx": 12, "NtQueryDirectoryFile": 8, "DeleteFileW": 3, "DrawTextExW": 64, "OleInitialize": 2, "LdrGetDllHandle": 48, "RegOpenKeyExW": 494, "GetKeyState": 32, "LdrGetProcedureAddress": 137, "GetSystemTimeAsFileTime": 40, "DrawTextExA": 4, "NtOpenFile": 2, "NtWriteFile": 744, "GetVolumeNameForVolumeMountPointW": 3, "NtFreeVirtualMemory": 2, "NtOpenMutant": 1, "SetErrorMode": 1, "GetFileSizeEx": 12, "NtMapViewOfSection": 11, "GetVolumePathNamesForVolumeNameW": 6, "LdrLoadDll": 36, "NtCreateFile": 60, "FindFirstFileExW": 25, "FindWindowExA": 1, "RegQueryValueExA": 35, "Process32NextW": 95, "NtOpenProcess": 14, "__exception__": 2, "GetFileSize": 3, "CoUninitialize": 16, "GetFileAttributesW": 50, "NtCreateMutant": 2, "GetTempPathW": 1, "CoInitializeEx": 17, "RegEnumKeyExA": 35, "NtQueryValueKey": 13, "LoadResource": 13, "LoadStringW": 8, "GlobalMemoryStatusEx": 2, "NtCreateSection": 5, "LdrUnloadDll": 2, "SetFilePointer": 19, "NtDuplicateObject": 4, "CreateToolhelp32Snapshot": 3, "RegEnumKeyW": 109, "CreateDirectoryW": 12, "RegCloseKey": 381, "SetFileTime": 4, "SearchPathW": 2, "GetSystemMetrics": 308, "RegOpenKeyExA": 45, "NtUnmapViewOfSection": 7, "NtReadFile": 625, "NtCreateThreadEx": 1, "RegEnumKeyExW": 22, "FindResourceExA": 4, "RegQueryValueExW": 2221, "NtOpenSection": 9, "GetComputerNameA": 1, "GetSystemDirectoryW": 3, "CreateThread": 1, "NtResumeThread": 1, "NtQuerySystemInformation": 1, "NtClose": 158, "CoCreateInstance": 2, "GetSystemWindowsDirectoryW": 7, "Process32FirstW": 3}}