{"class": "malware", "name": "bb8cf514-5713-11e7-ace4-80e65024849a.file", "apistats": {"FindResourceExW": 14, "NtQueryInformationFile": 34, "GetTempPathW": 3, "SetUnhandledExceptionFilter": 1, "SetErrorMode": 2, "NtProtectVirtualMemory": 8, "CreateProcessInternalW": 1, "GetForegroundWindow": 2, "NtAllocateVirtualMemory": 76, "GetFileSize": 2, "LoadResource": 14, "FindResourceA": 4, "NtQueryAttributesFile": 2, "NtQueryValueKey": 1, "CopyFileA": 1, "FindFirstFileExW": 6, "NtCreateSection": 1, "DrawTextExW": 96, "NtSetInformationFile": 2, "LdrUnloadDll": 1, "SetFilePointer": 174, "GetSystemInfo": 1, "LdrGetDllHandle": 2, "RegOpenKeyExW": 24, "FindResourceExA": 1, "NtOpenKey": 6, "CreateDirectoryW": 3, "RegCloseKey": 12, "SetFileTime": 76, "SearchPathW": 3, "GetSystemMetrics": 2, "DrawTextExA": 1, "CoUninitialize": 1, "NtReadFile": 34, "RegEnumKeyExW": 21, "NtWriteFile": 2, "RegQueryValueExW": 5, "NtUnmapViewOfSection": 3, "GetSystemDirectoryA": 1, "NtOpenSection": 2, "NtFreeVirtualMemory": 35, "SetWindowsHookExA": 1, "NtOpenMutant": 2, "GetTimeZoneInformation": 2, "GetSystemDirectoryW": 1, "GetFileType": 3, "NtMapViewOfSection": 1, "LdrLoadDll": 14, "NtCreateFile": 4, "SizeofResource": 2, "LdrGetProcedureAddress": 390, "NtOpenFile": 33, "RegQueryValueExA": 1, "GetDiskFreeSpaceExW": 76, "LoadStringW": 7, "LoadStringA": 1, "IsDebuggerPresent": 1, "RegOpenKeyExA": 2, "NtClose": 45, "SetEndOfFile": 2, "GetSystemWindowsDirectoryW": 1, "CoInitializeEx": 1}}