{"apistats": {"CreateToolhelp32Snapshot": 4, "NtOpenSection": 5, "CoUninitialize": 1, "RegCloseKey": 2, "GetNativeSystemInfo": 1, "MoveFileWithProgressW": 1, "WSAStartup": 1, "NtTerminateProcess": 3, "RegEnumKeyW": 109, "GetFileAttributesW": 1, "CryptCreateHash": 1, "GetVolumePathNamesForVolumeNameW": 6, "GetSystemMetrics": 1, "GetFileSize": 1, "RegOpenKeyExW": 1, "NtDelayExecution": 13, "SetErrorMode": 2, "NtAllocateVirtualMemory": 29, "RegOpenKeyExA": 5, "DeleteFileW": 2, "GetComputerNameW": 2, "RtlRemoveVectoredExceptionHandler": 1, "RtlAddVectoredExceptionHandler": 1, "GetFileSizeEx": 12, "CoCreateInstance": 2, "CryptAcquireContextW": 1, "CreateDirectoryW": 13, "FindResourceExW": 2, "NtCreateFile": 8, "GetSystemTimeAsFileTime": 5, "GetComputerNameA": 1, "GlobalMemoryStatusEx": 1, "FindFirstFileExW": 4, "GetFileInformationByHandleEx": 12, "NtCreateSection": 1, "LoadResource": 2, "CoInitializeSecurity": 1, "NtQueryInformationFile": 3, "CreateProcessInternalW": 1, "NtQueryValueKey": 47, "RegCreateKeyExW": 1, "NtDuplicateObject": 1, "NtQueryKey": 100, "NtSetContextThread": 1, "GetSystemInfo": 3, "RegQueryValueExA": 1, "EnumWindows": 1, "LdrGetProcedureAddress": 33, "IsDebuggerPresent": 1, "GetSystemWindowsDirectoryW": 1, "NtClose": 123, "NtOpenProcess": 14, "CryptHashData": 1, "RegQueryValueExW": 1, "NtMapViewOfSection": 1, "Process32NextW": 130, "CryptAcquireContextA": 1, "CreateActCtxW": 1, "GetUserNameW": 1, "SetFileTime": 6, "NtDeviceIoControlFile": 1, "NtReadFile": 1, "NtWriteFile": 10, "LdrGetDllHandle": 12, "RtlDecompressBuffer": 1, "CoGetClassObject": 14, "LdrUnloadDll": 4, "NtQuerySystemInformation": 705, "NtEnumerateValueKey": 7, "OleInitialize": 1, "NtOpenFile": 1, "GetSystemDirectoryW": 4, "SetFilePointer": 9, "NtUnmapViewOfSection": 7, "NtQueryDirectoryFile": 7, "LoadStringW": 1, "NtFreeVirtualMemory": 6, "GetVolumeNameForVolumeMountPointW": 3, "CoCreateInstanceEx": 1, "CryptDecrypt": 1, "NtCreateMutant": 2, "NtProtectVirtualMemory": 28, "CoInitializeEx": 1, "RegDeleteValueW": 1, "NtGetContextThread": 1, "NtOpenKey": 43, "GetTempPathW": 1, "NtEnumerateKey": 2, "NtOpenDirectoryObject": 1, "NtOpenKeyEx": 88, "LdrLoadDll": 24, "UuidCreate": 13}, "name": "bbc9308c-bbf1-11e6-a3af-80e65024849a.file", "class": "malware"}