{"apistats": {"GetUserNameExW": 4, "NtOpenSection": 6, "CoUninitialize": 5, "GetForegroundWindow": 1, "GetBestInterfaceEx": 4, "NtDuplicateObject": 6, "WSAStartup": 8, "NtOpenMutant": 2, "GetUserNameExA": 2, "GetAdaptersAddresses": 1, "RegCloseKey": 250, "GetFileAttributesW": 2, "NtQueryAttributesFile": 7, "GetSystemMetrics": 85, "NtCreateThreadEx": 1, "GetFileSize": 1, "RegOpenKeyExW": 398, "NtDelayExecution": 1, "SetErrorMode": 4, "NtAllocateVirtualMemory": 56, "RegOpenKeyExA": 109, "GetCursorPos": 1, "NtResumeThread": 2, "setsockopt": 5, "CoCreateInstance": 8, "RegEnumKeyExW": 35, "GetTempPathW": 1, "NtCreateFile": 8, "GetSystemTimeAsFileTime": 20, "GlobalMemoryStatusEx": 4, "RegEnumKeyExA": 2, "closesocket": 7, "RegEnumValueW": 8, "NtCreateSection": 6, "InternetSetOptionA": 19, "GetTimeZoneInformation": 2, "SetWindowsHookExA": 3, "LoadResource": 24, "SetWindowsHookExW": 2, "RegEnumValueA": 138, "GetFileType": 6, "InternetOpenW": 1, "NtOpenKey": 30, "NtClose": 118, "RegCreateKeyExW": 14, "GetNativeSystemInfo": 1, "DeviceIoControl": 1, "InternetSetStatusCallback": 1, "NtQueryKey": 4, "DrawTextExW": 11, "GetSystemInfo": 3, "RegQueryValueExA": 166, "IsDebuggerPresent": 2, "GetSystemWindowsDirectoryW": 2, "NtQueryValueKey": 14, "RegCreateKeyExA": 1, "NtOpenProcess": 7, "RegQueryValueExW": 246, "HttpOpenRequestW": 1, "NtFreeVirtualMemory": 4, "NtMapViewOfSection": 10, "InternetConnectW": 1, "CreateActCtxW": 2, "InternetQueryOptionA": 1, "NtDeviceIoControlFile": 36, "NtReadFile": 42, "HttpSendRequestW": 1, "NtWriteFile": 18, "LdrGetDllHandle": 31, "CoGetClassObject": 1, "LdrUnloadDll": 7, "NtQuerySystemInformation": 1, "OleInitialize": 1, "NtOpenFile": 2, "LoadStringA": 49, "CreateThread": 2, "NtUnmapViewOfSection": 2, "RegQueryInfoKeyW": 4, "SetFilePointer": 28, "GetSystemDirectoryW": 1, "SetUnhandledExceptionFilter": 1, "GetSystemDirectoryA": 1, "NtCreateMutant": 2, "NtProtectVirtualMemory": 192, "GetAddrInfoW": 1, "CoInitializeEx": 8, "RegDeleteValueW": 7, "FindResourceA": 5, "FindResourceExW": 24, "socket": 7, "RegSetValueExW": 24, "LoadStringW": 7, "LdrGetProcedureAddress": 611, "LdrLoadDll": 69, "UuidCreate": 1}, "name": "bc1c3aab-99fa-11e6-bd99-80e65024849a.file", "class": "malware"}