{"class": "malware", "name": "be1b0891-3199-11e7-939d-80e65024849a.file", "apistats": {"FindResourceExW": 7, "NtOpenKey": 18, "GetSystemInfo": 5, "NtProtectVirtualMemory": 114, "GetAddrInfoW": 2, "GetForegroundWindow": 1, "NtDeviceIoControlFile": 47, "LdrGetDllHandle": 19, "InternetConnectA": 1, "GetBestInterfaceEx": 4, "RegSetValueExW": 41, "RegCreateKeyExA": 1, "socket": 6, "RegOpenKeyExW": 279, "SetUnhandledExceptionFilter": 2, "LdrGetProcedureAddress": 129, "GetSystemTimeAsFileTime": 54, "DrawTextExA": 32, "NtUnmapViewOfSection": 2, "NtFreeVirtualMemory": 5, "SetErrorMode": 2, "NtMapViewOfSection": 9, "NtDelayExecution": 125, "LdrLoadDll": 44, "NtCreateFile": 22, "GetUserNameExA": 2, "NtAllocateVirtualMemory": 82, "InternetSetOptionA": 3, "RegQueryValueExA": 93, "LoadStringW": 7, "NtOpenProcess": 9, "NtQueryKey": 6, "CoUninitialize": 8, "GetFileAttributesW": 13, "NtCreateMutant": 3, "RegCreateKeyExW": 21, "RegEnumValueW": 8, "closesocket": 6, "NtQueryValueKey": 5, "LoadResource": 25, "GetUserNameExW": 2, "FindResourceA": 24, "WSAStartup": 10, "setsockopt": 6, "NtCreateSection": 4, "LdrUnloadDll": 8, "NtOpenMutant": 1, "NtDuplicateObject": 4, "InternetCrackUrlA": 1, "HttpOpenRequestA": 1, "CreateDirectoryW": 9, "RegCloseKey": 190, "RegQueryValueExW": 286, "GetSystemMetrics": 18, "RegOpenKeyExA": 30, "CreateThread": 4, "NtCreateThreadEx": 1, "InternetOpenA": 1, "GetTimeZoneInformation": 2, "NtOpenSection": 3, "SetWindowsHookExA": 2, "GetSystemDirectoryW": 2, "GetFileType": 3, "GlobalMemoryStatusEx": 1, "SizeofResource": 19, "NtResumeThread": 2, "RegQueryInfoKeyW": 4, "GetCursorPos": 1, "RegDeleteValueW": 10, "GetAdaptersAddresses": 2, "NtClose": 113, "CoCreateInstance": 10, "GetSystemWindowsDirectoryW": 1, "CoInitializeEx": 12, "RegEnumKeyExW": 37}}