{"class": "malware", "name": "bea49157-a71b-11e6-b338-80e65024849a.file", "apistats": {"FindResourceW": 13, "FindResourceExW": 1, "NtOpenKey": 3, "GetFileAttributesW": 3, "OleInitialize": 1, "CreateThread": 3, "SizeofResource": 13, "NtAllocateVirtualMemory": 23, "NtFreeVirtualMemory": 2, "NtQueryValueKey": 2, "SetErrorMode": 2, "GetSystemDirectoryW": 1, "NtDelayExecution": 8, "WSAStartup": 1, "LoadResource": 13, "LdrGetProcedureAddress": 19, "SHGetFolderPathW": 1, "NtResumeThread": 1, "CoInitializeEx": 1, "GetSystemInfo": 3, "LdrGetDllHandle": 7, "GetSystemMetrics": 6, "RegOpenKeyExW": 2, "CreateDirectoryW": 3, "RegCloseKey": 1, "SetUnhandledExceptionFilter": 1, "NtClose": 5, "LdrLoadDll": 5, "GetSystemTimeAsFileTime": 1}}