{"class": "malware", "apistats": {"GetSystemWindowsDirectoryW": 1, "CreateToolhelp32Snapshot": 9, "NtCreateFile": 35, "NtOpenProcess": 8, "NtOpenKey": 6, "CopyFileExW": 1, "NtWriteFile": 1, "NtOpenFile": 1, "FindResourceExA": 1, "RegOpenKeyExA": 9, "LdrUnloadDll": 1, "GetFileSize": 2, "GetTempPathW": 1, "FindFirstFileExW": 1, "NtAllocateVirtualMemory": 26, "GetCursorPos": 32472, "GetSystemTimeAsFileTime": 2, "LdrLoadDll": 21, "NtCreateThreadEx": 1, "FindWindowW": 2, "NtFreeVirtualMemory": 33, "RegCloseKey": 11, "NtProtectVirtualMemory": 21, "NtDeviceIoControlFile": 1, "NtOpenDirectoryObject": 1, "IsDebuggerPresent": 1, "RegSetValueExA": 1, "FindWindowA": 1, "WriteProcessMemory": 7, "LdrGetProcedureAddress": 231, "Process32NextW": 156, "GetNativeSystemInfo": 1, "NtMapViewOfSection": 4, "CreateDirectoryW": 1, "GlobalMemoryStatusEx": 1, "NtDuplicateObject": 2, "NtClose": 66, "RegQueryValueExW": 2, "LoadResource": 1, "Process32FirstW": 9, "SHGetFolderPathW": 32, "NtQueryValueKey": 7, "LookupPrivilegeValueW": 3, "NtTerminateProcess": 3, "RegOpenKeyExW": 4, "NtReadFile": 2, "RegQueryValueExA": 7, "MoveFileWithProgressW": 10925, "LdrGetDllHandle": 6, "NtQuerySystemInformation": 1, "GetSystemInfo": 2, "SizeofResource": 1, "NtQueryInformationFile": 2, "NtResumeThread": 1, "NtCreateMutant": 1, "GetFileAttributesW": 6, "FindResourceA": 1, "DeleteFileW": 13508, "RegCreateKeyExA": 1, "GetSystemMetrics": 3, "SetErrorMode": 1, "NtCreateSection": 3, "NtUnmapViewOfSection": 30, "GetSystemDirectoryW": 1}, "name": "beb4dcd1-3d1b-11e7-ac5d-80e65024849a.file"}