{"apistats": {"LookupAccountSidW": 2, "LdrLoadDll": 7, "RegCloseKey": 5, "RegOpenKeyExW": 9, "GetComputerNameW": 1, "RegEnumValueW": 2, "FindResourceW": 1, "NtOpenKey": 3, "CoInitializeSecurity": 1, "CoInitializeEx": 2, "NtReadFile": 1, "NtClose": 30, "RegQueryInfoKeyW": 1, "GetComputerNameA": 1, "NtCreateSection": 1, "CoCreateInstance": 3, "RegQueryValueExW": 3, "NtMapViewOfSection": 1, "CoUninitialize": 2, "NtWriteFile": 1, "NtUnmapViewOfSection": 1, "LookupPrivilegeValueW": 4, "NtCreateFile": 2, "OutputDebugStringA": 1, "CreateThread": 1, "OpenServiceW": 1, "WriteConsoleA": 1, "NtAllocateVirtualMemory": 18, "RegCreateKeyExW": 1, "SizeofResource": 1, "NtDuplicateObject": 1, "OpenSCManagerW": 1, "GetSystemTimeAsFileTime": 1, "SetUnhandledExceptionFilter": 1, "LdrUnloadDll": 3, "LdrGetDllHandle": 3, "NtQueryValueKey": 3, "LoadResource": 1, "NtTerminateProcess": 3, "LdrGetProcedureAddress": 26, "NtSetInformationFile": 3}, "class": "benign", "name": "betest.exe"}