{"apistats": {"NtOpenSection": 6, "GetVolumePathNameW": 2, "GetForegroundWindow": 3, "GetFileVersionInfoSizeW": 1, "GetAdaptersAddresses": 1, "GetFileAttributesW": 8, "GetVolumePathNamesForVolumeNameW": 6, "RegOpenKeyExW": 558, "NtDelayExecution": 5, "SetErrorMode": 9, "GetFileInformationByHandle": 1, "RegOpenKeyExA": 3, "GetCursorPos": 6, "FindResourceExW": 221, "NtCreateFile": 30, "GetSystemTimeAsFileTime": 58, "GlobalMemoryStatusEx": 1, "CoInitializeEx": 33, "LoadResource": 223, "NtQueryInformationFile": 2, "RegCreateKeyExW": 8, "DeviceIoControl": 1, "NtQueryKey": 4, "RegQueryValueExA": 1, "EnumWindows": 15, "NtQueryValueKey": 747, "RegQueryValueExW": 2246, "CreateActCtxW": 1, "NtDeviceIoControlFile": 30, "NtReadFile": 15, "NtWriteFile": 1, "LdrGetDllHandle": 11, "NtQuerySystemInformation": 1, "NtSetValueKey": 108, "CreateThread": 4, "GetSystemDirectoryW": 2, "LoadStringW": 7, "GetVolumeNameForVolumeMountPointW": 3, "NtProtectVirtualMemory": 47, "SHGetFolderPathW": 2, "RegDeleteValueW": 3, "socket": 5, "RegSetValueExW": 15, "LdrGetProcedureAddress": 139, "GetDiskFreeSpaceExW": 1, "LdrLoadDll": 39, "UuidCreate": 2, "DeleteUrlCacheEntryW": 2, "CoUninitialize": 28, "RegCloseKey": 399, "LookupAccountSidW": 6, "GetBestInterfaceEx": 2, "LdrUnloadDll": 3, "NtCreateKey": 99, "WSAStartup": 6, "SendNotifyMessageW": 2, "GetSystemMetrics": 135, "GetFileSize": 1, "NtAllocateVirtualMemory": 27, "CreateDirectoryW": 1, "GetComputerNameW": 2, "GetFileSizeEx": 12, "CoCreateInstance": 8, "RegEnumKeyExW": 23, "FindFirstFileExW": 14, "closesocket": 5, "GetFileInformationByHandleEx": 12, "NtCreateSection": 7, "NtOpenMutant": 1, "InternetOpenW": 2, "NtDuplicateObject": 16, "DrawTextExW": 22, "GetSystemInfo": 4, "setsockopt": 5, "NetShareEnum": 1, "FindWindowW": 4, "GetSystemWindowsDirectoryW": 2, "NtClose": 941, "RegDeleteKeyW": 1, "NtOpenProcess": 40, "CryptHashData": 1, "HttpOpenRequestW": 1, "NtMapViewOfSection": 20, "InternetConnectW": 1, "RegEnumKeyW": 109, "NtFreeVirtualMemory": 2, "GetKeyState": 242, "NtOpenFile": 4, "SetFilePointer": 4, "NtUnmapViewOfSection": 14, "NtQueryDirectoryFile": 10, "NtCreateMutant": 1, "GetAddrInfoW": 1, "GetFileAttributesExW": 6, "GetTempPathW": 1, "SizeofResource": 5, "NtOpenKey": 774, "InternetCrackUrlW": 1, "FindResourceW": 19, "GetFileVersionInfoW": 1, "NtOpenKeyEx": 3492}, "name": "bf024f73-ca1a-11e6-aacb-80e65024849a.file", "class": "malware"}