{"class": "malware", "apistats": {"GetSystemWindowsDirectoryW": 1, "DrawTextExW": 1, "NtMapViewOfSection": 3, "CreateDirectoryW": 3, "NtOpenKey": 5, "NtCreateFile": 1, "WSAStartup": 1, "FindResourceW": 13, "NtClose": 26, "RegQueryValueExW": 5, "LoadResource": 17, "LdrUnloadDll": 1, "NtOpenMutant": 1, "LoadStringW": 7, "SHGetFolderPathW": 1, "NtQueryValueKey": 3, "RegOpenKeyExA": 2, "OleInitialize": 1, "NtOpenSection": 2, "RegCloseKey": 9, "RegOpenKeyExW": 21, "LdrGetProcedureAddress": 31, "LdrGetDllHandle": 8, "NtAllocateVirtualMemory": 22, "GetSystemInfo": 3, "NtDelayExecution": 15, "SizeofResource": 13, "GetSystemTimeAsFileTime": 1, "NtResumeThread": 1, "LdrLoadDll": 12, "GetFileAttributesW": 3, "FindResourceExW": 7, "GetSystemDirectoryW": 3, "GetSystemMetrics": 16, "NtFreeVirtualMemory": 2, "SetErrorMode": 2, "NtCreateSection": 1, "NtUnmapViewOfSection": 2, "SetUnhandledExceptionFilter": 1, "CoInitializeEx": 2, "RegEnumKeyExW": 21, "CreateThread": 4}, "name": "bf1b394f-c2b4-11e6-8aed-80e65024849a.file"}