{"apistats": {"GetNativeSystemInfo": 18, "NtOpenSection": 2, "CoUninitialize": 1, "RegCloseKey": 67, "NtDuplicateObject": 5, "MoveFileWithProgressW": 5, "WSAStartup": 3, "GetFileVersionInfoSizeW": 3, "GetForegroundWindow": 1, "GetFileAttributesW": 4, "CryptCreateHash": 1, "GetVolumePathNamesForVolumeNameW": 6, "GetSystemMetrics": 39, "NtCreateThreadEx": 1, "GetFileSize": 754, "RegOpenKeyExW": 108, "IWbemServices_ExecQuery": 2, "SetErrorMode": 2, "SearchPathW": 247, "NtAllocateVirtualMemory": 336, "RegOpenKeyExA": 8, "ShellExecuteExW": 1, "GetCursorPos": 1, "GetComputerNameW": 2, "NtResumeThread": 1, "SHGetFolderPathW": 3, "CoCreateInstance": 1, "RegEnumKeyExW": 21, "CryptAcquireContextW": 1, "CreateDirectoryW": 2, "FindResourceExW": 11, "CryptDecodeObjectEx": 4, "NtCreateFile": 761, "GetSystemTimeAsFileTime": 3, "DeleteFileW": 1, "GlobalMemoryStatusEx": 1, "RegEnumValueW": 248, "NtCreateSection": 510, "NtOpenMutant": 1, "LoadResource": 8, "CoInitializeSecurity": 2, "OutputDebugStringA": 18, "CoGetClassObject": 2, "NtQueryInformationFile": 754, "CreateProcessInternalW": 1, "NtClose": 1329, "RegCreateKeyExW": 9, "LdrUnloadDll": 12, "CopyFileW": 1, "DrawTextExW": 11, "GetSystemInfo": 3, "RegQueryValueExA": 11, "LdrGetProcedureAddress": 179, "GetSystemWindowsDirectoryW": 8, "NtQueryValueKey": 10, "CryptHashData": 1, "RegQueryValueExW": 66, "NtMapViewOfSection": 512, "SizeofResource": 2, "CreateActCtxW": 1, "NtDeviceIoControlFile": 10, "NtReadFile": 3, "NtWriteFile": 19, "LdrGetDllHandle": 26, "GetKeyState": 2, "NtQuerySystemInformation": 1, "NtEnumerateValueKey": 52, "NtOpenFile": 1, "CreateThread": 4, "GetSystemDirectoryW": 4, "SetFilePointer": 3, "NtUnmapViewOfSection": 511, "SetUnhandledExceptionFilter": 1, "NtFreeVirtualMemory": 13, "GetVolumeNameForVolumeMountPointW": 2, "CoCreateInstanceEx": 2, "RegQueryInfoKeyA": 2, "NtCreateMutant": 2, "CoInitializeEx": 2, "GetTempPathW": 1, "RegSetValueExW": 2, "NtOpenKey": 12, "FindResourceW": 2, "LoadStringW": 8, "GetFileVersionInfoW": 3, "LdrLoadDll": 43, "UuidCreate": 1}, "name": "bffae573-ca1a-11e6-90f8-80e65024849a.file", "class": "malware"}