{"apistats": {"GetSystemInfo": 83, "NtProtectVirtualMemory": 44, "LdrLoadDll": 51, "GetComputerNameA": 1, "CryptExportKey": 48, "NtQueryKey": 6, "NtOpenKeyEx": 16, "CryptCreateHash": 93, "GlobalMemoryStatusEx": 2, "GetFileAttributesW": 145, "GetSystemDirectoryW": 4, "RtlAddVectoredExceptionHandler": 1, "GetNativeSystemInfo": 16, "NtEnumerateValueKey": 7, "NtReadFile": 37, "NtMapViewOfSection": 28, "LoadStringW": 12, "CryptHashData": 93, "NtUnmapViewOfSection": 12, "NtResumeThread": 3, "RegEnumKeyExW": 57, "NtCreateFile": 69, "GlobalMemoryStatus": 1, "RegOpenKeyExW": 88, "CryptAcquireContextA": 45, "GetFileAttributesExW": 67, "NtDuplicateObject": 4, "GetFileVersionInfoSizeW": 11, "GetSystemTimeAsFileTime": 4, "NtClose": 117, "SetErrorMode": 64, "LdrGetDllHandle": 79, "RegQueryValueExW": 53, "GetComputerNameW": 1, "IsDebuggerPresent": 6, "NtQueryDirectoryFile": 20, "RegCloseKey": 33, "GetSystemMetrics": 3, "NtOpenProcess": 4, "GetFileVersionInfoW": 11, "CryptAcquireContextW": 2, "CoInitializeSecurity": 1, "NtEnumerateKey": 2, "NtQuerySystemInformation": 3, "NtOpenKey": 48, "CoInitializeEx": 2, "GetFileType": 6, "SetFilePointerEx": 34, "NtCreateSection": 18, "GetSystemWindowsDirectoryW": 2, "GetShortPathNameW": 1, "GetFileInformationByHandle": 11, "RegEnumValueW": 3, "FindResourceExW": 2, "UuidCreate": 3, "NtFreeVirtualMemory": 670, "NtCreateThreadEx": 1, "CreateThread": 3, "RegQueryInfoKeyW": 2, "NtAllocateVirtualMemory": 1472, "GetFileSize": 3, "NtOpenDirectoryObject": 1, "SetUnhandledExceptionFilter": 1, "LdrUnloadDll": 3, "NtQueryValueKey": 46, "LoadResource": 2, "FindFirstFileExW": 38, "NtTerminateProcess": 1, "LdrGetProcedureAddress": 325, "NtQueryAttributesFile": 3, "NtCreateMutant": 5}, "class": "benign", "name": "BodyBasics-WPF.exe"}