{"apistats": {"NtProtectVirtualMemory": 1, "RegCloseKey": 2, "GetSystemInfo": 1, "SetUnhandledExceptionFilter": 1, "LoadStringW": 2, "NtFreeVirtualMemory": 4, "NtQueryValueKey": 1, "GetSystemTimeAsFileTime": 2, "GetFileAttributesW": 1, "RegQueryValueExW": 2, "NtOpenDirectoryObject": 1, "CreateActCtxW": 4, "LdrGetProcedureAddress": 204, "RegOpenKeyExW": 3, "SetErrorMode": 1, "NtAllocateVirtualMemory": 9, "NtOpenKeyEx": 5, "LdrLoadDll": 15, "LdrGetDllHandle": 3, "NtClose": 2}, "name": "c1b7677d-49eb-11e7-a515-80e65024849a.file", "class": "malware"}