{"name": "c25275fd-ca8e-11e6-94aa-80e65024849a.file", "apistats": {"socket": 3, "NtOpenFile": 4, "GetFileVersionInfoW": 1, "NtQueryKey": 4, "closesocket": 3, "NtOpenProcess": 40, "NtCreateKey": 18, "setsockopt": 3, "CoInitializeEx": 33, "GetTempPathW": 1, "CreateThread": 4, "NtDuplicateObject": 15, "GetAdaptersAddresses": 1, "LdrLoadDll": 39, "NtMapViewOfSection": 20, "GetComputerNameW": 2, "InternetCrackUrlW": 1, "SetErrorMode": 9, "FindFirstFileExW": 14, "RegOpenKeyExW": 558, "GetFileVersionInfoSizeW": 1, "RegSetValueExW": 15, "FindWindowW": 4, "SetFilePointer": 4, "EnumWindows": 5, "GetAddrInfoW": 1, "NtOpenKeyEx": 594, "InternetConnectW": 1, "NtClose": 937, "GetVolumeNameForVolumeMountPointW": 3, "HttpOpenRequestW": 1, "NtQueryInformationFile": 2, "NtOpenMutant": 1, "GetSystemMetrics": 135, "NtFreeVirtualMemory": 2, "NtDelayExecution": 5, "GetFileSizeEx": 12, "LoadStringW": 7, "NtReadFile": 15, "RegOpenKeyExA": 3, "GetSystemTimeAsFileTime": 58, "FindResourceW": 19, "NtCreateSection": 7, "RegEnumKeyW": 109, "GetFileInformationByHandleEx": 12, "NtOpenSection": 6, "CoUninitialize": 28, "GetKeyState": 115, "CreateActCtxW": 1, "NtWriteFile": 1, "RegEnumKeyExW": 23, "GetForegroundWindow": 3, "GetSystemInfo": 4, "LoadResource": 223, "GetFileSize": 1, "NtCreateMutant": 1, "GetCursorPos": 1, "NtQueryDirectoryFile": 10, "RegDeleteValueW": 3, "SHGetFolderPathW": 2, "CoCreateInstance": 8, "NtQuerySystemInformation": 1, "GetBestInterfaceEx": 2, "GetVolumePathNameW": 1, "CreateDirectoryW": 1, "NtCreateFile": 30, "GetFileAttributesW": 8, "NtUnmapViewOfSection": 14, "GetSystemDirectoryW": 2, "NetShareEnum": 1, "NtProtectVirtualMemory": 47, "RegCloseKey": 399, "DrawTextExW": 22, "UuidCreate": 2, "GetFileInformationByHandle": 1, "NtQueryValueKey": 747, "RegQueryValueExA": 1, "NtSetValueKey": 18, "NtOpenKey": 774, "NtAllocateVirtualMemory": 26, "LdrGetDllHandle": 11, "GetVolumePathNamesForVolumeNameW": 6, "SendNotifyMessageW": 2, "RegCreateKeyExW": 8, "FindResourceExW": 221, "DeviceIoControl": 1, "WSAStartup": 4, "GlobalMemoryStatusEx": 1, "LdrGetProcedureAddress": 139, "InternetOpenW": 2, "LdrUnloadDll": 3, "SizeofResource": 5, "NtDeviceIoControlFile": 22, "DeleteUrlCacheEntryW": 2, "GetSystemWindowsDirectoryW": 2, "RegQueryValueExW": 2246}, "class": "malware"}