{"apistats": {"CreateToolhelp32Snapshot": 1, "GetNativeSystemInfo": 2, "RegCloseKey": 38, "RegQueryValueExA": 39, "WSAStartup": 1, "LookupPrivilegeValueW": 8, "NtClose": 29, "RegCreateKeyExA": 1, "GetFileAttributesW": 1, "OpenServiceW": 2, "RegQueryValueExW": 14, "NtMapViewOfSection": 2, "Process32NextW": 31, "RegEnumKeyExA": 13, "CreateActCtxW": 4, "RegOpenKeyExW": 1, "SetErrorMode": 1, "NtAllocateVirtualMemory": 7, "RegOpenKeyExA": 349, "LdrGetDllHandle": 4, "Process32FirstW": 1, "NtReadFile": 2, "NtOpenFile": 3, "NtQueryDirectoryFile": 6, "SetUnhandledExceptionFilter": 2, "GetTempPathW": 1, "NtCreateFile": 75, "GetSystemTimeAsFileTime": 2, "NtQueryAttributesFile": 1, "FindFirstFileExW": 93, "NtCreateMutant": 1, "NtProtectVirtualMemory": 18, "SHGetFolderPathW": 76, "NtCreateSection": 2, "GetUserNameA": 1, "NtOpenKey": 4, "NtFreeVirtualMemory": 2, "OpenSCManagerW": 1, "LdrGetProcedureAddress": 55, "NtOpenThread": 1, "RegSetValueExA": 1, "StartServiceA": 1, "GetFileType": 6, "NtOpenKeyEx": 2, "LdrLoadDll": 13, "GetSystemWindowsDirectoryW": 1, "OleInitialize": 1, "UuidCreate": 1, "NtQueryInformationFile": 2, "CreateProcessInternalW": 1, "WriteConsoleW": 1, "NtQueryValueKey": 3}, "name": "c26067c5-3766-11e7-842e-80e65024849a.file", "class": "malware"}