{"apistats": {"NtDeviceIoControlFile": 1, "FindFirstFileExW": 1, "NtClose": 66, "NtReadFile": 2, "GetFileAttributesW": 6, "DeleteFileW": 13508, "NtFreeVirtualMemory": 33, "NtProtectVirtualMemory": 21, "GetSystemWindowsDirectoryW": 1, "CreateToolhelp32Snapshot": 9, "MoveFileWithProgressW": 10925, "RegCloseKey": 11, "GetFileSize": 2, "NtTerminateProcess": 3, "FindWindowW": 2, "RegQueryValueExW": 2, "NtQueryInformationFile": 2, "FindResourceA": 1, "NtCreateSection": 3, "CopyFileExW": 1, "LdrGetProcedureAddress": 231, "NtOpenKey": 6, "RegCreateKeyExA": 1, "CreateDirectoryW": 1, "Process32FirstW": 9, "Process32NextW": 156, "GlobalMemoryStatusEx": 1, "SizeofResource": 1, "RegOpenKeyExW": 4, "NtOpenDirectoryObject": 1, "WriteProcessMemory": 7, "NtWriteFile": 1, "LdrGetDllHandle": 6, "NtDuplicateObject": 2, "SHGetFolderPathW": 32, "NtOpenFile": 1, "GetCursorPos": 32472, "NtQueryValueKey": 7, "LdrLoadDll": 21, "NtAllocateVirtualMemory": 26, "LdrUnloadDll": 1, "NtUnmapViewOfSection": 30, "NtMapViewOfSection": 4, "GetSystemDirectoryW": 1, "NtCreateThreadEx": 1, "NtResumeThread": 1, "SetErrorMode": 1, "GetTempPathW": 1, "FindResourceExA": 1, "RegOpenKeyExA": 9, "NtCreateFile": 35, "NtCreateMutant": 1, "RegQueryValueExA": 7, "NtOpenProcess": 8, "NtQuerySystemInformation": 1, "RegSetValueExA": 1, "LookupPrivilegeValueW": 3, "GetSystemInfo": 2, "FindWindowA": 1, "GetSystemMetrics": 3, "GetSystemTimeAsFileTime": 2, "LoadResource": 1, "GetNativeSystemInfo": 1, "IsDebuggerPresent": 1}, "class": "malware", "name": "c2c5ff45-3766-11e7-8b32-80e65024849a.file"}