{"name": "c3fa90b0-5713-11e7-a3c7-80e65024849a.file", "apistats": {"NtWriteFile": 2, "GetSystemMetrics": 46, "CreateActCtxW": 1, "OleInitialize": 1, "RegEnumKeyExW": 21, "RegCreateKeyExW": 3, "NtClose": 83, "NtQueryValueKey": 13, "RegSetValueExW": 3, "CreateProcessInternalW": 1, "FindResourceExW": 24, "NtOpenKey": 27, "GetSystemDirectoryW": 2, "NtQueryKey": 1880, "GetForegroundWindow": 28, "GetSystemInfo": 1, "LoadResource": 24, "LoadStringW": 57, "NtAllocateVirtualMemory": 16, "GetNativeSystemInfo": 1, "CreateDirectoryW": 9, "SetEndOfFile": 1, "NtOpenSection": 6, "NtCreateKey": 33, "CoInitializeEx": 6, "SendNotifyMessageW": 3, "NtCreateMutant": 2, "GetCursorPos": 2, "NtFreeVirtualMemory": 5, "GetSystemWindowsDirectoryW": 4, "NtDelayExecution": 19, "NtDuplicateObject": 8, "__exception__": 2, "GetSystemTimeAsFileTime": 10, "CoCreateInstance": 5, "GetFileVersionInfoSizeW": 2, "GetFileSize": 2, "NtReadFile": 63, "RegOpenKeyExA": 2, "LdrLoadDll": 25, "NtMapViewOfSection": 22, "NtOpenFile": 1, "RegCloseKey": 60, "LdrGetProcedureAddress": 170, "NtCreateFile": 11, "NtUnmapViewOfSection": 13, "FindResourceW": 2, "GetFileAttributesW": 7, "NtOpenProcess": 18, "UuidCreate": 1, "SetErrorMode": 15, "DrawTextExW": 6, "NtCreateSection": 8, "GetFileVersionInfoW": 2, "RegOpenKeyExW": 97, "NtQueryAttributesFile": 6, "RegEnumKeyW": 2, "LdrGetDllHandle": 27, "IsDebuggerPresent": 1, "NtDeviceIoControlFile": 3, "SizeofResource": 2, "NtProtectVirtualMemory": 6, "SetFilePointer": 7, "NtSetValueKey": 35, "CoUninitialize": 2, "EnumWindows": 3, "GetKeyState": 26, "RegQueryValueExW": 142, "NtOpenKeyEx": 1168, "NtOpenMutant": 1}, "class": "malware"}