{"class": "malware", "name": "c40590c7-811d-11e7-8ba1-80e65024849a.file", "apistats": {"NtOpenKey": 22, "GetTempPathW": 1, "SetUnhandledExceptionFilter": 1, "NtProtectVirtualMemory": 32, "NtAllocateVirtualMemory": 616, "GetFileSize": 7, "GetFileInformationByHandle": 10, "CreateActCtxW": 2, "GetFileVersionInfoSizeW": 5, "NtQueryDirectoryFile": 2, "NtMapViewOfSection": 20, "NtCreateSection": 15, "SHGetFolderPathW": 2, "LdrUnloadDll": 2, "NtOpenMutant": 1, "GetSystemInfo": 73, "LdrGetDllHandle": 73, "RegOpenKeyExW": 66, "NtEnumerateKey": 2, "NtOpenDirectoryObject": 1, "RegCloseKey": 41, "RegQueryValueExW": 109, "NtDuplicateObject": 2, "GetSystemTimeAsFileTime": 6, "LookupPrivilegeValueW": 1, "GetFileAttributesExW": 6, "OleInitialize": 1, "GetSystemWindowsDirectoryW": 2, "NtUnmapViewOfSection": 8, "NtReadFile": 10, "RegEnumKeyExW": 14, "GetTimeZoneInformation": 2, "CreateThread": 2, "NtOpenSection": 2, "GlobalMemoryStatus": 1, "NtFreeVirtualMemory": 276, "NtClose": 59, "NtEnumerateValueKey": 7, "SetErrorMode": 66, "GetSystemDirectoryW": 4, "FindFirstFileExW": 18, "NtDelayExecution": 69, "LdrLoadDll": 31, "NtCreateFile": 106, "LdrGetProcedureAddress": 241, "GetShortPathNameW": 1, "NtResumeThread": 2, "RegQueryInfoKeyW": 3, "RegEnumValueW": 3, "NtQuerySystemInformation": 1, "IsDebuggerPresent": 1, "NtOpenProcess": 3, "NtQueryValueKey": 12, "GetFileVersionInfoW": 5, "RegOpenKeyExA": 1, "GetFileAttributesW": 26, "NtOpenKeyEx": 2, "NtCreateMutant": 4, "CoInitializeEx": 2, "RtlAddVectoredContinueHandler": 1}}