{"name": "c7a8bfca-0b1b-11e7-bb85-80e65024849a.file", "apistats": {"NtWriteFile": 1, "SetErrorMode": 6, "RegEnumKeyExW": 42, "timeGetTime": 1, "socket": 10, "NtOpenFile": 39, "GetDiskFreeSpaceExW": 2, "FindResourceExW": 11, "NtQueryKey": 10, "GetForegroundWindow": 2, "closesocket": 10, "LoadResource": 33, "LoadStringW": 7, "GetUserNameExA": 2, "NtOpenProcess": 9, "GetNativeSystemInfo": 4, "setsockopt": 10, "CreateActCtxW": 2, "GetTempPathW": 1, "CreateThread": 7, "GetCursorPos": 1, "InternetCrackUrlA": 1, "NtQueryDirectoryFile": 2, "NtDuplicateObject": 5, "SHGetFolderPathW": 2, "CoCreateInstance": 23, "GetAdaptersAddresses": 4, "RegDeleteValueW": 16, "FindFirstFileExW": 44, "LdrLoadDll": 93, "CreateDirectoryW": 9, "NtCreateFile": 182, "GetFileAttributesW": 23, "NtUnmapViewOfSection": 5, "OpenSCManagerW": 1, "GetSystemDirectoryW": 3, "RegOpenKeyExW": 332, "GetBestInterfaceEx": 6, "GetTimeZoneInformation": 2, "CoInitializeEx": 22, "GetFileAttributesExW": 4, "SetUnhandledExceptionFilter": 2, "RegEnumValueW": 10, "RegSetValueExW": 69, "NtProtectVirtualMemory": 112, "GetSystemTimeAsFileTime": 67, "GetUserNameExW": 2, "FindResourceA": 38, "GetAddrInfoW": 4, "UuidCreate": 1, "GetFileInformationByHandle": 3, "RegCloseKey": 243, "GetSystemDirectoryA": 17, "InternetOpenA": 2, "InternetSetOptionA": 6, "NtClose": 303, "NtQueryValueKey": 7, "RegQueryValueExA": 129, "NtReadFile": 3, "UnhookWindowsHookEx": 1, "NtOpenKey": 26, "NtQueryInformationFile": 38, "NtAllocateVirtualMemory": 216, "NtResumeThread": 3, "NtMapViewOfSection": 15, "LdrGetDllHandle": 44, "NtCreateMutant": 6, "GetFileType": 3, "NtOpenMutant": 1, "GetSystemMetrics": 42, "RegCreateKeyExW": 36, "NtFreeVirtualMemory": 57, "GetSystemInfo": 17, "NtCreateThreadEx": 1, "NtDelayExecution": 12, "HttpOpenRequestA": 1, "CryptAcquireContextW": 1, "CoUninitialize": 18, "DeleteFileW": 1, "GetFileSizeEx": 2, "WSAStartup": 16, "GlobalMemoryStatusEx": 1, "RegOpenKeyExA": 34, "RegQueryInfoKeyW": 4, "DrawTextExA": 10, "LdrGetProcedureAddress": 350, "RegEnumKeyExA": 13, "NtOpenThread": 2, "SetWindowsHookExA": 2, "NtCreateSection": 6, "LdrUnloadDll": 28, "SetWindowsHookExW": 1, "SizeofResource": 17, "NtDeviceIoControlFile": 84, "OpenServiceW": 1, "InternetCloseHandle": 1, "NtOpenSection": 5, "InternetConnectA": 1, "GetSystemWindowsDirectoryW": 3, "RegCreateKeyExA": 1, "RegQueryValueExW": 359}, "class": "malware"}