{"class": "malware", "apistats": {"NtQueryKey": 6, "GetSystemWindowsDirectoryW": 2, "CryptAcquireContextW": 1, "NtWriteFile": 4, "NtMapViewOfSection": 15, "CreateActCtxW": 2, "RegQueryValueExW": 87, "RtlAddVectoredContinueHandler": 1, "NtCreateFile": 86, "RegCloseKey": 39, "NtOpenProcess": 2, "NtClose": 62, "NtOpenKey": 7, "NtQueryDirectoryFile": 2, "GetFileVersionInfoW": 4, "NtOpenMutant": 1, "GlobalMemoryStatus": 1, "SHGetFolderPathW": 4, "NtQueryValueKey": 8, "NtOpenKeyEx": 9, "LdrUnloadDll": 2, "GetFileSize": 5, "GetFileAttributesExW": 12, "RegOpenKeyExA": 1, "RegOpenKeyExW": 60, "NtReadFile": 10, "NtUnmapViewOfSection": 7, "LdrGetProcedureAddress": 267, "LdrGetDllHandle": 95, "NtAllocateVirtualMemory": 354, "NtQuerySystemInformation": 1, "GetSystemInfo": 62, "NtDelayExecution": 53, "GetFileInformationByHandle": 8, "GetSystemTimeAsFileTime": 5, "SetErrorMode": 80, "NtCreateMutant": 5, "LdrLoadDll": 30, "GetFileAttributesW": 24, "SetUnhandledExceptionFilter": 1, "GetFileVersionInfoSizeW": 4, "NtDuplicateObject": 2, "RegEnumValueW": 3, "GetFileType": 8, "GetShortPathNameW": 1, "FindFirstFileExW": 23, "RegEnumKeyExW": 14, "NtFreeVirtualMemory": 59, "NtResumeThread": 2, "NtProtectVirtualMemory": 30, "UuidCreate": 1, "NtCreateSection": 11, "RegQueryInfoKeyW": 3, "CoInitializeSecurity": 1, "NtOpenDirectoryObject": 1, "IsDebuggerPresent": 1, "CoInitializeEx": 2, "GetSystemDirectoryW": 4, "CreateThread": 3}, "name": "c8e10cb8-99fa-11e6-8222-80e65024849a.file"}