{"apistats": {"NtOpenSection": 6, "GetVolumePathNameW": 2, "GetForegroundWindow": 3, "GetAdaptersAddresses": 1, "GetFileAttributesW": 8, "GetVolumePathNamesForVolumeNameW": 6, "NtReadVirtualMemory": 3, "RegOpenKeyExW": 544, "NtDelayExecution": 1, "SetErrorMode": 9, "GetFileInformationByHandle": 1, "RegOpenKeyExA": 3, "GetCursorPos": 7, "FindResourceExW": 218, "NtCreateFile": 30, "GetSystemTimeAsFileTime": 59, "GlobalMemoryStatusEx": 1, "CoInitializeEx": 33, "LoadResource": 219, "NtQueryInformationFile": 2, "RegCreateKeyExW": 8, "DeviceIoControl": 1, "NtQueryKey": 4, "RegQueryValueExA": 1, "EnumWindows": 11, "NtQueryValueKey": 747, "RegQueryValueExW": 2185, "CreateActCtxW": 1, "NtDeviceIoControlFile": 30, "NtReadFile": 15, "NtWriteFile": 1, "LdrGetDllHandle": 8, "NtQuerySystemInformation": 1, "NtSetValueKey": 108, "CreateThread": 2, "GetSystemDirectoryW": 1, "LoadStringW": 7, "GetVolumeNameForVolumeMountPointW": 3, "NtProtectVirtualMemory": 35, "SHGetFolderPathW": 2, "RegDeleteValueW": 3, "socket": 5, "RegSetValueExW": 15, "LdrGetProcedureAddress": 113, "NtOpenThread": 1, "GetDiskFreeSpaceExW": 1, "LdrLoadDll": 36, "UuidCreate": 3, "DeleteUrlCacheEntryW": 2, "CoUninitialize": 28, "RegCloseKey": 389, "LookupAccountSidW": 6, "GetBestInterfaceEx": 2, "LdrUnloadDll": 3, "NtCreateKey": 99, "WSAStartup": 6, "SendNotifyMessageW": 2, "GetSystemMetrics": 136, "GetFileSize": 1, "NtAllocateVirtualMemory": 14, "CreateDirectoryW": 1, "GetComputerNameW": 2, "GetFileSizeEx": 12, "CoCreateInstance": 8, "RegEnumKeyExW": 23, "FindFirstFileExW": 14, "closesocket": 5, "GetFileInformationByHandleEx": 12, "NtCreateSection": 6, "NtOpenMutant": 1, "InternetOpenW": 2, "NtDuplicateObject": 13, "DrawTextExW": 21, "GetSystemInfo": 1, "setsockopt": 5, "NetShareEnum": 1, "FindWindowW": 4, "GetSystemWindowsDirectoryW": 2, "NtClose": 935, "RegDeleteKeyW": 1, "NtOpenProcess": 39, "CryptHashData": 1, "HttpOpenRequestW": 1, "NtMapViewOfSection": 17, "InternetConnectW": 1, "RegEnumKeyW": 109, "NtFreeVirtualMemory": 6, "GetKeyState": 148, "NtOpenFile": 4, "SetFilePointer": 4, "NtUnmapViewOfSection": 14, "NtQueryDirectoryFile": 10, "NtQueryAttributesFile": 1, "NtCreateMutant": 1, "GetAddrInfoW": 1, "GetFileAttributesExW": 6, "GetTempPathW": 1, "SizeofResource": 3, "NtOpenKey": 773, "InternetCrackUrlW": 1, "FindResourceW": 9, "NtOpenKeyEx": 3456}, "name": "c994d978-9a86-11e6-b10d-80e65024849a.file", "class": "malware"}