{"class": "malware", "apistats": {"NtQueryKey": 4, "GetSystemWindowsDirectoryW": 7, "GetBestInterfaceEx": 2, "CreateActCtxW": 1, "NtCreateFile": 31, "LdrUnloadDll": 1, "NtOpenProcess": 14, "NtOpenKey": 36, "NtQueryDirectoryFile": 7, "GetForegroundWindow": 1, "NtWriteFile": 6, "NtOpenFile": 1, "FindResourceExA": 1, "FindResourceExW": 3, "InternetConnectA": 1, "RegEnumKeyW": 109, "RegOpenKeyExA": 28, "OleInitialize": 1, "RegCreateKeyExW": 7, "GetFileSize": 1, "CoUninitialize": 19, "closesocket": 5, "GetTempPathW": 1, "LdrGetProcedureAddress": 95, "InternetOpenA": 1, "GlobalMemoryStatusEx": 1, "NtAllocateVirtualMemory": 21, "GetSystemDirectoryA": 5, "GetFileInformationByHandleEx": 12, "GetSystemTimeAsFileTime": 43, "GetVolumeNameForVolumeMountPointW": 3, "GetAddrInfoW": 1, "CoCreateInstance": 7, "NtFreeVirtualMemory": 12, "RegCloseKey": 366, "NtProtectVirtualMemory": 60, "RegSetValueExW": 14, "RegDeleteValueW": 3, "GetVolumePathNamesForVolumeNameW": 6, "NtDeviceIoControlFile": 30, "GetAdaptersInfo": 2, "CoInitializeEx": 20, "RegEnumKeyExW": 2, "FindFirstFileExW": 1, "GetNativeSystemInfo": 3, "NtMapViewOfSection": 5, "CreateDirectoryW": 8, "GetAdaptersAddresses": 1, "WSAStartup": 6, "NtDuplicateObject": 7, "NtClose": 132, "RegQueryValueExW": 2232, "SetFilePointer": 6, "socket": 5, "InternetCrackUrlA": 1, "LoadStringW": 1, "SHGetFolderPathW": 1, "InternetQueryOptionA": 1, "LoadResource": 4, "NtQueryValueKey": 11, "NtOpenSection": 5, "RegOpenKeyExW": 489, "NtReadFile": 144, "RegQueryValueExA": 17, "LdrGetDllHandle": 17, "NtQuerySystemInformation": 1, "SetErrorMode": 3, "NtCreateMutant": 2, "LdrLoadDll": 34, "GetFileAttributesW": 15, "DeleteFileW": 2, "GetFileSizeEx": 12, "setsockopt": 5, "GetSystemMetrics": 3, "NtCreateSection": 3, "NtUnmapViewOfSection": 1, "CreateThread": 1, "GetSystemDirectoryW": 2, "HttpOpenRequestA": 1}, "name": "caa393d4-9a86-11e6-908f-80e65024849a.file"}