{"apistats": {"GetSystemInfo": 45, "IsDebuggerPresent": 2, "NtQueryDirectoryFile": 9, "NtProtectVirtualMemory": 60, "LdrLoadDll": 25, "RegCloseKey": 21, "GetSystemTimeAsFileTime": 15, "GetFileVersionInfoW": 2, "SetUnhandledExceptionFilter": 1, "NtQueryKey": 7, "NtOpenKeyEx": 8, "NtOpenProcess": 4, "NtOpenFile": 11, "GlobalMemoryStatusEx": 2, "NtQuerySystemInformation": 3, "NtOpenKey": 7, "CoInitializeEx": 2, "NtQueryAttributesFile": 2, "GetSystemDirectoryW": 3, "LdrUnloadDll": 4, "RtlAddVectoredExceptionHandler": 1, "NtCreateSection": 6, "GetSystemWindowsDirectoryW": 1, "GetShortPathNameW": 1, "NtReadFile": 10, "GetFileInformationByHandle": 2, "RegEnumValueW": 5, "NtUnmapViewOfSection": 3, "NtResumeThread": 3, "RegEnumKeyExW": 58, "NtCreateFile": 15, "NtFreeVirtualMemory": 112, "NtCreateThreadEx": 1, "RegQueryValueExW": 32, "CreateThread": 2, "RegQueryInfoKeyW": 2, "NtAllocateVirtualMemory": 330, "GetFileSize": 2, "NtMapViewOfSection": 7, "NtOpenDirectoryObject": 1, "NtCreateMutant": 5, "NtDuplicateObject": 4, "GetFileVersionInfoSizeW": 2, "RegOpenKeyExW": 42, "NtClose": 45, "SetErrorMode": 12, "LdrGetDllHandle": 34, "NtQueryValueKey": 11, "LdrGetProcedureAddress": 153, "GetFileAttributesW": 11, "GetFileAttributesExW": 12}, "class": "benign", "name": "CacheNode.exe"}