{"apistats": {"GetSystemInfo": 46, "IsDebuggerPresent": 2, "NtQueryDirectoryFile": 9, "NtProtectVirtualMemory": 60, "LdrLoadDll": 25, "RegCloseKey": 21, "GetSystemTimeAsFileTime": 15, "GetFileVersionInfoW": 2, "SetUnhandledExceptionFilter": 1, "NtQueryKey": 7, "NtOpenKeyEx": 8, "NtOpenProcess": 4, "NtOpenFile": 13, "GlobalMemoryStatusEx": 2, "NtQuerySystemInformation": 3, "NtOpenKey": 7, "CoInitializeEx": 2, "GetFileAttributesW": 7, "GetSystemDirectoryW": 3, "LdrUnloadDll": 4, "RtlAddVectoredExceptionHandler": 1, "NtCreateSection": 6, "GetSystemWindowsDirectoryW": 1, "GetShortPathNameW": 1, "NtReadFile": 10, "GetFileInformationByHandle": 3, "RegEnumValueW": 5, "NtUnmapViewOfSection": 3, "NtResumeThread": 3, "RegEnumKeyExW": 58, "NtCreateFile": 17, "NtFreeVirtualMemory": 115, "NtCreateThreadEx": 1, "RegQueryValueExW": 32, "CreateThread": 2, "RegQueryInfoKeyW": 2, "NtAllocateVirtualMemory": 326, "GetFileSize": 2, "NtMapViewOfSection": 7, "NtOpenDirectoryObject": 1, "NtCreateMutant": 5, "NtDuplicateObject": 4, "GetFileVersionInfoSizeW": 2, "RegOpenKeyExW": 36, "NtClose": 44, "SetErrorMode": 14, "LdrGetDllHandle": 32, "NtQueryValueKey": 11, "LdrGetProcedureAddress": 151, "GetFileAttributesExW": 8}, "class": "benign", "name": "CacheRoot.exe"}