{"apistats": {"CreateToolhelp32Snapshot": 9, "NtOpenSection": 7, "CoUninitialize": 15, "RegCloseKey": 327, "LdrUnloadDll": 51, "SetFileTime": 1, "GetForegroundWindow": 2, "GetFileAttributesW": 76, "GetVolumePathNamesForVolumeNameW": 6, "GetSystemMetrics": 112, "GetFileSize": 2, "RegOpenKeyExW": 472, "SetErrorMode": 9, "NtAllocateVirtualMemory": 224, "RegOpenKeyExA": 3, "DeleteFileW": 2, "SetFilePointerEx": 1, "GetFileSizeEx": 12, "CoCreateInstance": 2, "RegEnumKeyExW": 21, "CreateDirectoryW": 8, "FindResourceExW": 17, "NtCreateFile": 105, "GetSystemTimeAsFileTime": 38, "GlobalMemoryStatusEx": 1, "FindFirstFileExW": 6, "GetFileInformationByHandleEx": 12, "NtCreateSection": 10, "NtOpenMutant": 1, "LoadResource": 15, "FindWindowExW": 1, "NtQueryInformationFile": 4, "NtClose": 158, "NtDuplicateObject": 3, "DrawTextExW": 26, "RegQueryValueExA": 1, "GetSystemWindowsDirectoryW": 1, "NtQueryValueKey": 17, "NtOpenProcess": 14, "RegQueryValueExW": 2203, "NtMapViewOfSection": 14, "Process32NextW": 288, "CreateActCtxW": 51, "RegEnumKeyW": 109, "NtReadFile": 245, "NtWriteFile": 20, "LdrGetDllHandle": 1474, "Process32FirstW": 9, "GetKeyState": 1, "NtQuerySystemInformation": 1, "OleInitialize": 1, "NtOpenFile": 3, "GetSystemDirectoryW": 1, "SetFilePointer": 18, "NtUnmapViewOfSection": 11, "NtQueryDirectoryFile": 74, "LoadStringW": 7, "NtFreeVirtualMemory": 124, "GetVolumeNameForVolumeMountPointW": 3, "NtQueryAttributesFile": 7, "NtCreateMutant": 1, "NtProtectVirtualMemory": 107, "CoInitializeEx": 16, "GetTempPathW": 1, "SearchPathW": 1, "NtOpenKey": 46, "LdrGetProcedureAddress": 1713, "NtOpenKeyEx": 4, "LdrLoadDll": 76}, "name": "caeeb73a-99fa-11e6-abcf-80e65024849a.file", "class": "malware"}