{"apistats": {"RegQueryValueExA": 1, "NtCreateThreadEx": 1, "LdrLoadDll": 1, "RegCloseKey": 1, "NtResumeThread": 1, "RegOpenKeyExW": 1, "NtFreeVirtualMemory": 1, "GetComputerNameW": 1, "GlobalMemoryStatusEx": 1, "NtQuerySystemInformation": 1, "NtOpenKey": 6, "NtAllocateVirtualMemory": 6, "NtDuplicateObject": 2, "GetFileType": 3, "GetSystemTimeAsFileTime": 2, "SetUnhandledExceptionFilter": 1, "LdrUnloadDll": 1, "LdrGetDllHandle": 13, "NtQueryValueKey": 6, "GetComputerNameA": 1, "NtTerminateProcess": 3, "LdrGetProcedureAddress": 15, "NtClose": 20, "RegOpenKeyExA": 1}, "class": "benign", "name": "CAJSHost.exe"}