{"apistats": {"CreateToolhelp32Snapshot": 1, "LdrUnloadDll": 5, "RegCloseKey": 1, "CopyFileW": 1, "WriteProcessMemory": 13, "DrawTextExW": 2, "NtSetContextThread": 1, "NtResumeThread": 1, "GetSystemWindowsDirectoryW": 1, "NtQueryValueKey": 5, "NtOpenProcess": 1, "FindWindowA": 1, "NtFreeVirtualMemory": 2, "Process32NextW": 32, "GetSystemMetrics": 32, "NtReadVirtualMemory": 1, "GetFileSize": 4, "SetErrorMode": 2, "NtAllocateVirtualMemory": 15, "NtMapViewOfSection": 1, "Process32FirstW": 1, "GetCursorPos": 1, "NtReadFile": 2, "NtUnmapViewOfSection": 5, "GetForegroundWindow": 1, "FindResourceExW": 3, "NtCreateFile": 20, "GetSystemTimeAsFileTime": 1, "GetSystemDirectoryA": 2, "SHGetFolderPathW": 5, "LdrGetDllHandle": 254, "NtCreateSection": 1, "NtGetContextThread": 1, "SetWindowsHookExA": 2, "NtOpenKey": 6, "NtOpenMutant": 1, "LoadResource": 2, "LdrGetProcedureAddress": 401, "SetFileAttributesW": 2, "LdrLoadDll": 133, "NtTerminateProcess": 1, "FindResourceA": 13, "CreateProcessInternalW": 1, "NtClose": 22}, "name": "cc0133eb-a46c-11e6-b786-80e65024849a.file", "class": "malware"}