{"class": "malware", "apistats": {"RemoveDirectoryW": 1, "LookupAccountSidW": 2, "GetNativeSystemInfo": 1, "NtMapViewOfSection": 1, "CreateDirectoryW": 1, "NtOpenKey": 2, "NtCreateFile": 3, "WSAStartup": 3, "NtClose": 37, "RegQueryValueExW": 42, "LoadResource": 1, "GetSystemWindowsDirectoryW": 6, "__exception__": 2, "LoadStringW": 1, "NtQueryValueKey": 3, "RegOpenKeyExA": 12, "LdrUnloadDll": 2, "RegCreateKeyExW": 1, "SetFileAttributesW": 1, "RegOpenKeyExW": 38, "GetTempPathW": 1, "RegQueryValueExA": 13, "LdrGetDllHandle": 31, "NtAllocateVirtualMemory": 27, "SetErrorMode": 8, "GetSystemInfo": 4, "NtDelayExecution": 3, "GetSystemDirectoryA": 1, "GetSystemTimeAsFileTime": 5, "NtResumeThread": 2, "NtCreateMutant": 4, "LdrLoadDll": 33, "GetFileAttributesW": 5, "FindResourceExW": 3, "LdrGetProcedureAddress": 333, "RegEnumValueW": 2, "GetFileType": 3, "FindFirstFileExW": 18, "NtFreeVirtualMemory": 14, "RegCloseKey": 44, "NtProtectVirtualMemory": 1, "RegSetValueExW": 1, "NtCreateSection": 1, "NtOpenDirectoryObject": 1, "SetUnhandledExceptionFilter": 1, "CoInitializeEx": 1, "GetSystemDirectoryW": 3}, "name": "cc0c6435-49eb-11e7-8825-80e65024849a.file"}