{"class": "malware", "apistats": {"DrawTextExW": 22, "DeviceIoControl": 2, "GetNativeSystemInfo": 2, "NtMapViewOfSection": 5, "OpenSCManagerA": 1, "GetAdaptersAddresses": 2, "NtCreateFile": 5, "WSAStartup": 2, "NtOpenProcess": 2, "NtClose": 55, "NtOpenSection": 2, "RegQueryValueExW": 267, "LoadResource": 40, "NtOpenMutant": 1, "NtOpenFile": 1, "FindResourceExW": 11, "SHGetFolderPathW": 1, "LookupPrivilegeValueW": 12, "NtQueryValueKey": 8, "RegOpenKeyExA": 5, "RegCreateKeyExW": 8, "RtlAddVectoredExceptionHandler": 1, "getaddrinfo": 1, "RegOpenKeyExW": 94, "RegQueryValueExA": 13, "LdrGetDllHandle": 36, "GlobalMemoryStatusEx": 1, "NtAllocateVirtualMemory": 31, "NtQuerySystemInformation": 1, "GetSystemInfo": 3, "SizeofResource": 32, "NtQueryInformationFile": 1, "GetSystemTimeAsFileTime": 1, "NtResumeThread": 1, "NtDeviceIoControlFile": 12, "LdrLoadDll": 41, "GetBestInterfaceEx": 2, "GetFileAttributesW": 4, "FindResourceA": 32, "NtOpenKey": 12, "GetAsyncKeyState": 12, "LoadStringW": 7, "LdrGetProcedureAddress": 847, "NtDuplicateObject": 2, "NtCreateThreadEx": 1, "RegEnumKeyExW": 21, "GetSystemMetrics": 45, "NtFreeVirtualMemory": 3, "RegCloseKey": 43, "NtProtectVirtualMemory": 2, "RegSetValueExW": 1, "NtCreateSection": 1, "NtUnmapViewOfSection": 2, "gethostbyname": 1, "SetUnhandledExceptionFilter": 1, "CoInitializeEx": 1, "GetSystemDirectoryW": 4, "CreateThread": 4}, "name": "ccdb1442-2287-11e7-bd04-80e65024849a.file"}