{"name": "ced1ae28-21a1-11e7-ad0e-80e65024849a.file", "apistats": {"SetErrorMode": 2, "RegEnumKeyExW": 37, "CreateThread": 4, "socket": 6, "NtFreeVirtualMemory": 6, "NtQueryKey": 6, "GetForegroundWindow": 1, "GetSystemInfo": 5, "LoadResource": 25, "LoadStringW": 7, "GetUserNameExA": 2, "NtOpenProcess": 9, "setsockopt": 6, "CoInitializeEx": 12, "NtCreateMutant": 3, "GetCursorPos": 1, "InternetCrackUrlA": 1, "NtDuplicateObject": 4, "CoCreateInstance": 10, "GetAdaptersAddresses": 2, "DrawTextExA": 32, "RegDeleteValueW": 10, "LdrLoadDll": 44, "CreateDirectoryW": 9, "NtCreateFile": 22, "GetFileAttributesW": 13, "NtUnmapViewOfSection": 2, "GetSystemDirectoryW": 2, "RegOpenKeyExW": 279, "GetBestInterfaceEx": 6, "GetTimeZoneInformation": 2, "SetUnhandledExceptionFilter": 2, "RegEnumValueW": 8, "RegSetValueExW": 41, "NtProtectVirtualMemory": 120, "RegCloseKey": 190, "FindResourceA": 24, "GetAddrInfoW": 2, "NtOpenKey": 18, "InternetSetOptionA": 3, "NtClose": 116, "NtQueryValueKey": 5, "RegQueryValueExA": 93, "GetUserNameExW": 2, "InternetOpenA": 1, "NtAllocateVirtualMemory": 109, "SetWindowsHookExA": 2, "NtResumeThread": 2, "NtMapViewOfSection": 9, "LdrGetDllHandle": 19, "GetFileType": 3, "NtOpenMutant": 1, "GetSystemMetrics": 18, "RegCreateKeyExW": 21, "FindResourceExW": 7, "closesocket": 6, "NtCreateThreadEx": 1, "NtDelayExecution": 124, "HttpOpenRequestA": 1, "RegCreateKeyExA": 1, "WSAStartup": 10, "GlobalMemoryStatusEx": 1, "RegOpenKeyExA": 30, "RegQueryInfoKeyW": 4, "GetSystemTimeAsFileTime": 54, "LdrGetProcedureAddress": 129, "NtCreateSection": 4, "LdrUnloadDll": 8, "SizeofResource": 19, "NtDeviceIoControlFile": 50, "NtOpenSection": 3, "InternetConnectA": 1, "GetSystemWindowsDirectoryW": 1, "CoUninitialize": 8, "RegQueryValueExW": 286}, "class": "malware"}