{"apistats": {"GetSystemInfo": 1, "IsDebuggerPresent": 1, "NtCreateKey": 9, "RegEnumKeyW": 3, "RegCloseKey": 42, "GetSystemTimeAsFileTime": 11, "GetSystemMetrics": 320, "NtClose": 121, "NtQueryKey": 108, "NtOpenKeyEx": 90, "NtOpenProcess": 3, "NtOpenFile": 3, "FindResourceW": 26, "NtEnumerateKey": 21, "RegDeleteValueW": 1, "SearchPathW": 12, "DrawTextExW": 4, "CreateActCtxW": 5, "NtQueryAttributesFile": 34, "GetFileType": 1, "GetSystemDirectoryW": 2, "NtOpenMutant": 1, "NtOpenSection": 3, "GetKeyState": 38, "DeleteFileW": 1, "NtCreateSection": 26, "CoCreateInstance": 12, "NtReadFile": 1, "LdrLoadDll": 45, "NtMapViewOfSection": 30, "CoUninitialize": 1, "OleInitialize": 3, "FindResourceExW": 42, "LoadStringW": 21, "NtUnmapViewOfSection": 29, "NtCreateFile": 62, "GetForegroundWindow": 1, "RegQueryValueExW": 3, "CreateThread": 1, "SetWindowsHookExW": 1, "CoInitializeEx": 2, "NtOpenKey": 34, "LdrGetDllHandle": 15, "SizeofResource": 14, "NtAllocateVirtualMemory": 60, "RegCreateKeyExW": 1, "NtDuplicateObject": 2, "RegOpenKeyExW": 4, "SetUnhandledExceptionFilter": 1, "NtQueryInformationFile": 1, "SetErrorMode": 4, "GetSystemWindowsDirectoryW": 1, "NtQueryValueKey": 60, "LoadResource": 64, "NtFreeVirtualMemory": 6, "LdrGetProcedureAddress": 127, "GetFileAttributesW": 2, "NtCreateMutant": 2}, "class": "benign", "name": "certreq.exe"}