{"class": "malware", "apistats": {"NtQueryKey": 10, "GetSystemWindowsDirectoryW": 3, "GetBestInterfaceEx": 6, "NtOpenThread": 2, "CreateActCtxW": 2, "NtCreateFile": 182, "NtOpenProcess": 10, "GetDiskFreeSpaceExW": 2, "NtOpenKey": 26, "NtQueryDirectoryFile": 2, "GetForegroundWindow": 4, "NtOpenMutant": 1, "NtWriteFile": 1, "NtOpenFile": 39, "FindResourceExW": 11, "UnhookWindowsHookEx": 1, "RegOpenKeyExA": 34, "LdrUnloadDll": 28, "RegCreateKeyExW": 36, "CoUninitialize": 18, "GetFileAttributesExW": 4, "OpenSCManagerW": 1, "CryptAcquireContextW": 1, "closesocket": 12, "GetTempPathW": 1, "FindFirstFileExW": 44, "InternetOpenA": 2, "NtAllocateVirtualMemory": 203, "GetCursorPos": 1, "GetSystemDirectoryA": 17, "SetWindowsHookExA": 2, "GetSystemTimeAsFileTime": 67, "OpenServiceW": 1, "HttpOpenRequestA": 1, "GetAddrInfoW": 4, "RegOpenKeyExW": 333, "NtCreateThreadEx": 1, "GetFileType": 3, "RegQueryInfoKeyW": 4, "FindWindowW": 1, "NtFreeVirtualMemory": 69, "RegCloseKey": 244, "NtProtectVirtualMemory": 114, "UuidCreate": 1, "RegSetValueExW": 69, "RegDeleteValueW": 16, "NtDeviceIoControlFile": 92, "CoInitializeEx": 22, "RegEnumKeyExW": 42, "RegEnumValueW": 10, "LdrGetProcedureAddress": 352, "DrawTextExA": 13, "GetNativeSystemInfo": 4, "NtMapViewOfSection": 15, "CreateDirectoryW": 9, "GlobalMemoryStatusEx": 1, "WSAStartup": 18, "NtDuplicateObject": 5, "InternetCloseHandle": 1, "NtClose": 310, "RegEnumKeyExA": 13, "GetAdaptersAddresses": 4, "timeGetTime": 1, "socket": 12, "InternetCrackUrlA": 1, "InternetSetOptionA": 6, "RegQueryValueExW": 360, "LoadStringW": 7, "SHGetFolderPathW": 2, "LoadResource": 33, "NtQueryValueKey": 7, "NtOpenSection": 5, "GetUserNameExA": 2, "GetTimeZoneInformation": 2, "CoCreateInstance": 23, "NtReadFile": 3, "RegQueryValueExA": 129, "GetFileSizeEx": 2, "LdrGetDllHandle": 45, "GetSystemInfo": 17, "NtDelayExecution": 14, "GetFileInformationByHandle": 3, "SizeofResource": 17, "NtQueryInformationFile": 38, "GetKeyState": 9, "NtResumeThread": 3, "NtCreateMutant": 6, "GetUserNameExW": 2, "LdrLoadDll": 93, "GetFileAttributesW": 23, "FindResourceA": 38, "DeleteFileW": 1, "RegCreateKeyExA": 1, "SetWindowsHookExW": 1, "InternetConnectA": 1, "GetSystemDirectoryW": 3, "GetSystemMetrics": 42, "SetErrorMode": 6, "NtCreateSection": 6, "NtUnmapViewOfSection": 5, "SetUnhandledExceptionFilter": 2, "setsockopt": 12, "CreateThread": 7}, "name": "cf2adda8-3c5f-11e7-be0b-80e65024849a.file"}