{"apistats": {"GetVolumePathNameW": 2, "CoInitializeEx": 27, "FindFirstFileExW": 14, "NtClose": 905, "NtReadFile": 15, "RegDeleteKeyW": 1, "GetFileAttributesW": 8, "CreateDirectoryW": 1, "GetDiskFreeSpaceExW": 1, "GetForegroundWindow": 3, "NetShareEnum": 1, "GetFileInformationByHandleEx": 12, "FindResourceW": 25, "GetKeyState": 212, "GetSystemWindowsDirectoryW": 2, "NtCreateKey": 99, "RegCloseKey": 368, "CoUninitialize": 24, "GetFileSize": 28, "DrawTextExW": 71, "FindWindowW": 3, "RegQueryValueExW": 2210, "NtWriteFile": 1, "EnumWindows": 15, "CoCreateInstance": 3, "LookupAccountSidW": 6, "LdrGetProcedureAddress": 107, "NtOpenKey": 768, "NtOpenSection": 6, "FindResourceExW": 222, "LoadStringW": 7, "NtQueryDirectoryFile": 10, "GlobalMemoryStatusEx": 1, "NtOpenMutant": 1, "SizeofResource": 6, "RegOpenKeyExW": 528, "NtFreeVirtualMemory": 28, "RegEnumValueW": 1, "CreateThread": 3, "GetVolumePathNamesForVolumeNameW": 6, "GetTempPathW": 1, "LdrGetDllHandle": 11, "NtQueryInformationFile": 2, "NtSetValueKey": 108, "NtDuplicateObject": 11, "SHGetFolderPathW": 2, "NtDelayExecution": 66, "GetComputerNameW": 2, "NtOpenFile": 4, "GetSystemMetrics": 244, "NtQueryValueKey": 747, "GetFileAttributesExW": 6, "GetFileVersionInfoW": 1, "GetVolumeNameForVolumeMountPointW": 3, "LdrLoadDll": 36, "NtCreateSection": 7, "LdrUnloadDll": 3, "CreateActCtxW": 1, "NtOpenKeyEx": 3521, "GetFileInformationByHandle": 1, "NtMapViewOfSection": 20, "GetSystemDirectoryW": 2, "GetFileVersionInfoSizeW": 1, "GetFileSizeEx": 12, "RegSetValueExW": 1, "NtUnmapViewOfSection": 14, "DeviceIoControl": 1, "NtCreateFile": 29, "SetFilePointer": 3, "RegEnumKeyExW": 21, "NtAllocateVirtualMemory": 44, "RegOpenKeyExA": 3, "SetErrorMode": 9, "SendNotifyMessageW": 2, "NtCreateMutant": 1, "RegQueryValueExA": 1, "CryptHashData": 1, "NtOpenProcess": 40, "NtQuerySystemInformation": 1, "GetSystemInfo": 4, "NtQueryKey": 5618, "GetCursorPos": 6, "RegEnumKeyW": 109, "RegCreateKeyExW": 1, "GetSystemTimeAsFileTime": 54, "LoadResource": 225, "UuidCreate": 2}, "class": "malware", "name": "cf2bf9cc-c2b4-11e6-92c6-80e65024849a.file"}