{"apistats": {"NtOpenSection": 2, "CoUninitialize": 3, "RegCloseKey": 44, "LookupAccountSidW": 2, "LdrUnloadDll": 13, "NtTerminateProcess": 3, "GetFileVersionInfoSizeW": 1, "GetFileAttributesW": 5, "GetVolumePathNamesForVolumeNameW": 6, "GetSystemMetrics": 59, "RegOpenKeyExW": 44, "NtDuplicateObject": 3, "SetErrorMode": 2, "ShellExecuteExW": 1, "NtAllocateVirtualMemory": 6, "CreateDirectoryW": 1, "SHGetFolderPathW": 2, "RegEnumKeyExW": 21, "RegOpenKeyExA": 1, "FindResourceExW": 24, "NtCreateFile": 1, "GetSystemTimeAsFileTime": 1, "FindFirstFileExW": 8, "NtCreateSection": 1, "NtOpenMutant": 1, "LoadResource": 23, "GetFileType": 1, "CreateProcessInternalW": 1, "NtQueryValueKey": 4, "RegCreateKeyExW": 2, "GetNativeSystemInfo": 2, "CopyFileW": 1, "DrawTextExW": 3, "GetSystemInfo": 2, "EnumWindows": 2, "FindResourceW": 2, "GetSystemWindowsDirectoryW": 7, "NtClose": 83, "NtOpenProcess": 1, "RegQueryValueExW": 13, "NtMapViewOfSection": 3, "SizeofResource": 1, "NtReadFile": 1, "NtWriteFile": 4, "LdrGetDllHandle": 19, "OleInitialize": 1, "NtUnmapViewOfSection": 8, "RegQueryInfoKeyW": 1, "SetFilePointer": 3, "GetSystemDirectoryW": 2, "NtQueryDirectoryFile": 2, "LoadStringW": 61, "NtFreeVirtualMemory": 3, "GetVolumeNameForVolumeMountPointW": 2, "NtCreateMutant": 2, "CoInitializeEx": 2, "RegSetValueExW": 2, "NtOpenKey": 6, "LdrGetProcedureAddress": 138, "GetFileVersionInfoW": 1, "LdrLoadDll": 18}, "name": "cfca5a23-c2b4-11e6-a678-80e65024849a.file", "class": "malware"}