{"apistats": {"GetSystemInfo": 45, "IsDebuggerPresent": 2, "NtQueryDirectoryFile": 10, "NtProtectVirtualMemory": 60, "LdrLoadDll": 26, "RtlAddVectoredExceptionHandler": 1, "GetSystemTimeAsFileTime": 15, "GetFileVersionInfoW": 2, "SetUnhandledExceptionFilter": 1, "NtQueryKey": 7, "NtOpenKeyEx": 8, "NtOpenProcess": 4, "NtOpenFile": 12, "GlobalMemoryStatusEx": 2, "NtQuerySystemInformation": 3, "NtOpenKey": 7, "CoInitializeEx": 2, "GetFileAttributesW": 7, "GetFileType": 6, "GetSystemDirectoryW": 3, "LdrUnloadDll": 4, "NtCreateSection": 6, "LdrGetDllHandle": 34, "GetShortPathNameW": 1, "NtReadFile": 5, "GetFileInformationByHandle": 2, "RegEnumValueW": 5, "NtUnmapViewOfSection": 3, "NtResumeThread": 3, "RegEnumKeyExW": 58, "NtCreateFile": 13, "NtFreeVirtualMemory": 363, "NtCreateThreadEx": 1, "RegQueryValueExW": 29, "CreateThread": 2, "RegQueryInfoKeyW": 2, "NtAllocateVirtualMemory": 665, "GetFileSize": 2, "NtMapViewOfSection": 7, "NtOpenDirectoryObject": 1, "NtCreateMutant": 5, "NtDuplicateObject": 3, "GetFileVersionInfoSizeW": 2, "RegOpenKeyExW": 33, "NtClose": 65, "SetErrorMode": 14, "GetSystemWindowsDirectoryW": 1, "NtQueryValueKey": 11, "LdrGetProcedureAddress": 157, "GetFileAttributesExW": 4}, "class": "benign", "name": "chktrust.exe"}