{"apistats": {"RegQueryValueExA": 2, "NtMapViewOfSection": 1, "SetFilePointer": 9, "NtWriteFile": 3, "LdrLoadDll": 1, "RegCloseKey": 2, "NtUnmapViewOfSection": 1, "GetSystemWindowsDirectoryW": 1, "NtCreateFile": 8, "RegOpenKeyExA": 1, "RegCreateKeyExA": 2, "GetTempPathW": 1, "NtOpenKey": 1, "WriteConsoleA": 1, "NtAllocateVirtualMemory": 2, "CreateDirectoryW": 1, "SetErrorMode": 2, "GetFileAttributesW": 2, "LdrGetDllHandle": 1, "GetSystemTimeAsFileTime": 1, "SetUnhandledExceptionFilter": 1, "LdrUnloadDll": 1, "DeleteFileW": 1, "NtQueryValueKey": 2, "FindFirstFileExW": 11, "NtCreateSection": 1, "NtTerminateProcess": 3, "LdrGetProcedureAddress": 3, "NtClose": 26, "NtReadFile": 213}, "class": "benign", "name": "ConvertXF.exe"}