{"apistats": {"NtMapViewOfSection": 1, "LdrLoadDll": 1, "NtCreateFile": 2, "NtFreeVirtualMemory": 1, "OutputDebugStringA": 2, "NtTerminateProcess": 3, "WriteConsoleA": 2, "NtAllocateVirtualMemory": 6, "GetFileAttributesW": 1, "GetFileType": 3, "GetSystemTimeAsFileTime": 1, "NtClose": 7, "LdrGetDllHandle": 4, "NtQueryValueKey": 1, "FindFirstFileExW": 2, "NtCreateSection": 1, "GetSystemWindowsDirectoryW": 1, "LdrGetProcedureAddress": 7, "RegOpenKeyExA": 1}, "class": "benign", "name": "copylocale.exe"}