{"apistats": {"GetSystemInfo": 52, "IsDebuggerPresent": 1, "NtQueryDirectoryFile": 15, "NtProtectVirtualMemory": 60, "LdrLoadDll": 23, "RtlAddVectoredExceptionHandler": 1, "GetSystemTimeAsFileTime": 17, "GetFileVersionInfoW": 1, "NtReadFile": 10, "SetUnhandledExceptionFilter": 1, "NtQueryKey": 2, "NtOpenKeyEx": 3, "NtOpenProcess": 2, "NtOpenFile": 13, "GlobalMemoryStatusEx": 1, "NtQuerySystemInformation": 1, "NtOpenKey": 4, "CoInitializeEx": 2, "CreateActCtxW": 3, "GetFileAttributesW": 17, "GetFileType": 6, "GetSystemDirectoryW": 4, "NtOpenMutant": 1, "LdrUnloadDll": 2, "NtCreateSection": 10, "GetSystemWindowsDirectoryW": 2, "GetShortPathNameW": 1, "RtlAddVectoredContinueHandler": 1, "GetFileInformationByHandle": 2, "RegEnumValueW": 5, "LoadStringW": 5, "NtUnmapViewOfSection": 4, "NtResumeThread": 2, "RegEnumKeyExW": 15, "SHGetFolderPathW": 2, "NtCreateFile": 54, "NtFreeVirtualMemory": 239, "RegOpenKeyExA": 2, "RegQueryValueExW": 72, "CreateThread": 2, "RegQueryInfoKeyW": 3, "NtAllocateVirtualMemory": 468, "GetFileSize": 5, "NtMapViewOfSection": 11, "NtOpenDirectoryObject": 1, "NtCreateMutant": 4, "NtDuplicateObject": 1, "GetFileVersionInfoSizeW": 1, "RegOpenKeyExW": 74, "NtClose": 84, "GetFileAttributesExW": 5, "SetErrorMode": 24, "LdrGetDllHandle": 56, "NtQueryValueKey": 5, "LdrGetProcedureAddress": 184, "NtQueryAttributesFile": 3, "NtDelayExecution": 30}, "class": "benign", "name": "csharp.exe"}