{"apistats": {"NtMapViewOfSection": 3, "LdrLoadDll": 7, "RegCloseKey": 14, "NtUnmapViewOfSection": 1, "UuidCreate": 1, "NtCreateFile": 2, "SetUnhandledExceptionFilter": 1, "NtQueryKey": 48, "NtOpenKeyEx": 32, "CreateThread": 2, "GetFileSize": 1, "NtQuerySystemInformation": 1, "NtOpenKey": 9, "CoInitializeSecurity": 1, "NtAllocateVirtualMemory": 14, "CoInitializeEx": 1, "NtDuplicateObject": 2, "GetSystemTimeAsFileTime": 5, "NtClose": 26, "NtOpenSection": 1, "LdrGetDllHandle": 8, "DeviceIoControl": 1, "NtCreateSection": 2, "LdrGetProcedureAddress": 55, "NtQueryAttributesFile": 1, "NtQueryValueKey": 29}, "class": "benign", "name": "cttunesvr.exe"}