{"class": "malware", "name": "d007dcc5-ab20-11e6-b6d7-80e65024849a.file", "apistats": {"FindResourceW": 2, "GetNativeSystemInfo": 1, "FindResourceExW": 26, "NtOpenKey": 15, "NtDuplicateObject": 10, "NtProtectVirtualMemory": 4, "GetForegroundWindow": 27, "NtAllocateVirtualMemory": 25, "CreateActCtxW": 2, "NtQueryValueKey": 8, "NtMapViewOfSection": 22, "DrawTextExW": 6, "OleInitialize": 1, "LdrGetDllHandle": 56, "RegOpenKeyExW": 130, "NtSetValueKey": 23, "GetFileAttributesExW": 1, "GetKeyState": 26, "LdrGetProcedureAddress": 295, "GetSystemTimeAsFileTime": 24, "RegCloseKey": 83, "NtWriteFile": 52, "NtUnmapViewOfSection": 14, "NtFreeVirtualMemory": 15, "NtOpenMutant": 1, "SetErrorMode": 17, "SendNotifyMessageW": 3, "NtDelayExecution": 25, "LdrLoadDll": 50, "NtCreateFile": 15, "RegEnumValueW": 2, "CreateProcessInternalW": 1, "LoadStringW": 56, "NtOpenProcess": 17, "GetFileSize": 3, "CoUninitialize": 2, "GetFileAttributesW": 22, "RegOpenKeyExA": 5, "NtCreateKey": 21, "RegQueryValueExA": 9, "NtQueryKey": 2, "LoadResource": 26, "NtQueryAttributesFile": 7, "GlobalMemoryStatusEx": 1, "NtCreateSection": 9, "CoInitializeEx": 6, "SetFilePointer": 10, "GetSystemInfo": 3, "CreateDirectoryW": 9, "EnumWindows": 3, "SetFileTime": 1, "WSAStartup": 3, "GetSystemMetrics": 45, "SetEndOfFile": 1, "NtReadFile": 53, "NtCreateThreadEx": 1, "RegEnumKeyExW": 21, "RegEnumKeyW": 2, "RegQueryValueExW": 184, "NtOpenSection": 5, "GetSystemDirectoryW": 3, "SizeofResource": 3, "NtResumeThread": 1, "NtQuerySystemInformation": 1, "GetFileVersionInfoSizeW": 3, "GetCursorPos": 2, "IsDebuggerPresent": 1, "GetFileVersionInfoW": 3, "NtClose": 77, "CoCreateInstance": 2, "NtOpenKeyEx": 731, "GetSystemWindowsDirectoryW": 4, "LdrUnloadDll": 5}}