{"name": "d03e0f63-564b-11e7-92b4-80e65024849a.file", "apistats": {"NtWriteFile": 300, "NtUnmapViewOfSection": 3, "RegEnumKeyExW": 21, "NtOpenFile": 241, "GetDiskFreeSpaceExW": 76, "NtFreeVirtualMemory": 962, "GetForegroundWindow": 2, "GetSystemInfo": 1, "LoadResource": 31, "GetFileSize": 2, "CoInitializeEx": 1, "GetTempPathW": 3, "FindFirstFileExW": 564, "SearchPathW": 3, "LdrLoadDll": 22, "CreateDirectoryW": 2, "NtCreateFile": 169, "SetErrorMode": 460, "GetSystemDirectoryW": 1, "RegOpenKeyExW": 24, "NtQueryAttributesFile": 315, "GetTimeZoneInformation": 2, "SetUnhandledExceptionFilter": 1, "SizeofResource": 2, "NtProtectVirtualMemory": 8, "SetFilePointer": 174, "DrawTextExA": 1, "DrawTextExW": 96, "FindResourceA": 4, "SetFileTime": 76, "GetSystemDirectoryA": 1, "NtClose": 849, "NtQueryValueKey": 3, "RegQueryValueExA": 3, "CreateProcessInternalW": 1, "NtOpenKey": 6, "NtAllocateVirtualMemory": 563, "NtQueryInformationFile": 95, "NtMapViewOfSection": 5, "LdrGetDllHandle": 87, "GetFileType": 6, "NtOpenMutant": 2, "GetSystemMetrics": 134, "FindResourceExW": 30, "CopyFileA": 1, "NtSetInformationFile": 79, "FindResourceExA": 1, "NtReadFile": 743, "RegOpenKeyExA": 6, "RegCloseKey": 12, "LdrGetProcedureAddress": 523, "IsDebuggerPresent": 1, "SetWindowsHookExA": 1, "NtCreateSection": 2, "LoadStringW": 7, "LdrUnloadDll": 1, "SetEndOfFile": 2, "LoadStringA": 49, "NtOpenSection": 2, "GetSystemWindowsDirectoryW": 1, "CoUninitialize": 1, "RegQueryValueExW": 5}, "class": "malware"}