{"class": "malware", "apistats": {"NtQueryKey": 8, "LdrGetProcedureAddress": 4, "LdrGetDllHandle": 3, "NtAllocateVirtualMemory": 8, "GetNativeSystemInfo": 2, "NtMapViewOfSection": 1, "GetSystemInfo": 3, "NtOpenKeyEx": 9, "SizeofResource": 2, "NtCreateFile": 1, "FindResourceW": 2, "GetSystemTimeAsFileTime": 1, "NtCreateMutant": 2, "NtClose": 15, "LdrLoadDll": 14, "NtOpenKey": 1, "NtEnumerateValueKey": 1, "__exception__": 108, "NtQuerySystemInformation": 1, "CreateProcessInternalW": 1, "NtQueryValueKey": 1, "NtFreeVirtualMemory": 7, "LdrUnloadDll": 1, "NtProtectVirtualMemory": 5, "NtCreateSection": 1, "LoadResource": 2, "NtTerminateProcess": 3, "NtOpenDirectoryObject": 1, "SetUnhandledExceptionFilter": 1, "GetSystemDirectoryW": 3}, "name": "d043dde3-ce59-11e6-9fa4-80e65024849a.file"}