{"class": "malware", "name": "d0a696f0-ce59-11e6-934f-80e65024849a.file", "apistats": {"GetNativeSystemInfo": 4, "FindResourceExW": 11, "NtQueryInformationFile": 38, "SetUnhandledExceptionFilter": 2, "NtProtectVirtualMemory": 112, "FindWindowW": 1, "GetForegroundWindow": 2, "NtDeviceIoControlFile": 50, "NtOpenKey": 26, "LdrGetDllHandle": 44, "GetFileInformationByHandle": 3, "InternetConnectA": 1, "GetBestInterfaceEx": 6, "CreateActCtxW": 2, "InternetOpenA": 2, "RegSetValueExW": 41, "RegCreateKeyExA": 1, "DeleteFileW": 1, "SHGetFolderPathW": 2, "SetWindowsHookExW": 1, "socket": 6, "RegOpenKeyExW": 308, "GetKeyState": 3, "GetFileAttributesExW": 4, "LdrGetProcedureAddress": 350, "GetSystemTimeAsFileTime": 59, "DrawTextExA": 11, "CryptAcquireContextW": 1, "NtOpenFile": 39, "NtWriteFile": 1, "CreateThread": 7, "GetSystemDirectoryA": 17, "GetAddrInfoW": 2, "NtFreeVirtualMemory": 58, "SetErrorMode": 6, "FindFirstFileExW": 44, "NtDelayExecution": 13, "LdrLoadDll": 93, "NtCreateFile": 182, "GetUserNameExA": 2, "InternetCloseHandle": 1, "RegEnumValueW": 10, "RegEnumKeyExA": 13, "LoadStringW": 7, "NtOpenProcess": 10, "NtQueryKey": 6, "CoUninitialize": 10, "UuidCreate": 1, "NtCreateMutant": 6, "RegCreateKeyExW": 22, "InternetSetOptionA": 6, "GetTempPathW": 1, "NtOpenThread": 2, "RegQueryValueExA": 129, "RegDeleteValueW": 10, "NtQueryValueKey": 7, "LoadResource": 33, "GetUserNameExW": 2, "FindResourceA": 38, "WSAStartup": 10, "setsockopt": 6, "NtCreateSection": 6, "OpenServiceW": 1, "CoInitializeEx": 14, "NtOpenMutant": 1, "NtDuplicateObject": 5, "InternetCrackUrlA": 1, "HttpOpenRequestA": 1, "GetFileSizeEx": 2, "CreateDirectoryW": 9, "RegCloseKey": 217, "RegQueryValueExW": 308, "OpenSCManagerW": 1, "GetSystemInfo": 17, "GetSystemMetrics": 42, "RegOpenKeyExA": 34, "GetSystemWindowsDirectoryW": 3, "NtUnmapViewOfSection": 6, "NtReadFile": 3, "RegEnumKeyExW": 38, "GetTimeZoneInformation": 2, "UnhookWindowsHookEx": 1, "NtOpenSection": 5, "closesocket": 6, "SetWindowsHookExA": 2, "GetFileAttributesW": 23, "GetSystemDirectoryW": 3, "GetFileType": 3, "NtMapViewOfSection": 17, "GlobalMemoryStatusEx": 1, "SizeofResource": 17, "NtQueryDirectoryFile": 2, "NtResumeThread": 3, "RegQueryInfoKeyW": 4, "GetDiskFreeSpaceExW": 2, "GetCursorPos": 1, "GetAdaptersAddresses": 2, "NtClose": 263, "CoCreateInstance": 13, "NtAllocateVirtualMemory": 195, "NtCreateThreadEx": 1, "LdrUnloadDll": 28, "timeGetTime": 1}}