{"apistats": {"GetUserNameExW": 2, "CreateToolhelp32Snapshot": 1, "NtOpenSection": 5, "CoUninitialize": 1, "GetForegroundWindow": 1, "GetBestInterfaceEx": 2, "GetNativeSystemInfo": 1, "WSAStartup": 6, "NtTerminateProcess": 3, "GetFileVersionInfoSizeW": 1, "GetAdaptersAddresses": 1, "RegCloseKey": 45, "GetFileAttributesW": 1, "NtDelayExecution": 16, "GetVolumePathNamesForVolumeNameW": 6, "GetSystemMetrics": 3, "RegEnumKeyExA": 15, "GetFileSize": 2, "RegOpenKeyExW": 50, "IWbemServices_ExecQuery": 1, "SetErrorMode": 1, "NtAllocateVirtualMemory": 22, "RegOpenKeyExA": 4, "DeleteFileW": 2, "GetComputerNameW": 4, "FindResourceExA": 1, "GetFileSizeEx": 12, "CoCreateInstance": 14, "RegEnumKeyExW": 2, "CreateDirectoryW": 8, "FindResourceExW": 3, "NtCreateFile": 8, "GetSystemTimeAsFileTime": 3, "GlobalMemoryStatusEx": 1, "FindFirstFileExW": 1, "closesocket": 5, "GetFileInformationByHandleEx": 12, "LdrGetDllHandle": 17, "NtCreateSection": 2, "CoInitializeEx": 1, "LoadResource": 4, "InternetOpenA": 1, "CoInitializeSecurity": 1, "GetFileType": 2, "CreateProcessInternalW": 5, "NtQueryValueKey": 13, "RegCreateKeyExW": 7, "NtDuplicateObject": 1, "NtQueryKey": 2, "HttpOpenRequestA": 1, "GetSystemInfo": 1, "RegQueryValueExA": 1, "LdrGetProcedureAddress": 47, "IsDebuggerPresent": 1, "GetSystemWindowsDirectoryW": 7, "NtClose": 64, "NtOpenProcess": 2, "RegQueryValueExW": 42, "NtOpenDirectoryObject": 1, "Process32NextW": 33, "CreateActCtxW": 1, "RegEnumKeyW": 109, "InternetConnectA": 1, "InternetQueryOptionA": 1, "NtDeviceIoControlFile": 1, "NtReadFile": 40, "NtWriteFile": 3, "NtMapViewOfSection": 3, "Process32FirstW": 1, "CoGetClassObject": 2, "LdrUnloadDll": 2, "NtQuerySystemInformation": 1, "OleInitialize": 1, "NtOpenFile": 12, "CreateThread": 1, "GetSystemDirectoryW": 3, "RegQueryInfoKeyW": 1, "SetFilePointer": 46, "NtUnmapViewOfSection": 1, "NtQueryDirectoryFile": 7, "SetUnhandledExceptionFilter": 1, "NtFreeVirtualMemory": 2, "GetVolumeNameForVolumeMountPointW": 3, "CoCreateInstanceEx": 3, "NtCreateMutant": 2, "NtProtectVirtualMemory": 20, "GetAddrInfoW": 1, "setsockopt": 5, "RegDeleteValueW": 3, "socket": 5, "RegSetValueExW": 14, "NtOpenKey": 22, "InternetCrackUrlW": 2, "GetTempPathW": 1, "LoadStringW": 2, "GetFileVersionInfoW": 1, "LdrLoadDll": 12, "InternetCrackUrlA": 1, "UuidCreate": 1}, "name": "d0b33af0-c2b4-11e6-996f-80e65024849a.file", "class": "malware"}