{"apistats": {"NtReadFile": 251, "CoInitializeEx": 6, "NtProtectVirtualMemory": 6, "NtClose": 14, "RegDeleteKeyW": 1, "GetFileAttributesW": 2, "CreateDirectoryW": 1, "GetForegroundWindow": 105, "NtFreeVirtualMemory": 3, "FindResourceW": 1, "GetKeyState": 65, "GetSystemWindowsDirectoryW": 1, "CreateProcessInternalW": 1, "NtCreateKey": 98, "RegCloseKey": 83, "CoUninitialize": 2, "GetFileSize": 4, "SetEndOfFile": 1, "DrawTextExW": 6, "FindWindowW": 2, "RegQueryValueExW": 184, "EnumWindows": 6, "NtQueryAttributesFile": 6, "CoCreateInstance": 2, "LdrGetProcedureAddress": 14, "NtOpenKey": 1, "NtOpenSection": 5, "FindResourceExW": 26, "LoadStringW": 33, "SetFileTime": 1, "GlobalMemoryStatusEx": 1, "NtOpenMutant": 1, "SizeofResource": 1, "RegOpenKeyExW": 4, "RegEnumValueW": 2, "NtWriteFile": 1, "LdrGetDllHandle": 6, "NtSetValueKey": 102, "NtDuplicateObject": 10, "NtDelayExecution": 59, "GetCursorPos": 8, "NtQueryValueKey": 2, "GetFileAttributesExW": 1, "GetFileVersionInfoW": 3, "LdrLoadDll": 6, "NtCreateSection": 5, "NtAllocateVirtualMemory": 11, "CreateActCtxW": 2, "WSAStartup": 3, "NtOpenKeyEx": 3061, "NtMapViewOfSection": 6, "GetSystemDirectoryW": 3, "GetFileVersionInfoSizeW": 3, "LdrUnloadDll": 5, "NtCreateThreadEx": 1, "NtUnmapViewOfSection": 14, "NtResumeThread": 1, "NtCreateFile": 10, "OleInitialize": 1, "SetFilePointer": 10, "RegEnumKeyExW": 21, "RegOpenKeyExA": 5, "SetErrorMode": 2, "SendNotifyMessageW": 3, "RegQueryValueExA": 9, "NtOpenProcess": 17, "NtQuerySystemInformation": 1, "GetSystemInfo": 2, "NtQueryKey": 2, "GetSystemMetrics": 6, "RegEnumKeyW": 2, "GetSystemTimeAsFileTime": 24, "LoadResource": 1, "GetNativeSystemInfo": 1, "IsDebuggerPresent": 1}, "class": "malware", "name": "d1503f85-ab20-11e6-87ef-80e65024849a.file"}