{"class": "malware", "apistats": {"RegQueryValueExA": 1, "DrawTextExW": 18, "LdrGetDllHandle": 11, "SizeofResource": 1, "NtAllocateVirtualMemory": 5, "NtQuerySystemInformation": 1, "CreateActCtxW": 2, "GlobalMemoryStatusEx": 1, "NtCreateFile": 1, "RegCloseKey": 1, "SetErrorMode": 2, "NtClose": 10, "LdrLoadDll": 7, "NtOpenKey": 5, "FindResourceA": 2, "LoadResource": 26, "GetSystemWindowsDirectoryW": 2, "LdrGetProcedureAddress": 72, "FindResourceExW": 25, "GetSystemMetrics": 109, "RegOpenKeyExA": 6, "LoadStringA": 96, "NtMapViewOfSection": 1, "NtCreateSection": 1, "NtQueryAttributesFile": 4, "RegOpenKeyExW": 1, "NtQueryValueKey": 6}, "name": "d1b24f68-dac6-11e7-8a53-80e65024849a.file"}