{"class": "malware", "apistats": {"NtQueryKey": 8, "GetSystemWindowsDirectoryW": 1, "GetBestInterfaceEx": 8, "NtCreateFile": 22, "NtOpenProcess": 9, "NtOpenKey": 18, "GetForegroundWindow": 1, "NtOpenMutant": 1, "FindResourceExW": 7, "InternetConnectA": 1, "RegOpenKeyExA": 30, "LdrUnloadDll": 8, "RegCreateKeyExW": 28, "CoUninitialize": 12, "closesocket": 10, "LdrGetProcedureAddress": 129, "InternetOpenA": 1, "GlobalMemoryStatusEx": 1, "NtAllocateVirtualMemory": 87, "GetCursorPos": 1, "CoCreateInstance": 15, "GetSystemTimeAsFileTime": 58, "HttpOpenRequestA": 1, "GetAddrInfoW": 3, "NtCreateThreadEx": 1, "GetFileType": 3, "DrawTextExA": 145, "NtFreeVirtualMemory": 6, "RegCloseKey": 203, "NtProtectVirtualMemory": 120, "RegSetValueExW": 55, "RegDeleteValueW": 13, "NtDeviceIoControlFile": 78, "CoInitializeEx": 16, "RegEnumKeyExW": 39, "RegEnumValueW": 8, "NtMapViewOfSection": 9, "CreateDirectoryW": 9, "RegQueryValueExW": 310, "WSAStartup": 15, "NtDuplicateObject": 4, "NtClose": 145, "GetAdaptersAddresses": 3, "socket": 10, "InternetCrackUrlA": 1, "InternetSetOptionA": 3, "LoadStringW": 7, "RegQueryInfoKeyW": 4, "LoadResource": 25, "NtQueryValueKey": 5, "NtOpenSection": 3, "GetUserNameExA": 2, "GetTimeZoneInformation": 2, "RegOpenKeyExW": 291, "RegQueryValueExA": 93, "LdrGetDllHandle": 19, "GetSystemInfo": 5, "NtDelayExecution": 576, "SizeofResource": 19, "GetUserNameExW": 2, "SetWindowsHookExA": 2, "NtResumeThread": 2, "NtCreateMutant": 3, "GetFileAttributesW": 13, "FindResourceA": 24, "RegCreateKeyExA": 1, "setsockopt": 10, "GetSystemMetrics": 18, "SetErrorMode": 2, "NtCreateSection": 4, "NtUnmapViewOfSection": 2, "SetUnhandledExceptionFilter": 2, "CreateThread": 4, "GetSystemDirectoryW": 2, "LdrLoadDll": 44}, "name": "d1eca64a-3d1b-11e7-af49-80e65024849a.file"}