{"name": "d24b35a3-ce59-11e6-9509-80e65024849a.file", "apistats": {"FindResourceExA": 1, "GetSystemMetrics": 3, "LdrLoadDll": 2, "NtMapViewOfSection": 2, "LdrGetProcedureAddress": 4, "NtClose": 4, "NtCreateFile": 1, "NtQueryValueKey": 1, "IsDebuggerPresent": 1, "NtCreateSection": 1, "NtQueryInformationFile": 1, "NtAllocateVirtualMemory": 5, "LdrGetDllHandle": 1, "NtDeviceIoControlFile": 1, "CopyFileExW": 1, "GetCursorPos": 19628, "FindWindowW": 1, "GetSystemWindowsDirectoryW": 1, "DeleteFileW": 13508, "MoveFileWithProgressW": 7377}, "class": "malware"}