{"class": "malware", "apistats": {"NtQueryKey": 12, "DrawTextExW": 71, "GetBestInterfaceEx": 8, "CreateActCtxW": 2, "NtCreateFile": 3, "LdrUnloadDll": 1, "NtOpenProcess": 5, "GetFileVersionInfoSizeW": 1, "NtOpenKey": 23, "NtOpenMutant": 1, "FindResourceExW": 39, "RegOpenKeyExA": 106, "HttpSendRequestW": 1, "RegCreateKeyExW": 42, "CoUninitialize": 21, "closesocket": 16, "LdrGetProcedureAddress": 281, "NtAllocateVirtualMemory": 56, "InternetConnectW": 1, "GetCursorPos": 16, "SetWindowsHookExA": 1, "GetSystemTimeAsFileTime": 35, "LdrLoadDll": 48, "GetAddrInfoW": 5, "EnumWindows": 1, "WSAStartup": 20, "NtCreateThreadEx": 1, "RegOpenKeyExW": 436, "DrawTextExA": 5, "NtFreeVirtualMemory": 5, "RegCloseKey": 289, "NtProtectVirtualMemory": 192, "UuidCreate": 1, "RegSetValueExW": 80, "InternetOpenW": 1, "NtDeviceIoControlFile": 113, "NtQueryAttributesFile": 4, "IsDebuggerPresent": 2, "CoInitializeEx": 24, "RegEnumKeyExW": 43, "RegEnumValueW": 8, "GetSystemMetrics": 1086, "GetNativeSystemInfo": 1, "NtMapViewOfSection": 8, "GlobalMemoryStatusEx": 3, "LoadStringA": 107, "NtDuplicateObject": 6, "NtClose": 188, "RegEnumKeyExA": 2, "GetAdaptersAddresses": 5, "socket": 16, "InternetSetOptionA": 19, "RegQueryValueExW": 329, "LoadStringW": 7, "RegQueryInfoKeyW": 4, "InternetQueryOptionA": 1, "LoadResource": 42, "NtQueryValueKey": 10, "RegDeleteValueW": 19, "NtOpenSection": 6, "GetSystemWindowsDirectoryW": 1, "GetUserNameExA": 2, "CoCreateInstance": 34, "GetFileVersionInfoW": 1, "RegEnumValueA": 138, "RegQueryValueExA": 159, "LdrGetDllHandle": 26, "NtQuerySystemInformation": 1, "GetSystemInfo": 4, "SizeofResource": 5, "GetUserNameExW": 4, "NtResumeThread": 2, "NtCreateMutant": 2, "InternetSetStatusCallback": 1, "GetFileAttributesW": 1, "FindResourceA": 10, "HttpOpenRequestW": 1, "RegCreateKeyExA": 1, "SetWindowsHookExW": 2, "GetSystemDirectoryW": 2, "DeviceIoControl": 1, "SetErrorMode": 4, "NtCreateSection": 4, "NtUnmapViewOfSection": 3, "setsockopt": 14, "CreateThread": 1}, "name": "d2656aa8-c2b4-11e6-ba99-80e65024849a.file"}