{"apistats": {"CreateToolhelp32Snapshot": 1, "GetNativeSystemInfo": 1, "GetForegroundWindow": 1, "LdrUnloadDll": 1, "GetSystemInfo": 1, "RegQueryValueExA": 3, "IsDebuggerPresent": 1, "GetSystemWindowsDirectoryW": 1, "NtClose": 19, "FindWindowA": 14, "NtFreeVirtualMemory": 27, "Process32NextW": 1, "NtDelayExecution": 93, "NtReadFile": 1, "RegOpenKeyExA": 4, "NtMapViewOfSection": 1, "Process32FirstW": 1, "NtQuerySystemInformation": 16, "NtAllocateVirtualMemory": 40, "CreateThread": 25, "SetFilePointer": 1, "timeGetTime": 5090, "NtQueryDirectoryFile": 2, "SetUnhandledExceptionFilter": 1, "__exception__": 111, "NtCreateFile": 6, "GetSystemDirectoryA": 2, "FindFirstFileExW": 1, "NtProtectVirtualMemory": 10, "LdrGetDllHandle": 24, "NtCreateSection": 1, "RegCloseKey": 2, "NtOpenKey": 4, "LdrGetProcedureAddress": 26, "LdrLoadDll": 11, "NtTerminateProcess": 3, "OutputDebugStringA": 1, "NtQueryValueKey": 4}, "name": "d2a241f8-dac6-11e7-95da-80e65024849a.file", "class": "malware"}