{"class": "malware", "name": "d3404a8c-ab20-11e6-a3df-80e65024849a.file", "apistats": {"GetNativeSystemInfo": 2, "FindResourceExW": 4, "NtOpenKey": 36, "NtProtectVirtualMemory": 60, "InternetCrackUrlW": 1, "GetForegroundWindow": 1, "NtDeviceIoControlFile": 22, "socket": 3, "GetBestInterfaceEx": 2, "CreateActCtxW": 1, "GetFileInformationByHandleEx": 12, "RegSetValueExW": 14, "NtQueryDirectoryFile": 7, "DeleteFileW": 2, "OleInitialize": 1, "LdrGetDllHandle": 12, "RegOpenKeyExW": 497, "InternetQueryOptionA": 1, "LdrGetProcedureAddress": 94, "GetSystemTimeAsFileTime": 43, "NtOpenFile": 2, "NtWriteFile": 10, "GetVolumeNameForVolumeMountPointW": 3, "GetAddrInfoW": 1, "NtFreeVirtualMemory": 8, "SetErrorMode": 1, "GetFileSizeEx": 12, "NtMapViewOfSection": 5, "GetFileSize": 1, "GetVolumePathNamesForVolumeNameW": 6, "LdrLoadDll": 30, "NtCreateFile": 56, "FindFirstFileExW": 1, "NtAllocateVirtualMemory": 50, "InternetSetOptionA": 2, "RegQueryValueExA": 1, "LoadStringW": 1, "NtOpenProcess": 14, "NtQueryValueKey": 11, "CoUninitialize": 19, "GetFileAttributesW": 73, "NtCreateMutant": 3, "RegCreateKeyExW": 7, "GetTempPathW": 1, "closesocket": 3, "NtQueryKey": 4, "InternetConnectW": 1, "LoadResource": 4, "WSAStartup": 4, "setsockopt": 3, "NtCreateSection": 3, "LdrUnloadDll": 1, "SetFilePointer": 9, "NtDuplicateObject": 7, "HttpOpenRequestW": 1, "CreateDirectoryW": 14, "RegCloseKey": 358, "SetFileTime": 4, "GetSystemMetrics": 3, "RegOpenKeyExA": 5, "NtUnmapViewOfSection": 1, "NtReadFile": 206, "GlobalMemoryStatusEx": 1, "RegEnumKeyW": 109, "RegQueryValueExW": 2234, "NtOpenSection": 5, "GetSystemDirectoryW": 2, "CreateThread": 1, "InternetOpenW": 1, "NtQuerySystemInformation": 1, "RegDeleteValueW": 9, "GetAdaptersAddresses": 1, "NtClose": 131, "CoCreateInstance": 7, "GetSystemWindowsDirectoryW": 7, "CoInitializeEx": 20, "RegEnumKeyExW": 2}}