{"apistats": {"GetUserNameExW": 2, "NtOpenSection": 5, "CoUninitialize": 18, "GetForegroundWindow": 2, "GetBestInterfaceEx": 6, "NtDuplicateObject": 5, "WSAStartup": 18, "GetFileAttributesExW": 4, "GetUserNameExA": 2, "GetAdaptersAddresses": 4, "RegCloseKey": 243, "GetFileAttributesW": 23, "setsockopt": 12, "GetSystemMetrics": 42, "RegEnumKeyExA": 13, "NtCreateThreadEx": 1, "InternetCloseHandle": 1, "RegOpenKeyExW": 332, "NtDelayExecution": 15, "SetErrorMode": 6, "NtAllocateVirtualMemory": 190, "GetFileInformationByHandle": 3, "RegOpenKeyExA": 34, "DeleteFileW": 1, "GetNativeSystemInfo": 4, "GetCursorPos": 1, "NtResumeThread": 3, "SHGetFolderPathW": 2, "CoCreateInstance": 23, "RegEnumKeyExW": 42, "CryptAcquireContextW": 1, "CreateDirectoryW": 9, "FindResourceExW": 11, "NtCreateFile": 182, "GetSystemTimeAsFileTime": 67, "GlobalMemoryStatusEx": 1, "FindFirstFileExW": 44, "closesocket": 12, "RegEnumValueW": 10, "NtCreateSection": 6, "InternetSetOptionA": 6, "GetTimeZoneInformation": 2, "SetWindowsHookExA": 2, "LoadResource": 33, "InternetOpenA": 2, "FindResourceA": 38, "SetWindowsHookExW": 1, "GetFileType": 3, "NtQueryInformationFile": 38, "NtOpenKey": 26, "NtClose": 310, "RegCreateKeyExW": 36, "LdrUnloadDll": 28, "NtOpenMutant": 1, "NtQueryKey": 10, "HttpOpenRequestA": 1, "GetSystemInfo": 17, "RegQueryValueExA": 129, "FindWindowW": 1, "OpenServiceW": 1, "GetSystemWindowsDirectoryW": 3, "NtQueryValueKey": 7, "RegCreateKeyExA": 1, "NtOpenProcess": 10, "RegQueryValueExW": 359, "DrawTextExA": 11, "NtFreeVirtualMemory": 57, "NtMapViewOfSection": 15, "SizeofResource": 17, "CreateActCtxW": 2, "UnhookWindowsHookEx": 1, "GetFileSizeEx": 2, "InternetConnectA": 1, "NtDeviceIoControlFile": 92, "NtReadFile": 3, "NtWriteFile": 1, "LdrGetDllHandle": 44, "GetKeyState": 3, "NtOpenFile": 39, "CreateThread": 7, "NtUnmapViewOfSection": 5, "RegQueryInfoKeyW": 4, "GetSystemDirectoryW": 3, "timeGetTime": 1, "NtQueryDirectoryFile": 2, "SetUnhandledExceptionFilter": 2, "GetSystemDirectoryA": 17, "NtCreateMutant": 6, "NtProtectVirtualMemory": 114, "GetAddrInfoW": 4, "CoInitializeEx": 22, "RegDeleteValueW": 16, "GetTempPathW": 1, "socket": 12, "RegSetValueExW": 69, "LoadStringW": 7, "OpenSCManagerW": 1, "LdrGetProcedureAddress": 350, "NtOpenThread": 2, "GetDiskFreeSpaceExW": 2, "LdrLoadDll": 93, "InternetCrackUrlA": 1, "UuidCreate": 1}, "name": "d3840880-f41a-11e6-8b86-80e65024849a.file", "class": "malware"}