{"class": "malware", "name": "d384b1ba-fbf0-11e6-8d3c-80e65024849a.file", "apistats": {"GetNativeSystemInfo": 2, "FindResourceExW": 11, "NtOpenKey": 12, "gethostbyname": 1, "SetUnhandledExceptionFilter": 1, "GetAsyncKeyState": 12, "NtDeviceIoControlFile": 12, "NtQueryInformationFile": 1, "LoadResource": 40, "FindResourceA": 32, "RtlAddVectoredExceptionHandler": 1, "WSAStartup": 2, "GlobalMemoryStatusEx": 1, "GetBestInterfaceEx": 2, "NtCreateSection": 1, "DrawTextExW": 22, "CoInitializeEx": 1, "NtOpenFile": 1, "GetSystemInfo": 3, "LdrGetDllHandle": 36, "GetSystemMetrics": 45, "RegOpenKeyExW": 94, "RegCloseKey": 43, "RegQueryValueExW": 267, "NtDuplicateObject": 2, "GetSystemTimeAsFileTime": 1, "CreateThread": 4, "RegEnumKeyExW": 21, "OpenSCManagerA": 1, "NtUnmapViewOfSection": 2, "NtOpenSection": 2, "getaddrinfo": 1, "NtFreeVirtualMemory": 2, "LookupPrivilegeValueW": 12, "NtClose": 55, "RegSetValueExW": 1, "NtMapViewOfSection": 5, "LdrLoadDll": 41, "NtCreateFile": 5, "SizeofResource": 32, "LdrGetProcedureAddress": 847, "GetSystemDirectoryW": 4, "DeviceIoControl": 2, "NtAllocateVirtualMemory": 32, "NtResumeThread": 1, "NtQuerySystemInformation": 1, "RegQueryValueExA": 13, "LoadStringW": 7, "NtOpenProcess": 2, "SHGetFolderPathW": 1, "NtQueryValueKey": 8, "NtOpenMutant": 1, "RegOpenKeyExA": 5, "GetAdaptersAddresses": 2, "GetFileAttributesW": 4, "NtCreateThreadEx": 1, "NtProtectVirtualMemory": 2, "RegCreateKeyExW": 8}}