{"apistats": {"GetUserNameExW": 2, "NtOpenSection": 3, "CoUninitialize": 16, "RegCloseKey": 216, "GetBestInterfaceEx": 8, "NtDuplicateObject": 4, "WSAStartup": 18, "GetUserNameExA": 2, "GetAdaptersAddresses": 4, "GetForegroundWindow": 1, "GetFileAttributesW": 13, "GetSystemMetrics": 18, "NtCreateThreadEx": 1, "RegOpenKeyExW": 303, "NtDelayExecution": 575, "SetErrorMode": 2, "NtAllocateVirtualMemory": 100, "RegOpenKeyExA": 30, "GetCursorPos": 1, "NtResumeThread": 2, "setsockopt": 12, "CoCreateInstance": 20, "RegEnumKeyExW": 41, "CreateDirectoryW": 9, "FindResourceExW": 7, "NtCreateFile": 22, "GetSystemTimeAsFileTime": 62, "GlobalMemoryStatusEx": 1, "closesocket": 12, "RegEnumValueW": 8, "LdrGetDllHandle": 19, "NtCreateSection": 4, "InternetSetOptionA": 3, "SetWindowsHookExA": 2, "GetTimeZoneInformation": 2, "LoadResource": 28, "InternetOpenA": 1, "GetFileType": 3, "RegSetValueExW": 69, "NtClose": 165, "RegCreateKeyExW": 35, "LdrUnloadDll": 8, "NtOpenMutant": 1, "NtQueryKey": 10, "HttpOpenRequestA": 1, "GetSystemInfo": 5, "RegQueryValueExA": 93, "GetSystemWindowsDirectoryW": 1, "NtQueryValueKey": 5, "RegCreateKeyExA": 1, "NtOpenProcess": 9, "RegQueryValueExW": 337, "DrawTextExA": 144, "NtFreeVirtualMemory": 6, "SizeofResource": 22, "InternetConnectA": 1, "NtDeviceIoControlFile": 95, "NtMapViewOfSection": 9, "CreateThread": 4, "NtUnmapViewOfSection": 2, "RegQueryInfoKeyW": 4, "GetSystemDirectoryW": 2, "LoadStringW": 7, "NtCreateMutant": 3, "NtProtectVirtualMemory": 114, "GetAddrInfoW": 4, "CoInitializeEx": 20, "RegDeleteValueW": 16, "socket": 12, "SetUnhandledExceptionFilter": 2, "NtOpenKey": 18, "LdrGetProcedureAddress": 129, "LdrLoadDll": 44, "InternetCrackUrlA": 1, "FindResourceA": 27}, "name": "d3cdc13a-0f10-11e7-a343-80e65024849a.file", "class": "malware"}