{"class": "malware", "name": "d53b088f-c447-11e6-b9c9-80e65024849a.file", "apistats": {"GetNativeSystemInfo": 1, "NtOpenKey": 4, "NtDuplicateObject": 10, "NtProtectVirtualMemory": 6, "GetForegroundWindow": 18, "NtAllocateVirtualMemory": 3, "NtQueryInformationFile": 1, "CreateActCtxW": 2, "GetFileInformationByHandleEx": 1, "RegSetValueExW": 8, "NtQueryDirectoryFile": 1, "NtMapViewOfSection": 14, "SHGetFolderPathW": 2, "OleInitialize": 1, "LdrGetDllHandle": 4, "GetVolumePathNamesForVolumeNameW": 6, "RegOpenKeyExW": 3, "NtSetValueKey": 12, "GetFileAttributesExW": 4, "SetUnhandledExceptionFilter": 1, "GetKeyState": 6, "LdrGetProcedureAddress": 4, "GetSystemTimeAsFileTime": 2, "EnumWindows": 2, "NtOpenFile": 1, "GetFileSizeEx": 1, "NtOpenThread": 1, "NtUnmapViewOfSection": 12, "NtFreeVirtualMemory": 3, "SetErrorMode": 3, "SendNotifyMessageW": 1, "NtDelayExecution": 19, "LdrLoadDll": 33, "NtCreateFile": 1, "FindFirstFileExW": 6, "CreateProcessInternalW": 1, "LoadStringW": 22, "NtOpenProcess": 2, "NtQueryKey": 315, "CoUninitialize": 2, "CreateServiceA": 1, "GetFileAttributesW": 5, "StartServiceA": 1, "NtCreateMutant": 4, "NtTerminateProcess": 3, "NtCreateKey": 10, "SetStdHandle": 4, "OpenSCManagerA": 1, "NtQueryValueKey": 3, "GetUserNameExW": 1, "CopyFileA": 1, "NtCreateSection": 5, "LdrUnloadDll": 1, "GetSystemInfo": 1, "CreateDirectoryW": 1, "RegCloseKey": 2, "GetVolumeNameForVolumeMountPointW": 3, "GetSystemMetrics": 2, "RegOpenKeyExA": 6, "GetSystemWindowsDirectoryW": 9, "NtReadFile": 9, "RegEnumKeyExW": 12, "RegEnumKeyW": 22, "RegQueryValueExW": 14, "NtOpenSection": 12, "RegSetValueExA": 1, "DeleteFileW": 1, "GetSystemDirectoryW": 4, "GetFileType": 2, "GetShortPathNameW": 1, "NtResumeThread": 2, "GetCursorPos": 1, "ShellExecuteExW": 1, "NtClose": 15, "CoCreateInstance": 4, "NtOpenKeyEx": 195, "NtCreateThreadEx": 1, "CoInitializeEx": 2}}