{"apistats": {"CreateToolhelp32Snapshot": 1, "GetNativeSystemInfo": 2, "RegCloseKey": 2, "RegQueryValueExA": 39, "WSAStartup": 1, "LookupPrivilegeValueW": 8, "NtQueryValueKey": 3, "RegCreateKeyExA": 1, "GetFileAttributesW": 2, "RegQueryValueExW": 14, "NtMapViewOfSection": 2, "Process32NextW": 31, "RegEnumKeyExA": 13, "CreateActCtxW": 4, "RegOpenKeyExW": 3, "SetErrorMode": 1, "NtReadFile": 2, "RegOpenKeyExA": 349, "LdrGetDllHandle": 2, "Process32FirstW": 1, "NtAllocateVirtualMemory": 2, "NtOpenFile": 3, "NtQueryDirectoryFile": 6, "NtOpenKey": 4, "GetUserNameA": 1, "GetTempPathW": 1, "NtCreateFile": 75, "GetSystemTimeAsFileTime": 2, "NtQueryAttributesFile": 1, "FindFirstFileExW": 5, "NtCreateMutant": 1, "NtProtectVirtualMemory": 18, "SHGetFolderPathW": 76, "NtCreateSection": 2, "SetUnhandledExceptionFilter": 1, "OpenServiceW": 2, "NtFreeVirtualMemory": 2, "OpenSCManagerW": 1, "LdrGetProcedureAddress": 4, "NtOpenThread": 1, "RegSetValueExA": 1, "StartServiceA": 1, "GetFileType": 6, "NtOpenKeyEx": 2, "LdrLoadDll": 13, "GetSystemWindowsDirectoryW": 1, "OleInitialize": 1, "UuidCreate": 1, "NtQueryInformationFile": 2, "CreateProcessInternalW": 1, "WriteConsoleW": 1, "NtClose": 8}, "name": "d5c592ab-3c5f-11e7-99fa-80e65024849a.file", "class": "malware"}