{"class": "malware", "name": "d84a4b0f-e9b5-11e7-9388-80e65024849a.file", "apistats": {"NtOpenKey": 2, "SetUnhandledExceptionFilter": 1, "NtProtectVirtualMemory": 48, "NtAllocateVirtualMemory": 423, "GetFileSize": 7, "GetFileInformationByHandle": 4, "CreateActCtxW": 3, "NtQueryAttributesFile": 3, "GlobalMemoryStatusEx": 6, "NtQueryDirectoryFile": 2, "NtMapViewOfSection": 15, "NtCreateSection": 13, "SHGetFolderPathW": 2, "LdrUnloadDll": 3, "NtOpenMutant": 1, "GetSystemInfo": 63, "LdrGetDllHandle": 87, "RegOpenKeyExW": 65, "IsDebuggerPresent": 1, "NtOpenDirectoryObject": 1, "RegCloseKey": 37, "RtlAddVectoredContinueHandler": 1, "NtDuplicateObject": 1, "GetSystemTimeAsFileTime": 5, "GetFileAttributesExW": 6, "GetSystemWindowsDirectoryW": 2, "NtUnmapViewOfSection": 5, "NtReadFile": 10, "RegEnumKeyExW": 14, "RegQueryValueExW": 86, "CreateThread": 4, "NtOpenSection": 2, "GlobalMemoryStatus": 1, "NtFreeVirtualMemory": 163, "NtClose": 38, "GetFileVersionInfoSizeW": 1, "SetErrorMode": 38, "GetSystemDirectoryW": 4, "FindFirstFileExW": 13, "NtDelayExecution": 51, "LdrLoadDll": 24, "NtCreateFile": 80, "LdrGetProcedureAddress": 234, "GetShortPathNameW": 1, "NtResumeThread": 4, "RegQueryInfoKeyW": 3, "RegEnumValueW": 3, "NtQuerySystemInformation": 1, "LoadStringW": 4, "NtOpenProcess": 2, "NtQueryValueKey": 2, "GetFileVersionInfoW": 1, "RegOpenKeyExA": 1, "GetFileAttributesW": 24, "NtOpenKeyEx": 2, "NtCreateMutant": 4, "CoInitializeEx": 4}}