{"class": "malware", "name": "d875f6de-9b65-11e6-ab65-80e65024849a.file", "apistats": {"WriteProcessMemory": 8, "GetNativeSystemInfo": 1, "NtOpenKey": 903, "GetTempPathW": 1, "GetFileAttributesW": 6, "NtDuplicateObject": 1, "NtProtectVirtualMemory": 21, "FindWindowW": 1, "NtAllocateVirtualMemory": 50, "NtMapViewOfSection": 2, "GetFileSize": 2, "GetUserNameA": 589, "LoadResource": 1, "FindResourceA": 1, "CreateToolhelp32Snapshot": 10, "NtQueryInformationFile": 1, "RegCreateKeyExA": 1, "FindFirstFileExW": 1, "NtCreateSection": 2, "SHGetFolderPathW": 32, "LdrUnloadDll": 1, "GetSystemInfo": 1, "LdrGetDllHandle": 4, "NtWriteFile": 1, "CreateDirectoryW": 1, "RegCloseKey": 7, "MoveFileWithProgressW": 1, "LdrGetProcedureAddress": 226, "GetSystemTimeAsFileTime": 1, "FindWindowA": 2344, "NtReadFile": 2, "NtOpenFile": 1309, "FindResourceExA": 1, "NtUnmapViewOfSection": 30, "GetDiskFreeSpaceW": 1, "RegSetValueExA": 1, "NtFreeVirtualMemory": 103, "LookupPrivilegeValueW": 3, "SetErrorMode": 1, "DeleteFileW": 1, "LdrLoadDll": 18, "NtCreateFile": 34, "SizeofResource": 1, "NtResumeThread": 1, "RegQueryValueExA": 5, "Process32NextW": 168, "NtOpenProcess": 9, "NtQueryValueKey": 740, "CreateJobObjectW": 1, "RegOpenKeyExA": 5, "NtClose": 1839, "NtCreateMutant": 2, "NtCreateThreadEx": 1, "Process32FirstW": 10}}