{"class": "malware", "apistats": {"DrawTextExW": 18431, "NtMapViewOfSection": 2, "RegQueryValueExW": 5, "LoadStringA": 19, "NtClose": 20, "NtOpenKey": 5, "SearchPathW": 2, "LoadResource": 5, "NtOpenMutant": 1, "FindResourceExW": 7, "NtQueryValueKey": 5, "RegOpenKeyExA": 2, "OleInitialize": 1, "NtOpenSection": 2, "RegOpenKeyExW": 19, "LdrGetProcedureAddress": 107, "LdrGetDllHandle": 4, "NtAllocateVirtualMemory": 34, "GetSystemInfo": 1, "SetWindowsHookExA": 1, "SetErrorMode": 3, "LdrLoadDll": 8, "GetFileAttributesW": 3, "LoadStringW": 5, "RegEnumKeyExW": 21, "GetSystemMetrics": 184278, "NtFreeVirtualMemory": 1, "RegCloseKey": 8, "NtProtectVirtualMemory": 3, "NtUnmapViewOfSection": 2, "CoInitializeEx": 1, "GetSystemDirectoryW": 1}, "name": "d88451fd-f7ad-11e7-9154-80e65024849a.file"}