{"apistats": {"GetSystemInfo": 48, "IsDebuggerPresent": 2, "NtQueryDirectoryFile": 9, "NtProtectVirtualMemory": 64, "LdrLoadDll": 25, "RegCloseKey": 21, "CryptExportKey": 5, "GetSystemTimeAsFileTime": 15, "NtOpenProcess": 4, "GetFileVersionInfoW": 3, "NtClose": 45, "NtQueryKey": 7, "NtOpenKeyEx": 8, "CryptCreateHash": 5, "NtOpenFile": 13, "GlobalMemoryStatusEx": 2, "NtQuerySystemInformation": 3, "NtOpenKey": 7, "CoInitializeEx": 2, "GetFileAttributesW": 8, "GetSystemDirectoryW": 3, "LdrUnloadDll": 4, "RtlAddVectoredExceptionHandler": 1, "NtCreateSection": 7, "GetSystemWindowsDirectoryW": 1, "GetShortPathNameW": 1, "NtReadFile": 10, "CryptAcquireContextW": 1, "GetFileInformationByHandle": 3, "RegEnumValueW": 5, "CryptHashData": 5, "NtUnmapViewOfSection": 4, "NtResumeThread": 3, "RegEnumKeyExW": 58, "NtCreateFile": 17, "NtFreeVirtualMemory": 106, "NtCreateThreadEx": 1, "RegQueryValueExW": 32, "CreateThread": 2, "RegQueryInfoKeyW": 2, "NtAllocateVirtualMemory": 383, "GetFileSize": 2, "NtMapViewOfSection": 9, "NtOpenDirectoryObject": 1, "NtCreateMutant": 5, "NtDuplicateObject": 4, "GetFileVersionInfoSizeW": 3, "RegOpenKeyExW": 38, "SetUnhandledExceptionFilter": 1, "SetErrorMode": 14, "LdrGetDllHandle": 32, "NtQueryValueKey": 11, "LdrGetProcedureAddress": 157, "GetFileAttributesExW": 9}, "class": "benign", "name": "DeviceMetadataWizard.exe"}