{"apistats": {"GetSystemInfo": 49, "IsDebuggerPresent": 2, "NtQueryDirectoryFile": 9, "NtProtectVirtualMemory": 64, "LdrLoadDll": 25, "RtlAddVectoredExceptionHandler": 1, "GetSystemTimeAsFileTime": 15, "GetFileVersionInfoW": 3, "SetUnhandledExceptionFilter": 1, "NtQueryKey": 7, "NtOpenKeyEx": 8, "NtOpenProcess": 4, "NtOpenFile": 13, "GlobalMemoryStatusEx": 2, "NtQuerySystemInformation": 3, "NtOpenKey": 7, "CoInitializeEx": 2, "GetFileAttributesW": 8, "GetSystemDirectoryW": 3, "LdrUnloadDll": 4, "NtCreateSection": 7, "LdrGetDllHandle": 32, "GetShortPathNameW": 1, "NtReadFile": 10, "GetFileInformationByHandle": 3, "RegEnumValueW": 5, "NtUnmapViewOfSection": 4, "NtResumeThread": 3, "RegEnumKeyExW": 58, "NtCreateFile": 17, "NtFreeVirtualMemory": 119, "NtCreateThreadEx": 1, "RegQueryValueExW": 32, "CreateThread": 2, "RegQueryInfoKeyW": 2, "NtAllocateVirtualMemory": 354, "GetFileSize": 2, "NtMapViewOfSection": 9, "NtOpenDirectoryObject": 1, "NtCreateMutant": 5, "NtDuplicateObject": 4, "GetFileVersionInfoSizeW": 3, "RegOpenKeyExW": 38, "NtClose": 66, "SetErrorMode": 14, "GetSystemWindowsDirectoryW": 1, "NtQueryValueKey": 11, "LdrGetProcedureAddress": 152, "GetFileAttributesExW": 9}, "class": "benign", "name": "DiagramDesigner.exe"}