{"apistats": {"GetSystemInfo": 49, "IsDebuggerPresent": 2, "NtQueryDirectoryFile": 9, "NtProtectVirtualMemory": 66, "LdrLoadDll": 25, "RtlAddVectoredExceptionHandler": 1, "CryptExportKey": 6, "GetSystemTimeAsFileTime": 15, "NtOpenProcess": 4, "GetFileVersionInfoW": 3, "NtClose": 78, "NtQueryKey": 7, "NtOpenKeyEx": 8, "CryptCreateHash": 6, "NtOpenFile": 15, "GlobalMemoryStatusEx": 2, "NtQuerySystemInformation": 3, "NtOpenKey": 20, "CoInitializeEx": 2, "GetFileAttributesW": 8, "GetSystemDirectoryW": 3, "LdrUnloadDll": 4, "NtCreateSection": 8, "GetSystemWindowsDirectoryW": 1, "GetShortPathNameW": 1, "NtEnumerateValueKey": 1, "NtReadFile": 10, "CryptAcquireContextW": 1, "GetFileInformationByHandle": 4, "RegEnumValueW": 5, "CryptHashData": 6, "NtUnmapViewOfSection": 5, "NtResumeThread": 3, "RegEnumKeyExW": 58, "NtCreateFile": 19, "NtFreeVirtualMemory": 112, "NtCreateThreadEx": 1, "RegQueryValueExW": 32, "CreateThread": 2, "RegQueryInfoKeyW": 2, "NtAllocateVirtualMemory": 359, "GetFileSize": 2, "NtMapViewOfSection": 11, "NtOpenDirectoryObject": 1, "NtCreateMutant": 5, "NtDuplicateObject": 4, "GetFileVersionInfoSizeW": 3, "RegOpenKeyExW": 38, "SetUnhandledExceptionFilter": 1, "SetErrorMode": 16, "LdrGetDllHandle": 32, "NtQueryValueKey": 14, "LdrGetProcedureAddress": 157, "GetFileAttributesExW": 12}, "class": "benign", "name": "DiscreteGestureBasics-WPF.exe"}