{"apistats": {"GetSystemInfo": 69, "NtProtectVirtualMemory": 40, "LdrLoadDll": 40, "CryptExportKey": 6, "NtQueryKey": 2, "NtOpenKeyEx": 11, "CryptCreateHash": 17, "GlobalMemoryStatusEx": 2, "SearchPathW": 239, "CreateActCtxW": 2, "GetFileAttributesW": 13, "GetSystemDirectoryW": 6, "RtlAddVectoredExceptionHandler": 1, "GetNativeSystemInfo": 7, "NtEnumerateValueKey": 238, "NtReadFile": 20, "NtMapViewOfSection": 515, "CryptHashData": 17, "NtUnmapViewOfSection": 503, "NtResumeThread": 3, "RegEnumKeyExW": 57, "SHGetFolderPathW": 2, "NtCreateFile": 769, "GlobalMemoryStatus": 1, "RegOpenKeyExW": 50, "CryptAcquireContextA": 11, "GetFileAttributesExW": 28, "NtDuplicateObject": 4, "GetFileVersionInfoSizeW": 8, "GetSystemTimeAsFileTime": 4, "NtClose": 1287, "SetErrorMode": 38, "LdrGetDllHandle": 93, "RegQueryValueExW": 34, "NtCreateKey": 2, "IsDebuggerPresent": 2, "NtQueryDirectoryFile": 2, "RegCloseKey": 25, "GetSystemMetrics": 22, "NtSetValueKey": 1, "NtOpenProcess": 5, "GetFileVersionInfoW": 8, "CryptAcquireContextW": 1, "NtQuerySystemInformation": 3, "NtOpenKey": 11, "CoInitializeEx": 2, "GetFileType": 2, "NtCreateSection": 508, "GetSystemWindowsDirectoryW": 3, "GetShortPathNameW": 1, "GetFileInformationByHandle": 8, "RegEnumValueW": 3, "FindResourceExW": 1, "NtFreeVirtualMemory": 248, "NtCreateThreadEx": 1, "CreateThread": 3, "RegQueryInfoKeyW": 2, "NtAllocateVirtualMemory": 1095, "GetFileSize": 735, "NtOpenDirectoryObject": 1, "SetUnhandledExceptionFilter": 1, "NtQueryInformationFile": 732, "LdrUnloadDll": 3, "NtQueryValueKey": 15, "FindFirstFileExW": 23, "LdrGetProcedureAddress": 325, "NtCreateMutant": 5}, "class": "benign", "name": "DXDesignKeys.exe"}