{"apistats": {"GetVolumeNameForVolumeMountPointW": 2, "CoUninitialize": 1, "SHGetSpecialFolderLocation": 1, "LdrLoadDll": 3, "LoadStringW": 1, "RegCloseKey": 13, "NtUnmapViewOfSection": 6, "NtClose": 55, "NtQueryKey": 12, "NtOpenKeyEx": 12, "GlobalMemoryStatusEx": 1, "NtQuerySystemInformation": 1, "NtOpenKey": 6, "GetFileAttributesW": 2, "NtAllocateVirtualMemory": 6, "CoInitializeEx": 1, "NtDuplicateObject": 3, "GetSystemDirectoryW": 1, "GetSystemTimeAsFileTime": 4, "SetUnhandledExceptionFilter": 1, "LdrUnloadDll": 4, "GetSystemWindowsDirectoryW": 6, "NtQueryValueKey": 15, "LdrGetDllHandle": 4, "NtTerminateProcess": 3, "LdrGetProcedureAddress": 42, "GetNativeSystemInfo": 1, "GetVolumePathNamesForVolumeNameW": 6, "NtCreateMutant": 2}, "class": "benign", "name": "HaoZipCD.exe"}