{"apistats": {"GetSystemInfo": 48, "IsDebuggerPresent": 2, "NtQueryDirectoryFile": 9, "NtProtectVirtualMemory": 64, "LdrLoadDll": 25, "RegCloseKey": 21, "CryptExportKey": 4, "GetSystemTimeAsFileTime": 15, "NtOpenProcess": 4, "GetFileVersionInfoW": 2, "NtClose": 56, "NtQueryKey": 7, "NtOpenKeyEx": 8, "CryptCreateHash": 4, "NtOpenFile": 13, "GlobalMemoryStatusEx": 2, "NtQuerySystemInformation": 3, "NtOpenKey": 20, "CoInitializeEx": 2, "GetFileAttributesW": 8, "GetSystemDirectoryW": 3, "LdrUnloadDll": 4, "RtlAddVectoredExceptionHandler": 1, "NtCreateSection": 7, "GetSystemWindowsDirectoryW": 1, "GetShortPathNameW": 1, "NtEnumerateValueKey": 1, "NtReadFile": 10, "CryptAcquireContextW": 1, "GetFileInformationByHandle": 3, "RegEnumValueW": 5, "CryptHashData": 4, "NtUnmapViewOfSection": 4, "NtResumeThread": 3, "RegEnumKeyExW": 58, "NtCreateFile": 17, "NtFreeVirtualMemory": 110, "NtCreateThreadEx": 1, "RegQueryValueExW": 32, "CreateThread": 2, "RegQueryInfoKeyW": 2, "NtAllocateVirtualMemory": 359, "GetFileSize": 2, "NtMapViewOfSection": 9, "NtOpenDirectoryObject": 1, "NtCreateMutant": 5, "NtDuplicateObject": 4, "GetFileVersionInfoSizeW": 3, "RegOpenKeyExW": 36, "SetUnhandledExceptionFilter": 1, "SetErrorMode": 14, "LdrGetDllHandle": 32, "NtQueryValueKey": 14, "LdrGetProcedureAddress": 157, "GetFileAttributesExW": 9}, "class": "benign", "name": "HDFaceBasics-WPF.exe"}