{"apistats": {"GetSystemInfo": 60, "NtProtectVirtualMemory": 40, "LdrLoadDll": 32, "GetComputerNameA": 1, "CryptExportKey": 20, "NtQueryKey": 6, "NtOpenKeyEx": 16, "CryptCreateHash": 46, "GlobalMemoryStatusEx": 2, "GetFileAttributesW": 73, "GetSystemDirectoryW": 4, "RtlAddVectoredExceptionHandler": 1, "GetNativeSystemInfo": 8, "NtEnumerateValueKey": 7, "NtReadFile": 20, "NtMapViewOfSection": 18, "LoadStringW": 12, "CryptHashData": 46, "NtUnmapViewOfSection": 7, "NtResumeThread": 3, "RegEnumKeyExW": 57, "NtCreateFile": 48, "GlobalMemoryStatus": 1, "CryptAcquireContextA": 26, "GetFileAttributesExW": 25, "NtDuplicateObject": 4, "GetFileVersionInfoSizeW": 7, "RegOpenKeyExW": 56, "NtClose": 102, "SetErrorMode": 26, "LdrGetDllHandle": 65, "RegQueryValueExW": 40, "GetComputerNameW": 1, "IsDebuggerPresent": 4, "NtQueryDirectoryFile": 14, "RegCloseKey": 26, "GetSystemTimeAsFileTime": 4, "NtOpenProcess": 4, "GetFileVersionInfoW": 7, "CryptAcquireContextW": 2, "CoInitializeSecurity": 1, "NtEnumerateKey": 2, "NtQuerySystemInformation": 3, "NtOpenKey": 46, "CoInitializeEx": 2, "GetFileType": 2, "SetFilePointerEx": 20, "NtCreateSection": 13, "GetSystemWindowsDirectoryW": 2, "GetShortPathNameW": 1, "GetFileInformationByHandle": 6, "RegEnumValueW": 3, "UuidCreate": 1, "NtFreeVirtualMemory": 188, "NtCreateThreadEx": 1, "CreateThread": 3, "RegQueryInfoKeyW": 2, "NtAllocateVirtualMemory": 524, "GetFileSize": 2, "NtOpenDirectoryObject": 1, "SetUnhandledExceptionFilter": 1, "LdrUnloadDll": 3, "NtQueryValueKey": 42, "FindFirstFileExW": 25, "NtTerminateProcess": 1, "LdrGetProcedureAddress": 236, "NtQueryAttributesFile": 3, "NtCreateMutant": 5}, "class": "benign", "name": "HlpViewer.exe"}