{"apistats": {"GetSystemInfo": 44, "IsDebuggerPresent": 2, "NtQueryDirectoryFile": 9, "NtProtectVirtualMemory": 60, "LdrLoadDll": 25, "RtlAddVectoredExceptionHandler": 1, "GetSystemTimeAsFileTime": 15, "GetFileVersionInfoW": 2, "SetUnhandledExceptionFilter": 1, "NtQueryKey": 7, "NtOpenKeyEx": 8, "NtOpenProcess": 4, "NtOpenFile": 11, "GlobalMemoryStatusEx": 2, "NtQuerySystemInformation": 3, "NtOpenKey": 7, "CoInitializeEx": 2, "GetFileAttributesW": 10, "GetFileType": 6, "GetSystemDirectoryW": 3, "LdrUnloadDll": 4, "NtCreateSection": 6, "LdrGetDllHandle": 32, "GetShortPathNameW": 1, "NtReadFile": 10, "GetFileInformationByHandle": 2, "RegEnumValueW": 5, "NtUnmapViewOfSection": 3, "NtResumeThread": 3, "RegEnumKeyExW": 58, "NtCreateFile": 15, "NtFreeVirtualMemory": 114, "NtCreateThreadEx": 1, "RegQueryValueExW": 32, "CreateThread": 2, "RegQueryInfoKeyW": 2, "NtAllocateVirtualMemory": 337, "GetFileSize": 2, "NtMapViewOfSection": 7, "NtOpenDirectoryObject": 1, "NtCreateMutant": 5, "NtDuplicateObject": 3, "GetFileVersionInfoSizeW": 2, "RegOpenKeyExW": 36, "NtClose": 65, "SetErrorMode": 12, "GetSystemWindowsDirectoryW": 1, "NtQueryValueKey": 11, "LdrGetProcedureAddress": 151, "GetFileAttributesExW": 12}, "class": "benign", "name": "NEInstX64.exe"}