{"apistats": {"GetSystemInfo": 78, "NtProtectVirtualMemory": 40, "UuidCreate": 2, "CryptExportKey": 50, "NtOpenKeyEx": 9, "CryptCreateHash": 95, "GlobalMemoryStatusEx": 2, "GetFileAttributesW": 31, "LdrLoadDll": 45, "GetSystemDirectoryW": 4, "RtlAddVectoredExceptionHandler": 1, "GetNativeSystemInfo": 9, "NtEnumerateValueKey": 7, "NtReadFile": 20, "NtMapViewOfSection": 25, "LoadStringW": 4, "CryptHashData": 95, "NtUnmapViewOfSection": 11, "NtResumeThread": 3, "RegEnumKeyExW": 57, "NtCreateFile": 38, "GlobalMemoryStatus": 1, "CryptAcquireContextA": 45, "GetFileAttributesExW": 58, "NtDuplicateObject": 3, "GetFileVersionInfoSizeW": 10, "RegOpenKeyExW": 76, "NtClose": 88, "SetErrorMode": 54, "LdrGetDllHandle": 60, "RegQueryValueExW": 37, "IsDebuggerPresent": 5, "NtQueryDirectoryFile": 2, "RegCloseKey": 25, "GetSystemMetrics": 4, "NtOpenProcess": 4, "GetFileVersionInfoW": 10, "CryptAcquireContextW": 1, "NtEnumerateKey": 2, "NtQuerySystemInformation": 3, "NtOpenKey": 42, "CoInitializeEx": 2, "GetFileType": 2, "NtCreateSection": 16, "GetSystemWindowsDirectoryW": 2, "GetShortPathNameW": 1, "GetSystemTimeAsFileTime": 4, "GetFileInformationByHandle": 10, "RegEnumValueW": 3, "FindResourceExW": 2, "NtFreeVirtualMemory": 957, "NtCreateThreadEx": 1, "CreateThread": 2, "RegQueryInfoKeyW": 2, "NtAllocateVirtualMemory": 1956, "GetFileSize": 3, "NtOpenDirectoryObject": 1, "SetUnhandledExceptionFilter": 1, "LdrUnloadDll": 3, "NtQueryValueKey": 39, "LoadResource": 2, "FindFirstFileExW": 27, "LdrGetProcedureAddress": 286, "NtQueryAttributesFile": 3, "NtCreateMutant": 5}, "class": "benign", "name": "SDKBrowser.exe"}