{"apistats": {"GetSystemInfo": 45, "NtProtectVirtualMemory": 60, "LdrLoadDll": 37, "CertOpenStore": 1, "NtQueryKey": 623, "NtOpenKeyEx": 417, "NtOpenProcess": 3, "NtOpenFile": 16, "GlobalMemoryStatusEx": 1, "NtDelayExecution": 10, "CreateActCtxW": 2, "GetFileAttributesW": 15, "NtQueryValueKey": 745, "GetSystemDirectoryW": 6, "NtEnumerateValueKey": 145, "NtReadFile": 5, "NtMapViewOfSection": 21, "LoadStringW": 169, "NtUnmapViewOfSection": 18, "NtResumeThread": 3, "RegEnumKeyExW": 15, "SHGetFolderPathW": 1, "NtCreateFile": 37, "RegOpenKeyExW": 46, "GetFileAttributesExW": 1, "NtDuplicateObject": 2, "GetFileVersionInfoSizeW": 1, "GetSystemTimeAsFileTime": 28, "NtClose": 578, "SetErrorMode": 18, "LdrGetDllHandle": 64, "RegQueryValueExW": 40, "NtCreateKey": 60, "IsDebuggerPresent": 1, "SetFilePointer": 4, "NtQueryDirectoryFile": 22, "RtlAddVectoredExceptionHandler": 1, "GetSystemMetrics": 18, "NtSetValueKey": 12, "NtDeviceIoControlFile": 5, "GetFileVersionInfoW": 1, "NtEnumerateKey": 305, "NtQuerySystemInformation": 2, "NtOpenKey": 59, "CryptDecodeObjectEx": 213, "GetFileType": 9, "NtOpenMutant": 1, "NtCreateSection": 18, "GetSystemWindowsDirectoryW": 2, "GetShortPathNameW": 1, "DeviceIoControl": 1, "GetFileInformationByHandle": 2, "RegEnumValueW": 5, "NtFreeVirtualMemory": 7, "RegOpenKeyExA": 1, "CreateThread": 3, "RegQueryInfoKeyW": 3, "NtAllocateVirtualMemory": 177, "GetFileSize": 8, "NtOpenDirectoryObject": 1, "SetUnhandledExceptionFilter": 1, "LdrUnloadDll": 2, "RtlAddVectoredContinueHandler": 1, "LdrGetProcedureAddress": 284, "NtQueryAttributesFile": 5, "NtCreateMutant": 6, "NtCreateThreadEx": 1}, "class": "benign", "name": "ServiceModelReg.exe"}