{"apistats": {"GetSystemInfo": 44, "IsDebuggerPresent": 2, "NtQueryDirectoryFile": 10, "NtProtectVirtualMemory": 60, "LdrLoadDll": 25, "RegCloseKey": 21, "GetSystemTimeAsFileTime": 15, "GetFileVersionInfoW": 2, "SetUnhandledExceptionFilter": 1, "NtQueryKey": 7, "NtOpenKeyEx": 8, "NtOpenProcess": 4, "NtOpenFile": 12, "GlobalMemoryStatusEx": 2, "NtQuerySystemInformation": 3, "NtOpenKey": 11, "CoInitializeEx": 2, "NtQueryAttributesFile": 3, "GetFileType": 6, "GetSystemDirectoryW": 3, "LdrUnloadDll": 4, "RtlAddVectoredExceptionHandler": 1, "NtCreateSection": 8, "GetSystemWindowsDirectoryW": 1, "GetShortPathNameW": 1, "NtReadFile": 10, "GetFileInformationByHandle": 2, "RegEnumValueW": 5, "LoadStringW": 5, "NtUnmapViewOfSection": 3, "NtResumeThread": 3, "RegEnumKeyExW": 58, "NtCreateFile": 17, "NtFreeVirtualMemory": 210, "NtCreateThreadEx": 1, "RegQueryValueExW": 32, "CreateThread": 2, "RegQueryInfoKeyW": 2, "NtAllocateVirtualMemory": 436, "GetFileSize": 2, "NtMapViewOfSection": 9, "NtOpenDirectoryObject": 1, "NtCreateMutant": 5, "NtDuplicateObject": 3, "GetFileVersionInfoSizeW": 2, "RegOpenKeyExW": 42, "NtClose": 50, "SetErrorMode": 12, "LdrGetDllHandle": 37, "NtQueryValueKey": 14, "LdrGetProcedureAddress": 155, "GetFileAttributesW": 11, "GetFileAttributesExW": 12}, "class": "benign", "name": "TfsAdmin.exe"}