{"apistats": {"GetSystemInfo": 45, "IsDebuggerPresent": 2, "NtQueryDirectoryFile": 2, "NtProtectVirtualMemory": 40, "LdrLoadDll": 27, "RegCloseKey": 26, "GetSystemTimeAsFileTime": 7, "NtOpenKey": 766, "GetFileVersionInfoW": 2, "NtClose": 826, "NtQueryKey": 6, "NtOpenKeyEx": 16, "NtOpenProcess": 4, "GetTimeZoneInformation": 1, "CoInitializeSecurity": 1, "GlobalMemoryStatusEx": 2, "GlobalMemoryStatus": 1, "NtQuerySystemInformation": 3, "WriteConsoleA": 6, "CoInitializeEx": 2, "GetFileAttributesW": 7, "GetFileType": 7, "GetSystemDirectoryW": 4, "NtOpenSection": 2, "LdrUnloadDll": 6, "RtlRemoveVectoredExceptionHandler": 1, "NtCreateSection": 7, "GetSystemWindowsDirectoryW": 2, "GetShortPathNameW": 1, "GetNativeSystemInfo": 1, "NtEnumerateValueKey": 4, "NtReadFile": 5, "CryptAcquireContextW": 1, "GetFileInformationByHandle": 2, "RegEnumValueW": 3, "RtlAddVectoredExceptionHandler": 1, "NtUnmapViewOfSection": 6, "NtResumeThread": 3, "UuidCreate": 1, "NtCreateFile": 17, "NtFreeVirtualMemory": 67, "NtCreateThreadEx": 1, "RegQueryValueExW": 33, "CreateThread": 4, "RegQueryInfoKeyW": 2, "RegEnumKeyExW": 57, "NtAllocateVirtualMemory": 282, "GetFileSize": 2, "NtMapViewOfSection": 8, "NtOpenDirectoryObject": 1, "NtCreateMutant": 5, "NtDuplicateObject": 5, "GetFileVersionInfoSizeW": 2, "RegOpenKeyExW": 39, "SetUnhandledExceptionFilter": 2, "SetErrorMode": 12, "LdrGetDllHandle": 71, "NtQueryValueKey": 764, "FindFirstFileExW": 11, "NtTerminateProcess": 3, "LdrGetProcedureAddress": 230, "GetFileAttributesExW": 4}, "class": "benign", "name": "ToolboxCreator.exe"}