{"apistats": {"GetSystemInfo": 2, "CreateToolhelp32Snapshot": 33, "LdrLoadDll": 41, "Module32FirstW": 1, "NtQueryKey": 2, "NtOpenProcess": 1, "GlobalMemoryStatusEx": 2, "NtProtectVirtualMemory": 2, "NtDelayExecution": 1, "CreateActCtxW": 1, "GetFileAttributesW": 4, "GetSystemDirectoryW": 3, "GetNativeSystemInfo": 1, "NtMapViewOfSection": 6, "LoadStringW": 7, "NtUnmapViewOfSection": 8, "NtResumeThread": 1, "RegEnumKeyExW": 22, "CoGetClassObject": 2, "SHGetFolderPathW": 2, "NtCreateFile": 12, "RegOpenKeyExW": 73, "Process32NextW": 33, "CoCreateInstanceEx": 1, "CreateDirectoryW": 8, "NtDuplicateObject": 4, "GetFileVersionInfoSizeW": 2, "GetSystemTimeAsFileTime": 6, "NtClose": 126, "LdrGetDllHandle": 9, "RegQueryValueExW": 81, "RegEnumKeyExA": 19, "UuidCreate": 3, "RegCloseKey": 88, "GetSystemMetrics": 391, "GetFileVersionInfoW": 1, "GetComputerNameW": 1, "NtQuerySystemInformation": 1, "NtOpenKey": 29, "DrawTextExW": 47, "NtOpenMutant": 1, "NtOpenSection": 5, "GetKeyState": 30, "NtCreateSection": 1, "CoCreateInstance": 2, "RegSetValueExA": 1, "RegQueryValueExA": 39, "CoUninitialize": 2, "FindResourceExW": 11, "GetForegroundWindow": 2, "GetSystemWindowsDirectoryW": 1, "Process32FirstW": 1, "NtFreeVirtualMemory": 5, "RegOpenKeyExA": 79, "RegCreateKeyExA": 1, "CoInitializeEx": 3, "NtAllocateVirtualMemory": 38, "GetFileSize": 3, "SetUnhandledExceptionFilter": 1, "LdrUnloadDll": 17, "NtQueryValueKey": 17, "LoadResource": 9, "FindFirstFileExW": 4, "NtTerminateProcess": 3, "LdrGetProcedureAddress": 128, "NtCreateMutant": 8, "NtCreateThreadEx": 1}, "class": "benign", "name": "UnityBugReporter.exe"}