{"apistats": {"GetSystemInfo": 52, "IsDebuggerPresent": 1, "NtQueryDirectoryFile": 14, "NtProtectVirtualMemory": 60, "LdrLoadDll": 23, "RtlAddVectoredExceptionHandler": 1, "GetSystemTimeAsFileTime": 17, "GetFileVersionInfoW": 1, "NtReadFile": 10, "SetUnhandledExceptionFilter": 1, "NtQueryKey": 2, "NtOpenKeyEx": 3, "NtOpenProcess": 2, "NtOpenFile": 12, "GlobalMemoryStatusEx": 1, "NtQuerySystemInformation": 1, "NtOpenKey": 3, "CoInitializeEx": 2, "CreateActCtxW": 3, "GetFileAttributesW": 16, "GetFileType": 6, "GetSystemDirectoryW": 4, "NtOpenMutant": 1, "LdrUnloadDll": 2, "NtCreateSection": 9, "GetSystemWindowsDirectoryW": 2, "GetShortPathNameW": 1, "RtlAddVectoredContinueHandler": 1, "GetFileInformationByHandle": 2, "RegEnumValueW": 5, "LoadStringW": 4, "NtUnmapViewOfSection": 4, "NtResumeThread": 2, "RegEnumKeyExW": 15, "SHGetFolderPathW": 2, "NtCreateFile": 53, "NtFreeVirtualMemory": 198, "RegOpenKeyExA": 2, "RegQueryValueExW": 72, "CreateThread": 2, "RegQueryInfoKeyW": 3, "NtAllocateVirtualMemory": 433, "GetFileSize": 5, "NtMapViewOfSection": 10, "NtOpenDirectoryObject": 1, "NtCreateMutant": 4, "NtDuplicateObject": 1, "GetFileVersionInfoSizeW": 1, "RegOpenKeyExW": 73, "NtClose": 81, "GetFileAttributesExW": 5, "SetErrorMode": 24, "LdrGetDllHandle": 56, "NtQueryValueKey": 4, "LdrGetProcedureAddress": 184, "NtQueryAttributesFile": 3, "NtDelayExecution": 30}, "class": "benign", "name": "UnusedBytecodeStripper.exe"}