{"apistats": {"GetSystemInfo": 3, "GetFileSizeEx": 3, "LdrLoadDll": 28, "NtQueryKey": 2, "NtOpenProcess": 1, "NtOpenFile": 1, "GetTempPathW": 2, "GetKeyState": 56, "GetFileAttributesW": 12, "GetSystemDirectoryW": 8, "CreateProcessInternalW": 1, "GetNativeSystemInfo": 1, "NtEnumerateValueKey": 52, "NtReadFile": 126, "NtMapViewOfSection": 14, "NtWriteFile": 80, "LoadStringW": 14, "NtUnmapViewOfSection": 8, "RegEnumKeyExW": 36, "SHGetFolderPathW": 1, "NtCreateFile": 43, "NtSetInformationFile": 4, "RegOpenKeyExW": 112, "LdrGetDllHandle": 20, "CreateDirectoryW": 35, "NtCreateMutant": 1, "NtDuplicateObject": 3, "GetFileVersionInfoSizeW": 1, "GetSystemTimeAsFileTime": 1, "NtClose": 186, "SetErrorMode": 44, "GetSystemWindowsDirectoryW": 2, "RegQueryValueExW": 92, "SetFileTime": 32, "IsDebuggerPresent": 1, "SetFilePointer": 2, "RegCloseKey": 64, "GetSystemMetrics": 312, "GetFileVersionInfoW": 1, "NtOpenKey": 77, "CoInitializeEx": 7, "GetFileType": 3, "NtOpenMutant": 1, "NtOpenSection": 6, "SetFilePointerEx": 240, "NtCreateSection": 5, "CoCreateInstance": 9, "SetEndOfFile": 32, "RegQueryValueExA": 32, "GetFileInformationByHandle": 1, "CoUninitialize": 1, "FindResourceExW": 16, "UuidCreate": 2, "NtFreeVirtualMemory": 14, "RegOpenKeyExA": 2, "CreateThread": 3, "RegQueryInfoKeyW": 1, "DrawTextExW": 33, "NtAllocateVirtualMemory": 52, "GetFileSize": 1, "GetCursorPos": 1, "CreateActCtxW": 4, "SetUnhandledExceptionFilter": 1, "NtQueryInformationFile": 2, "LdrUnloadDll": 2, "NtQueryValueKey": 113, "LoadResource": 13, "FindFirstFileExW": 5, "LdrGetProcedureAddress": 123, "NtDelayExecution": 1}, "class": "benign", "name": "VC_redist.x64.exe"}