{"apistats": {"GetSystemInfo": 3, "GetFileSizeEx": 1, "LdrLoadDll": 7, "NtQueryKey": 2, "NtOpenProcess": 1, "NtOpenFile": 1, "GetTempPathW": 2, "CreateActCtxW": 4, "GetFileAttributesW": 12, "GetSystemDirectoryW": 4, "CreateProcessInternalW": 1, "GetNativeSystemInfo": 1, "NtEnumerateValueKey": 52, "NtReadFile": 23, "NtMapViewOfSection": 6, "NtWriteFile": 2, "LoadStringW": 5, "NtUnmapViewOfSection": 2, "GetSystemMetrics": 5, "RegEnumKeyExW": 21, "SHGetFolderPathW": 1, "NtCreateFile": 7, "NtSetInformationFile": 4, "CreateDirectoryW": 35, "NtCreateMutant": 1, "SetFileTime": 32, "GetFileVersionInfoSizeW": 1, "RegOpenKeyExW": 32, "NtClose": 39, "SetErrorMode": 44, "LdrGetDllHandle": 6, "RegQueryValueExW": 17, "NtDuplicateObject": 3, "IsDebuggerPresent": 1, "SetFilePointer": 2, "RegCloseKey": 19, "GetSystemTimeAsFileTime": 1, "GetFileVersionInfoW": 1, "GetKeyState": 56, "NtOpenKey": 6, "DrawTextExW": 33, "GetFileType": 3, "NtOpenMutant": 1, "NtOpenSection": 4, "SetFilePointerEx": 23, "NtCreateSection": 1, "CoCreateInstance": 1, "SetEndOfFile": 32, "RegQueryValueExA": 32, "GetFileInformationByHandle": 1, "CoUninitialize": 1, "FindResourceExW": 2, "UuidCreate": 2, "GetSystemWindowsDirectoryW": 1, "NtFreeVirtualMemory": 2, "RegOpenKeyExA": 2, "CreateThread": 3, "RegQueryInfoKeyW": 1, "CoInitializeEx": 5, "NtAllocateVirtualMemory": 24, "GetFileSize": 1, "GetCursorPos": 1, "SetUnhandledExceptionFilter": 1, "NtQueryInformationFile": 2, "LdrUnloadDll": 2, "NtQueryValueKey": 2, "LoadResource": 13, "FindFirstFileExW": 5, "LdrGetProcedureAddress": 27, "NtDelayExecution": 3}, "class": "benign", "name": "VC_redist.x86.exe"}