{"apistats": {"GetSystemInfo": 49, "IsDebuggerPresent": 4, "NtQueryDirectoryFile": 14, "NtProtectVirtualMemory": 40, "LdrLoadDll": 30, "RegCloseKey": 24, "GetSystemTimeAsFileTime": 4, "GetFileVersionInfoW": 2, "NtClose": 83, "NtQueryKey": 6, "NtOpenKeyEx": 16, "NtOpenProcess": 4, "CoInitializeSecurity": 1, "GlobalMemoryStatusEx": 2, "GlobalMemoryStatus": 1, "NtQuerySystemInformation": 3, "NtOpenKey": 26, "CoInitializeEx": 2, "NtQueryAttributesFile": 3, "GetFileType": 1, "GetSystemDirectoryW": 4, "SetFilePointerEx": 10, "LdrUnloadDll": 3, "GetComputerNameA": 1, "RtlAddVectoredExceptionHandler": 1, "GetSystemWindowsDirectoryW": 2, "GetShortPathNameW": 1, "GetNativeSystemInfo": 5, "NtReadFile": 15, "CryptAcquireContextW": 1, "GetFileInformationByHandle": 3, "RegEnumValueW": 3, "LoadStringW": 11, "NtUnmapViewOfSection": 4, "NtResumeThread": 3, "UuidCreate": 1, "NtCreateSection": 10, "NtCreateFile": 33, "NtFreeVirtualMemory": 183, "NtCreateThreadEx": 1, "RegQueryValueExW": 36, "CreateThread": 3, "RegQueryInfoKeyW": 2, "RegEnumKeyExW": 57, "NtAllocateVirtualMemory": 451, "GetFileSize": 2, "NtMapViewOfSection": 12, "NtOpenDirectoryObject": 1, "NtCreateMutant": 5, "NtDuplicateObject": 5, "GetFileVersionInfoSizeW": 2, "RegOpenKeyExW": 48, "SetUnhandledExceptionFilter": 1, "SetErrorMode": 18, "LdrGetDllHandle": 62, "NtQueryValueKey": 32, "FindFirstFileExW": 19, "NtTerminateProcess": 1, "LdrGetProcedureAddress": 222, "GetFileAttributesW": 70, "GetFileAttributesExW": 16, "GetComputerNameW": 1}, "class": "benign", "name": "VertGridTutorials.exe"}