{"apistats": {"GetSystemInfo": 53, "IsDebuggerPresent": 2, "NtQueryDirectoryFile": 9, "NtProtectVirtualMemory": 66, "LdrLoadDll": 25, "RtlAddVectoredExceptionHandler": 1, "CryptExportKey": 7, "GetSystemTimeAsFileTime": 15, "NtOpenProcess": 4, "GetFileVersionInfoW": 4, "NtClose": 78, "NtQueryKey": 7, "NtOpenKeyEx": 8, "CryptCreateHash": 7, "NtOpenFile": 17, "GlobalMemoryStatusEx": 2, "NtQuerySystemInformation": 3, "NtOpenKey": 20, "CoInitializeEx": 2, "GetFileAttributesW": 9, "GetSystemDirectoryW": 3, "LdrUnloadDll": 4, "NtCreateSection": 8, "GetSystemWindowsDirectoryW": 1, "GetShortPathNameW": 1, "NtEnumerateValueKey": 1, "NtReadFile": 10, "CryptAcquireContextW": 1, "GetFileInformationByHandle": 4, "RegEnumValueW": 5, "CryptHashData": 7, "NtUnmapViewOfSection": 5, "NtResumeThread": 3, "RegEnumKeyExW": 58, "NtCreateFile": 21, "NtFreeVirtualMemory": 113, "NtCreateThreadEx": 1, "RegQueryValueExW": 32, "CreateThread": 2, "RegQueryInfoKeyW": 2, "NtAllocateVirtualMemory": 389, "GetFileSize": 2, "NtMapViewOfSection": 11, "NtOpenDirectoryObject": 1, "NtCreateMutant": 5, "NtDuplicateObject": 4, "GetFileVersionInfoSizeW": 4, "RegOpenKeyExW": 40, "SetUnhandledExceptionFilter": 1, "SetErrorMode": 18, "LdrGetDllHandle": 32, "NtQueryValueKey": 14, "LdrGetProcedureAddress": 157, "GetFileAttributesExW": 14}, "class": "benign", "name": "VisualGestureBuilder.exe"}