{"apistats": {"GetSystemInfo": 44, "IsDebuggerPresent": 2, "NtQueryDirectoryFile": 10, "NtProtectVirtualMemory": 60, "LdrLoadDll": 25, "RtlAddVectoredExceptionHandler": 1, "GetSystemTimeAsFileTime": 15, "GetFileVersionInfoW": 2, "SetUnhandledExceptionFilter": 1, "NtQueryKey": 7, "NtOpenKeyEx": 8, "NtOpenProcess": 4, "NtOpenFile": 12, "GlobalMemoryStatusEx": 2, "NtQuerySystemInformation": 3, "NtOpenKey": 11, "CoInitializeEx": 2, "GetFileAttributesW": 11, "GetFileType": 6, "GetSystemDirectoryW": 3, "LdrUnloadDll": 4, "NtCreateSection": 8, "LdrGetDllHandle": 37, "GetShortPathNameW": 1, "NtReadFile": 10, "GetFileInformationByHandle": 2, "RegEnumValueW": 5, "LoadStringW": 6, "NtUnmapViewOfSection": 3, "NtResumeThread": 3, "RegEnumKeyExW": 58, "NtCreateFile": 17, "NtFreeVirtualMemory": 258, "NtCreateThreadEx": 1, "RegQueryValueExW": 32, "CreateThread": 2, "RegQueryInfoKeyW": 2, "NtAllocateVirtualMemory": 487, "GetFileSize": 2, "NtMapViewOfSection": 9, "NtOpenDirectoryObject": 1, "NtCreateMutant": 5, "NtDuplicateObject": 3, "GetFileVersionInfoSizeW": 2, "RegOpenKeyExW": 44, "NtClose": 71, "SetErrorMode": 12, "GetSystemWindowsDirectoryW": 1, "NtQueryValueKey": 14, "LdrGetProcedureAddress": 156, "NtQueryAttributesFile": 3, "GetFileAttributesExW": 12}, "class": "benign", "name": "VSPerf.exe"}