{"apistats": {"GetSystemInfo": 43, "IsDebuggerPresent": 4, "NtQueryDirectoryFile": 2, "NtProtectVirtualMemory": 34, "LdrLoadDll": 24, "RegCloseKey": 22, "GetSystemTimeAsFileTime": 4, "NtOpenKey": 11, "GetFileVersionInfoW": 2, "SetUnhandledExceptionFilter": 1, "NtOpenKeyEx": 9, "NtOpenProcess": 4, "GlobalMemoryStatusEx": 2, "GlobalMemoryStatus": 1, "NtQuerySystemInformation": 3, "WriteConsoleA": 5, "CoInitializeEx": 2, "NtQueryAttributesFile": 3, "GetFileType": 6, "GetSystemDirectoryW": 4, "SetErrorMode": 10, "GetComputerNameA": 1, "RtlAddVectoredExceptionHandler": 1, "GetSystemWindowsDirectoryW": 2, "GetShortPathNameW": 1, "GetNativeSystemInfo": 1, "NtReadFile": 10, "GetFileInformationByHandle": 2, "RegEnumValueW": 3, "LoadStringW": 11, "NtUnmapViewOfSection": 3, "NtResumeThread": 3, "RegEnumKeyExW": 57, "NtCreateSection": 8, "NtCreateFile": 21, "NtFreeVirtualMemory": 24, "NtCreateThreadEx": 1, "RegQueryValueExW": 32, "CreateThread": 2, "RegQueryInfoKeyW": 2, "NtAllocateVirtualMemory": 177, "GetFileSize": 2, "NtMapViewOfSection": 9, "NtOpenDirectoryObject": 1, "NtCreateMutant": 5, "NtDuplicateObject": 4, "GetFileVersionInfoSizeW": 2, "RegOpenKeyExW": 44, "NtClose": 50, "LdrUnloadDll": 3, "LdrGetDllHandle": 44, "NtQueryValueKey": 14, "FindFirstFileExW": 11, "NtTerminateProcess": 1, "LdrGetProcedureAddress": 168, "GetFileAttributesW": 11, "GetFileAttributesExW": 12, "GetComputerNameW": 1}, "class": "benign", "name": "VSPerfASPNetCmd.exe"}